
hw/vendor/x-heep/sw/build/main.elf:     file format elf32-littleriscv


Disassembly of section .init:

20010000 <_start>:
20010000:	dfff1197          	auipc	gp,0xdfff1
20010004:	93c18193          	addi	gp,gp,-1732 # 93c <__global_pointer$>
20010008:	dfff2117          	auipc	sp,0xdfff2
2001000c:	2c810113          	addi	sp,sp,712 # 22d0 <_sp>
20010010:	20000537          	lui	a0,0x20000
20010014:	05f5e637          	lui	a2,0x5f5e
20010018:	10060613          	addi	a2,a2,256 # 5f5e100 <_sp+0x5f5be30>
2001001c:	cd50                	sw	a2,28(a0)

2001001e <_init_bss>:
2001001e:	dfff1517          	auipc	a0,0xdfff1
20010022:	0e250513          	addi	a0,a0,226 # 1100 <dma_subsys_per>
20010026:	dfff1617          	auipc	a2,0xdfff1
2001002a:	2aa60613          	addi	a2,a2,682 # 12d0 <__BSS_END__>
2001002e:	8e09                	sub	a2,a2,a0
20010030:	4581                	li	a1,0
20010032:	164000ef          	jal	ra,20010196 <memset>
20010036:	00003517          	auipc	a0,0x3
2001003a:	52e50513          	addi	a0,a0,1326 # 20013564 <_etext>
2001003e:	00400593          	li	a1,4
20010042:	14400613          	li	a2,324
20010046:	00c5d863          	bge	a1,a2,20010056 <end_init_data>

2001004a <loop_init_data>:
2001004a:	4114                	lw	a3,0(a0)
2001004c:	c194                	sw	a3,0(a1)
2001004e:	0511                	addi	a0,a0,4
20010050:	0591                	addi	a1,a1,4
20010052:	fec5cce3          	blt	a1,a2,2001004a <loop_init_data>

20010056 <end_init_data>:
20010056:	00000517          	auipc	a0,0x0
2001005a:	0aa50513          	addi	a0,a0,170 # 20010100 <__vector_start>
2001005e:	00156513          	ori	a0,a0,1
20010062:	30551073          	csrw	mtvec,a0
20010066:	00002517          	auipc	a0,0x2
2001006a:	88c50513          	addi	a0,a0,-1908 # 200118f2 <__libc_fini_array>
2001006e:	053010ef          	jal	ra,200118c0 <atexit>
20010072:	0b3010ef          	jal	ra,20011924 <__libc_init_array>
20010076:	4502                	lw	a0,0(sp)
20010078:	004c                	addi	a1,sp,4
2001007a:	4601                	li	a2,0
2001007c:	198000ef          	jal	ra,20010214 <main>
20010080:	04b0106f          	j	200118ca <exit>

20010084 <_init>:
20010084:	478010ef          	jal	ra,200114fc <init>

20010088 <_fini>:
20010088:	8082                	ret

Disassembly of section .vectors:

20010100 <__vector_start>:
20010100:	3840106f          	j	20011484 <handler_exception>
20010104:	46a0006f          	j	2001056e <__no_irq_handler>
20010108:	4660006f          	j	2001056e <__no_irq_handler>
2001010c:	2d00106f          	j	200113dc <handler_irq_software>
20010110:	45e0006f          	j	2001056e <__no_irq_handler>
20010114:	45a0006f          	j	2001056e <__no_irq_handler>
20010118:	4560006f          	j	2001056e <__no_irq_handler>
2001011c:	2f00106f          	j	2001140c <handler_irq_timer>
20010120:	44e0006f          	j	2001056e <__no_irq_handler>
20010124:	44a0006f          	j	2001056e <__no_irq_handler>
20010128:	4460006f          	j	2001056e <__no_irq_handler>
2001012c:	6b50006f          	j	20010fe0 <handler_irq_external>
20010130:	43e0006f          	j	2001056e <__no_irq_handler>
20010134:	43a0006f          	j	2001056e <__no_irq_handler>
20010138:	4360006f          	j	2001056e <__no_irq_handler>
2001013c:	4320006f          	j	2001056e <__no_irq_handler>
20010140:	1590006f          	j	20010a98 <handler_irq_fast_timer_1>
20010144:	1a90006f          	j	20010aec <handler_irq_fast_timer_2>
20010148:	1f90006f          	j	20010b40 <handler_irq_fast_timer_3>
2001014c:	2490006f          	j	20010b94 <handler_irq_fast_dma_done>
20010150:	3450006f          	j	20010c94 <handler_irq_fast_spi>
20010154:	3950006f          	j	20010ce8 <handler_irq_fast_spi_flash>
20010158:	3e50006f          	j	20010d3c <handler_irq_fast_gpio_0>
2001015c:	4350006f          	j	20010d90 <handler_irq_fast_gpio_1>
20010160:	4850006f          	j	20010de4 <handler_irq_fast_gpio_2>
20010164:	4d50006f          	j	20010e38 <handler_irq_fast_gpio_3>
20010168:	5250006f          	j	20010e8c <handler_irq_fast_gpio_4>
2001016c:	5750006f          	j	20010ee0 <handler_irq_fast_gpio_5>
20010170:	5c90006f          	j	20010f38 <handler_irq_fast_gpio_6>
20010174:	6190006f          	j	20010f8c <handler_irq_fast_gpio_7>
20010178:	2710006f          	j	20010be8 <handler_irq_fast_dma_window>
2001017c:	2c10006f          	j	20010c3c <handler_irq_fast_external_peripheral>

Disassembly of section .text:

20010180 <memcpy>:
20010180:	832a                	mv	t1,a0
20010182:	ca09                	beqz	a2,20010194 <memcpy+0x14>
20010184:	00058383          	lb	t2,0(a1)
20010188:	00730023          	sb	t2,0(t1)
2001018c:	167d                	addi	a2,a2,-1
2001018e:	0305                	addi	t1,t1,1
20010190:	0585                	addi	a1,a1,1
20010192:	fa6d                	bnez	a2,20010184 <memcpy+0x4>
20010194:	8082                	ret

20010196 <memset>:
20010196:	832a                	mv	t1,a0
20010198:	c611                	beqz	a2,200101a4 <memset+0xe>
2001019a:	00b30023          	sb	a1,0(t1)
2001019e:	167d                	addi	a2,a2,-1
200101a0:	0305                	addi	t1,t1,1
200101a2:	fe65                	bnez	a2,2001019a <memset+0x4>
200101a4:	8082                	ret

200101a6 <__bswapsi2>:
200101a6:	01851713          	slli	a4,a0,0x18
200101aa:	01855793          	srli	a5,a0,0x18
200101ae:	66c1                	lui	a3,0x10
200101b0:	8fd9                	or	a5,a5,a4
200101b2:	f0068693          	addi	a3,a3,-256 # ff00 <_sp+0xdc30>
200101b6:	00855713          	srli	a4,a0,0x8
200101ba:	8f75                	and	a4,a4,a3
200101bc:	8fd9                	or	a5,a5,a4
200101be:	0522                	slli	a0,a0,0x8
200101c0:	00ff0737          	lui	a4,0xff0
200101c4:	8d79                	and	a0,a0,a4
200101c6:	8d5d                	or	a0,a0,a5
200101c8:	8082                	ret

200101ca <fic_irq_ext_peripheral>:
200101ca:	6785                	lui	a5,0x1
200101cc:	4705                	li	a4,1
200101ce:	2ae78e23          	sb	a4,700(a5) # 12bc <xmss_finished>
200101d2:	200707b7          	lui	a5,0x20070
200101d6:	4709                	li	a4,2
200101d8:	c398                	sw	a4,0(a5)
200101da:	8082                	ret

200101dc <secure_halt>:
200101dc:	1141                	addi	sp,sp,-16
200101de:	c422                	sw	s0,8(sp)
200101e0:	842a                	mv	s0,a0
200101e2:	20013537          	lui	a0,0x20013
200101e6:	dac50513          	addi	a0,a0,-596 # 20012dac <_read_r+0x84>
200101ea:	c606                	sw	ra,12(sp)
200101ec:	279010ef          	jal	ra,20011c64 <puts>
200101f0:	20013537          	lui	a0,0x20013
200101f4:	85a2                	mv	a1,s0
200101f6:	dd850513          	addi	a0,a0,-552 # 20012dd8 <_read_r+0xb0>
200101fa:	125010ef          	jal	ra,20011b1e <iprintf>
200101fe:	20013537          	lui	a0,0x20013
20010202:	df450513          	addi	a0,a0,-524 # 20012df4 <_read_r+0xcc>
20010206:	25f010ef          	jal	ra,20011c64 <puts>
2001020a:	10500073          	wfi
2001020e:	10500073          	wfi
20010212:	bfe5                	j	2001020a <secure_halt+0x2e>

20010214 <main>:
20010214:	20013537          	lui	a0,0x20013
20010218:	7135                	addi	sp,sp,-160
2001021a:	e2850513          	addi	a0,a0,-472 # 20012e28 <_read_r+0x100>
2001021e:	cf06                	sw	ra,156(sp)
20010220:	cd22                	sw	s0,152(sp)
20010222:	cb26                	sw	s1,148(sp)
20010224:	c94a                	sw	s2,144(sp)
20010226:	c74e                	sw	s3,140(sp)
20010228:	c552                	sw	s4,136(sp)
2001022a:	c356                	sw	s5,132(sp)
2001022c:	c15a                	sw	s6,128(sp)
2001022e:	dede                	sw	s7,124(sp)
20010230:	dce2                	sw	s8,120(sp)
20010232:	dae6                	sw	s9,116(sp)
20010234:	231010ef          	jal	ra,20011c64 <puts>
20010238:	20013537          	lui	a0,0x20013
2001023c:	e5050513          	addi	a0,a0,-432 # 20012e50 <_read_r+0x128>
20010240:	225010ef          	jal	ra,20011c64 <puts>
20010244:	20013537          	lui	a0,0x20013
20010248:	e7850513          	addi	a0,a0,-392 # 20012e78 <_read_r+0x150>
2001024c:	219010ef          	jal	ra,20011c64 <puts>
20010250:	4585                	li	a1,1
20010252:	453d                	li	a0,15
20010254:	023000ef          	jal	ra,20010a76 <enable_fast_interrupt>
20010258:	47a1                	li	a5,8
2001025a:	3007a073          	csrs	mstatus,a5
2001025e:	800007b7          	lui	a5,0x80000
20010262:	3047a073          	csrs	mie,a5
20010266:	20013537          	lui	a0,0x20013
2001026a:	ea050513          	addi	a0,a0,-352 # 20012ea0 <_read_r+0x178>
2001026e:	1f7010ef          	jal	ra,20011c64 <puts>
20010272:	20020537          	lui	a0,0x20020
20010276:	21ed                	jal	20010760 <w25q128jw_init>
20010278:	c511                	beqz	a0,20010284 <main+0x70>
2001027a:	20013537          	lui	a0,0x20013
2001027e:	ed050513          	addi	a0,a0,-304 # 20012ed0 <_read_r+0x1a8>
20010282:	3fa9                	jal	200101dc <secure_halt>
20010284:	4611                	li	a2,4
20010286:	006c                	addi	a1,sp,12
20010288:	6541                	lui	a0,0x10
2001028a:	c602                	sw	zero,12(sp)
2001028c:	258d                	jal	200108ee <w25q128jw_read_quad>
2001028e:	c511                	beqz	a0,2001029a <main+0x86>
20010290:	20013537          	lui	a0,0x20013
20010294:	ef850513          	addi	a0,a0,-264 # 20012ef8 <_read_r+0x1d0>
20010298:	3791                	jal	200101dc <secure_halt>
2001029a:	45b2                	lw	a1,12(sp)
2001029c:	20013537          	lui	a0,0x20013
200102a0:	f2c50513          	addi	a0,a0,-212 # 20012f2c <_read_r+0x204>
200102a4:	07b010ef          	jal	ra,20011b1e <iprintf>
200102a8:	20013537          	lui	a0,0x20013
200102ac:	f6c50513          	addi	a0,a0,-148 # 20012f6c <_read_r+0x244>
200102b0:	1b5010ef          	jal	ra,20011c64 <puts>
200102b4:	4632                	lw	a2,12(sp)
200102b6:	6541                	lui	a0,0x10
200102b8:	65e1                	lui	a1,0x18
200102ba:	0511                	addi	a0,a0,4 # 10004 <_sp+0xdd34>
200102bc:	2d0d                	jal	200108ee <w25q128jw_read_quad>
200102be:	1a051463          	bnez	a0,20010466 <main+0x252>
200102c2:	20013537          	lui	a0,0x20013
200102c6:	fe450513          	addi	a0,a0,-28 # 20012fe4 <_read_r+0x2bc>
200102ca:	19b010ef          	jal	ra,20011c64 <puts>
200102ce:	20013537          	lui	a0,0x20013
200102d2:	00850513          	addi	a0,a0,8 # 20013008 <_read_r+0x2e0>
200102d6:	6461                	lui	s0,0x18
200102d8:	18d010ef          	jal	ra,20011c64 <puts>
200102dc:	20013937          	lui	s2,0x20013
200102e0:	01040493          	addi	s1,s0,16 # 18010 <_sp+0x15d40>
200102e4:	00044583          	lbu	a1,0(s0)
200102e8:	04490513          	addi	a0,s2,68 # 20013044 <_read_r+0x31c>
200102ec:	0405                	addi	s0,s0,1
200102ee:	031010ef          	jal	ra,20011b1e <iprintf>
200102f2:	fe9419e3          	bne	s0,s1,200102e4 <main+0xd0>
200102f6:	20013537          	lui	a0,0x20013
200102fa:	34850513          	addi	a0,a0,840 # 20013348 <_read_r+0x620>
200102fe:	167010ef          	jal	ra,20011c64 <puts>
20010302:	20013537          	lui	a0,0x20013
20010306:	04c50513          	addi	a0,a0,76 # 2001304c <_read_r+0x324>
2001030a:	15b010ef          	jal	ra,20011c64 <puts>
2001030e:	200707b7          	lui	a5,0x20070
20010312:	6761                	lui	a4,0x18
20010314:	cf98                	sw	a4,24(a5)
20010316:	22000713          	li	a4,544
2001031a:	cbd8                	sw	a4,20(a5)
2001031c:	6b85                	lui	s7,0x1
2001031e:	2a0b8e23          	sb	zero,700(s7) # 12bc <xmss_finished>
20010322:	4711                	li	a4,4
20010324:	c398                	sw	a4,0(a5)
20010326:	2bcbc783          	lbu	a5,700(s7)
2001032a:	ef91                	bnez	a5,20010346 <main+0x132>
2001032c:	47a1                	li	a5,8
2001032e:	3007b073          	csrc	mstatus,a5
20010332:	2bcbc703          	lbu	a4,700(s7)
20010336:	e319                	bnez	a4,2001033c <main+0x128>
20010338:	10500073          	wfi
2001033c:	3007a073          	csrs	mstatus,a5
20010340:	2bcbc703          	lbu	a4,700(s7)
20010344:	d76d                	beqz	a4,2001032e <main+0x11a>
20010346:	20070837          	lui	a6,0x20070
2001034a:	dff90eb7          	lui	t4,0xdff90
2001034e:	7e41                	lui	t3,0xffff0
20010350:	ff010337          	lui	t1,0xff010
20010354:	010008b7          	lui	a7,0x1000
20010358:	02080593          	addi	a1,a6,32 # 20070020 <_etext+0x5cabc>
2001035c:	1e81                	addi	t4,t4,-32 # dff8ffe0 <_etext+0xbff7ca7c>
2001035e:	0ffe0e13          	addi	t3,t3,255 # ffff00ff <_etext+0xdffdcb9b>
20010362:	137d                	addi	t1,t1,-1 # ff00ffff <_etext+0xdeffca9b>
20010364:	18fd                	addi	a7,a7,-1 # ffffff <_sp+0xffdd2f>
20010366:	04080813          	addi	a6,a6,64
2001036a:	4198                	lw	a4,0(a1)
2001036c:	01d58533          	add	a0,a1,t4
20010370:	081c                	addi	a5,sp,16
20010372:	01075613          	srli	a2,a4,0x10
20010376:	953e                	add	a0,a0,a5
20010378:	0ff67613          	zext.b	a2,a2
2001037c:	01875793          	srli	a5,a4,0x18
20010380:	00875693          	srli	a3,a4,0x8
20010384:	0622                	slli	a2,a2,0x8
20010386:	01c7f7b3          	and	a5,a5,t3
2001038a:	8fd1                	or	a5,a5,a2
2001038c:	0ff6f693          	zext.b	a3,a3
20010390:	06c2                	slli	a3,a3,0x10
20010392:	0067f7b3          	and	a5,a5,t1
20010396:	8fd5                	or	a5,a5,a3
20010398:	0762                	slli	a4,a4,0x18
2001039a:	0117f7b3          	and	a5,a5,a7
2001039e:	8fd9                	or	a5,a5,a4
200103a0:	c11c                	sw	a5,0(a0)
200103a2:	0591                	addi	a1,a1,4 # 18004 <_sp+0x15d34>
200103a4:	fd0593e3          	bne	a1,a6,2001036a <main+0x156>
200103a8:	200137b7          	lui	a5,0x20013
200103ac:	d5c78793          	addi	a5,a5,-676 # 20012d5c <_read_r+0x34>
200103b0:	0007a303          	lw	t1,0(a5)
200103b4:	0047a883          	lw	a7,4(a5)
200103b8:	0087a803          	lw	a6,8(a5)
200103bc:	47cc                	lw	a1,12(a5)
200103be:	4b90                	lw	a2,16(a5)
200103c0:	4bd4                	lw	a3,20(a5)
200103c2:	4f98                	lw	a4,24(a5)
200103c4:	4fdc                	lw	a5,28(a5)
200103c6:	20013537          	lui	a0,0x20013
200103ca:	05010c93          	addi	s9,sp,80
200103ce:	09850513          	addi	a0,a0,152 # 20013098 <_read_r+0x370>
200103d2:	7941                	lui	s2,0xffff0
200103d4:	ff0104b7          	lui	s1,0xff010
200103d8:	01000437          	lui	s0,0x1000
200103dc:	d81a                	sw	t1,48(sp)
200103de:	da46                	sw	a7,52(sp)
200103e0:	dc42                	sw	a6,56(sp)
200103e2:	de2e                	sw	a1,60(sp)
200103e4:	c0b2                	sw	a2,64(sp)
200103e6:	c2b6                	sw	a3,68(sp)
200103e8:	c4ba                	sw	a4,72(sp)
200103ea:	c6be                	sw	a5,76(sp)
200103ec:	03010c13          	addi	s8,sp,48
200103f0:	075010ef          	jal	ra,20011c64 <puts>
200103f4:	8ae6                	mv	s5,s9
200103f6:	8a66                	mv	s4,s9
200103f8:	200139b7          	lui	s3,0x20013
200103fc:	0ff90913          	addi	s2,s2,255 # ffff00ff <_etext+0xdffdcb9b>
20010400:	14fd                	addi	s1,s1,-1 # ff00ffff <_etext+0xdeffca9b>
20010402:	147d                	addi	s0,s0,-1 # ffffff <_sp+0xffdd2f>
20010404:	000c2b03          	lw	s6,0(s8)
20010408:	0bc98513          	addi	a0,s3,188 # 200130bc <_read_r+0x394>
2001040c:	0c11                	addi	s8,s8,4
2001040e:	85da                	mv	a1,s6
20010410:	70e010ef          	jal	ra,20011b1e <iprintf>
20010414:	010b5693          	srli	a3,s6,0x10
20010418:	018b5793          	srli	a5,s6,0x18
2001041c:	0ff6f693          	zext.b	a3,a3
20010420:	008b5713          	srli	a4,s6,0x8
20010424:	06a2                	slli	a3,a3,0x8
20010426:	0127f7b3          	and	a5,a5,s2
2001042a:	8fd5                	or	a5,a5,a3
2001042c:	0ff77713          	zext.b	a4,a4
20010430:	0742                	slli	a4,a4,0x10
20010432:	8fe5                	and	a5,a5,s1
20010434:	8fd9                	or	a5,a5,a4
20010436:	0b62                	slli	s6,s6,0x18
20010438:	8fe1                	and	a5,a5,s0
2001043a:	0167e7b3          	or	a5,a5,s6
2001043e:	00fca023          	sw	a5,0(s9)
20010442:	0c91                	addi	s9,s9,4
20010444:	fd4c10e3          	bne	s8,s4,20010404 <main+0x1f0>
20010448:	4529                	li	a0,10
2001044a:	70e010ef          	jal	ra,20011b58 <putchar>
2001044e:	02000613          	li	a2,32
20010452:	85d6                	mv	a1,s5
20010454:	0808                	addi	a0,sp,16
20010456:	524010ef          	jal	ra,2001197a <memcmp>
2001045a:	c919                	beqz	a0,20010470 <main+0x25c>
2001045c:	20013537          	lui	a0,0x20013
20010460:	0c450513          	addi	a0,a0,196 # 200130c4 <_read_r+0x39c>
20010464:	3ba5                	jal	200101dc <secure_halt>
20010466:	20013537          	lui	a0,0x20013
2001046a:	fb850513          	addi	a0,a0,-72 # 20012fb8 <_read_r+0x290>
2001046e:	33bd                	jal	200101dc <secure_halt>
20010470:	20013537          	lui	a0,0x20013
20010474:	11c50513          	addi	a0,a0,284 # 2001311c <_read_r+0x3f4>
20010478:	7ec010ef          	jal	ra,20011c64 <puts>
2001047c:	44b2                	lw	s1,12(sp)
2001047e:	20013537          	lui	a0,0x20013
20010482:	77fd                	lui	a5,0xfffff
20010484:	d1c78793          	addi	a5,a5,-740 # ffffed1c <_etext+0xdffeb7b8>
20010488:	14c50513          	addi	a0,a0,332 # 2001314c <_read_r+0x424>
2001048c:	94be                	add	s1,s1,a5
2001048e:	7d6010ef          	jal	ra,20011c64 <puts>
20010492:	67e1                	lui	a5,0x18
20010494:	20070437          	lui	s0,0x20070
20010498:	04478793          	addi	a5,a5,68 # 18044 <_sp+0x15d74>
2001049c:	c41c                	sw	a5,8(s0)
2001049e:	67e5                	lui	a5,0x19
200104a0:	2e478793          	addi	a5,a5,740 # 192e4 <_sp+0x17014>
200104a4:	c81c                	sw	a5,16(s0)
200104a6:	20013537          	lui	a0,0x20013
200104aa:	00349793          	slli	a5,s1,0x3
200104ae:	c85c                	sw	a5,20(s0)
200104b0:	19050513          	addi	a0,a0,400 # 20013190 <_read_r+0x468>
200104b4:	7b0010ef          	jal	ra,20011c64 <puts>
200104b8:	4785                	li	a5,1
200104ba:	2a0b8e23          	sb	zero,700(s7)
200104be:	c01c                	sw	a5,0(s0)
200104c0:	4721                	li	a4,8
200104c2:	a811                	j	200104d6 <main+0x2c2>
200104c4:	30073073          	csrc	mstatus,a4
200104c8:	2bcbc783          	lbu	a5,700(s7)
200104cc:	e399                	bnez	a5,200104d2 <main+0x2be>
200104ce:	10500073          	wfi
200104d2:	30072073          	csrs	mstatus,a4
200104d6:	2bcbc783          	lbu	a5,700(s7)
200104da:	d7ed                	beqz	a5,200104c4 <main+0x2b0>
200104dc:	200707b7          	lui	a5,0x20070
200104e0:	43d8                	lw	a4,4(a5)
200104e2:	6791                	lui	a5,0x4
200104e4:	c5a78793          	addi	a5,a5,-934 # 3c5a <_sp+0x198a>
200104e8:	0742                	slli	a4,a4,0x10
200104ea:	8341                	srli	a4,a4,0x10
200104ec:	00f70763          	beq	a4,a5,200104fa <main+0x2e6>
200104f0:	20013537          	lui	a0,0x20013
200104f4:	1c850513          	addi	a0,a0,456 # 200131c8 <_read_r+0x4a0>
200104f8:	31d5                	jal	200101dc <secure_halt>
200104fa:	20013537          	lui	a0,0x20013
200104fe:	1f050513          	addi	a0,a0,496 # 200131f0 <_read_r+0x4c8>
20010502:	762010ef          	jal	ra,20011c64 <puts>
20010506:	47a1                	li	a5,8
20010508:	3007b073          	csrc	mstatus,a5
2001050c:	800007b7          	lui	a5,0x80000
20010510:	3047b073          	csrc	mie,a5
20010514:	4581                	li	a1,0
20010516:	453d                	li	a0,15
20010518:	2bb9                	jal	20010a76 <enable_fast_interrupt>
2001051a:	20013537          	lui	a0,0x20013
2001051e:	65e1                	lui	a1,0x18
20010520:	22450513          	addi	a0,a0,548 # 20013224 <_read_r+0x4fc>
20010524:	5fa010ef          	jal	ra,20011b1e <iprintf>
20010528:	65e5                	lui	a1,0x19
2001052a:	8626                	mv	a2,s1
2001052c:	2e458593          	addi	a1,a1,740 # 192e4 <_sp+0x17014>
20010530:	6561                	lui	a0,0x18
20010532:	31b9                	jal	20010180 <memcpy>
20010534:	20013537          	lui	a0,0x20013
20010538:	26c50513          	addi	a0,a0,620 # 2001326c <_read_r+0x544>
2001053c:	728010ef          	jal	ra,20011c64 <puts>
20010540:	20013537          	lui	a0,0x20013
20010544:	2a050513          	addi	a0,a0,672 # 200132a0 <_read_r+0x578>
20010548:	71c010ef          	jal	ra,20011c64 <puts>
2001054c:	0000100f          	fence.i
20010550:	20013537          	lui	a0,0x20013
20010554:	2d050513          	addi	a0,a0,720 # 200132d0 <_read_r+0x5a8>
20010558:	70c010ef          	jal	ra,20011c64 <puts>
2001055c:	67e1                	lui	a5,0x18
2001055e:	18078793          	addi	a5,a5,384 # 18180 <_sp+0x15eb0>
20010562:	9782                	jalr	a5
20010564:	10500073          	wfi
20010568:	10500073          	wfi
2001056c:	bfe5                	j	20010564 <main+0x350>

2001056e <__no_irq_handler>:
2001056e:	0000006f          	j	2001056e <__no_irq_handler>

20010572 <flash_write_enable>:
20010572:	1141                	addi	sp,sp,-16
20010574:	c422                	sw	s0,8(sp)
20010576:	14400413          	li	s0,324
2001057a:	4008                	lw	a0,0(s0)
2001057c:	4599                	li	a1,6
2001057e:	c606                	sw	ra,12(sp)
20010580:	45b000ef          	jal	ra,200111da <spi_write_word>
20010584:	4008                	lw	a0,0(s0)
20010586:	100005b7          	lui	a1,0x10000
2001058a:	413000ef          	jal	ra,2001119c <spi_set_command>
2001058e:	4018                	lw	a4,0(s0)
20010590:	c701                	beqz	a4,20010598 <flash_write_enable+0x26>
20010592:	4b5c                	lw	a5,20(a4)
20010594:	fe07dfe3          	bgez	a5,20010592 <flash_write_enable+0x20>
20010598:	40b2                	lw	ra,12(sp)
2001059a:	4422                	lw	s0,8(sp)
2001059c:	0141                	addi	sp,sp,16
2001059e:	8082                	ret

200105a0 <flash_wait>:
200105a0:	1101                	addi	sp,sp,-32
200105a2:	ca26                	sw	s1,20(sp)
200105a4:	14400493          	li	s1,324
200105a8:	4088                	lw	a0,0(s1)
200105aa:	4585                	li	a1,1
200105ac:	cc22                	sw	s0,24(sp)
200105ae:	ce06                	sw	ra,28(sp)
200105b0:	39b000ef          	jal	ra,2001114a <spi_set_rx_watermark>
200105b4:	57fd                	li	a5,-1
200105b6:	c63e                	sw	a5,12(sp)
200105b8:	00100437          	lui	s0,0x100
200105bc:	4088                	lw	a0,0(s1)
200105be:	4595                	li	a1,5
200105c0:	41b000ef          	jal	ra,200111da <spi_write_word>
200105c4:	4088                	lw	a0,0(s1)
200105c6:	110005b7          	lui	a1,0x11000
200105ca:	3d3000ef          	jal	ra,2001119c <spi_set_command>
200105ce:	4088                	lw	a0,0(s1)
200105d0:	c501                	beqz	a0,200105d8 <flash_wait+0x38>
200105d2:	495c                	lw	a5,20(a0)
200105d4:	fe07dfe3          	bgez	a5,200105d2 <flash_wait+0x32>
200105d8:	080005b7          	lui	a1,0x8000
200105dc:	3c1000ef          	jal	ra,2001119c <spi_set_command>
200105e0:	4088                	lw	a0,0(s1)
200105e2:	c519                	beqz	a0,200105f0 <flash_wait+0x50>
200105e4:	495c                	lw	a5,20(a0)
200105e6:	fe07dfe3          	bgez	a5,200105e4 <flash_wait+0x44>
200105ea:	495c                	lw	a5,20(a0)
200105ec:	8fe1                	and	a5,a5,s0
200105ee:	dff5                	beqz	a5,200105ea <flash_wait+0x4a>
200105f0:	006c                	addi	a1,sp,12
200105f2:	409000ef          	jal	ra,200111fa <spi_read_word>
200105f6:	00c14783          	lbu	a5,12(sp)
200105fa:	8b85                	andi	a5,a5,1
200105fc:	f3e1                	bnez	a5,200105bc <flash_wait+0x1c>
200105fe:	40f2                	lw	ra,28(sp)
20010600:	4462                	lw	s0,24(sp)
20010602:	44d2                	lw	s1,20(sp)
20010604:	6105                	addi	sp,sp,32
20010606:	8082                	ret

20010608 <w25q128jw_read_quad.part.0>:
20010608:	715d                	addi	sp,sp,-80
2001060a:	c2a6                	sw	s1,68(sp)
2001060c:	14400493          	li	s1,324
20010610:	c0ca                	sw	s2,64(sp)
20010612:	892a                	mv	s2,a0
20010614:	4088                	lw	a0,0(s1)
20010616:	d462                	sw	s8,40(sp)
20010618:	8c2e                	mv	s8,a1
2001061a:	0eb00593          	li	a1,235
2001061e:	c686                	sw	ra,76(sp)
20010620:	c4a2                	sw	s0,72(sp)
20010622:	d06a                	sw	s10,32(sp)
20010624:	de4e                	sw	s3,60(sp)
20010626:	8d32                	mv	s10,a2
20010628:	dc52                	sw	s4,56(sp)
2001062a:	da56                	sw	s5,52(sp)
2001062c:	d85a                	sw	s6,48(sp)
2001062e:	d65e                	sw	s7,44(sp)
20010630:	d266                	sw	s9,36(sp)
20010632:	ce6e                	sw	s11,28(sp)
20010634:	3a7000ef          	jal	ra,200111da <spi_write_word>
20010638:	4088                	lw	a0,0(s1)
2001063a:	110005b7          	lui	a1,0x11000
2001063e:	35f000ef          	jal	ra,2001119c <spi_set_command>
20010642:	4080                	lw	s0,0(s1)
20010644:	c401                	beqz	s0,2001064c <w25q128jw_read_quad.part.0+0x44>
20010646:	485c                	lw	a5,20(s0)
20010648:	fe07dfe3          	bgez	a5,20010646 <w25q128jw_read_quad.part.0+0x3e>
2001064c:	854a                	mv	a0,s2
2001064e:	3ea1                	jal	200101a6 <__bswapsi2>
20010650:	8121                	srli	a0,a0,0x8
20010652:	ff0005b7          	lui	a1,0xff000
20010656:	8dc9                	or	a1,a1,a0
20010658:	8522                	mv	a0,s0
2001065a:	381000ef          	jal	ra,200111da <spi_write_word>
2001065e:	4088                	lw	a0,0(s1)
20010660:	150005b7          	lui	a1,0x15000
20010664:	058d                	addi	a1,a1,3 # 15000003 <_sp+0x14ffdd33>
20010666:	337000ef          	jal	ra,2001119c <spi_set_command>
2001066a:	4088                	lw	a0,0(s1)
2001066c:	c501                	beqz	a0,20010674 <w25q128jw_read_quad.part.0+0x6c>
2001066e:	495c                	lw	a5,20(a0)
20010670:	fe07dfe3          	bgez	a5,2001066e <w25q128jw_read_quad.part.0+0x66>
20010674:	050005b7          	lui	a1,0x5000
20010678:	058d                	addi	a1,a1,3 # 5000003 <_sp+0x4ffdd33>
2001067a:	323000ef          	jal	ra,2001119c <spi_set_command>
2001067e:	4088                	lw	a0,0(s1)
20010680:	c501                	beqz	a0,20010688 <w25q128jw_read_quad.part.0+0x80>
20010682:	495c                	lw	a5,20(a0)
20010684:	fe07dfe3          	bgez	a5,20010682 <w25q128jw_read_quad.part.0+0x7a>
20010688:	fffd0793          	addi	a5,s10,-1
2001068c:	07a2                	slli	a5,a5,0x8
2001068e:	83a1                	srli	a5,a5,0x8
20010690:	0c0005b7          	lui	a1,0xc000
20010694:	8ddd                	or	a1,a1,a5
20010696:	307000ef          	jal	ra,2001119c <spi_set_command>
2001069a:	4088                	lw	a0,0(s1)
2001069c:	c501                	beqz	a0,200106a4 <w25q128jw_read_quad.part.0+0x9c>
2001069e:	495c                	lw	a5,20(a0)
200106a0:	fe07dfe3          	bgez	a5,2001069e <w25q128jw_read_quad.part.0+0x96>
200106a4:	89ea                	mv	s3,s10
200106a6:	03f00c93          	li	s9,63
200106aa:	8b62                	mv	s6,s8
200106ac:	4a01                	li	s4,0
200106ae:	4a81                	li	s5,0
200106b0:	00100937          	lui	s2,0x100
200106b4:	053ced63          	bltu	s9,s3,2001070e <w25q128jw_read_quad.part.0+0x106>
200106b8:	0029d593          	srli	a1,s3,0x2
200106bc:	0039f793          	andi	a5,s3,3
200106c0:	0ff5f593          	zext.b	a1,a1
200106c4:	c781                	beqz	a5,200106cc <w25q128jw_read_quad.part.0+0xc4>
200106c6:	0585                	addi	a1,a1,1 # c000001 <_sp+0xbffdd31>
200106c8:	0ff5f593          	zext.b	a1,a1
200106cc:	27f000ef          	jal	ra,2001114a <spi_set_rx_watermark>
200106d0:	9ace                	add	s5,s5,s3
200106d2:	4b81                	li	s7,0
200106d4:	4088                	lw	a0,0(s1)
200106d6:	c509                	beqz	a0,200106e0 <w25q128jw_read_quad.part.0+0xd8>
200106d8:	495c                	lw	a5,20(a0)
200106da:	0127f7b3          	and	a5,a5,s2
200106de:	dfed                	beqz	a5,200106d8 <w25q128jw_read_quad.part.0+0xd0>
200106e0:	402add93          	srai	s11,s5,0x2
200106e4:	01ba5d63          	bge	s4,s11,200106fe <w25q128jw_read_quad.part.0+0xf6>
200106e8:	0d8a                	slli	s11,s11,0x2
200106ea:	9de2                	add	s11,s11,s8
200106ec:	845a                	mv	s0,s6
200106ee:	a011                	j	200106f2 <w25q128jw_read_quad.part.0+0xea>
200106f0:	4088                	lw	a0,0(s1)
200106f2:	85a2                	mv	a1,s0
200106f4:	0411                	addi	s0,s0,4 # 100004 <_sp+0xfdd34>
200106f6:	305000ef          	jal	ra,200111fa <spi_read_word>
200106fa:	fe8d9be3          	bne	s11,s0,200106f0 <w25q128jw_read_quad.part.0+0xe8>
200106fe:	0a41                	addi	s4,s4,16
20010700:	040b0b13          	addi	s6,s6,64
20010704:	000b8e63          	beqz	s7,20010720 <w25q128jw_read_quad.part.0+0x118>
20010708:	4088                	lw	a0,0(s1)
2001070a:	fb3cf7e3          	bgeu	s9,s3,200106b8 <w25q128jw_read_quad.part.0+0xb0>
2001070e:	45c1                	li	a1,16
20010710:	23b000ef          	jal	ra,2001114a <spi_set_rx_watermark>
20010714:	fc098993          	addi	s3,s3,-64
20010718:	040a8a93          	addi	s5,s5,64
2001071c:	4b85                	li	s7,1
2001071e:	bf5d                	j	200106d4 <w25q128jw_read_quad.part.0+0xcc>
20010720:	003d7793          	andi	a5,s10,3
20010724:	e38d                	bnez	a5,20010746 <w25q128jw_read_quad.part.0+0x13e>
20010726:	40b6                	lw	ra,76(sp)
20010728:	4426                	lw	s0,72(sp)
2001072a:	4496                	lw	s1,68(sp)
2001072c:	4906                	lw	s2,64(sp)
2001072e:	59f2                	lw	s3,60(sp)
20010730:	5a62                	lw	s4,56(sp)
20010732:	5ad2                	lw	s5,52(sp)
20010734:	5b42                	lw	s6,48(sp)
20010736:	5bb2                	lw	s7,44(sp)
20010738:	5c22                	lw	s8,40(sp)
2001073a:	5c92                	lw	s9,36(sp)
2001073c:	5d02                	lw	s10,32(sp)
2001073e:	4df2                	lw	s11,28(sp)
20010740:	4501                	li	a0,0
20010742:	6161                	addi	sp,sp,80
20010744:	8082                	ret
20010746:	4088                	lw	a0,0(s1)
20010748:	006c                	addi	a1,sp,12
2001074a:	c602                	sw	zero,12(sp)
2001074c:	2af000ef          	jal	ra,200111fa <spi_read_word>
20010750:	ffcd7513          	andi	a0,s10,-4
20010754:	0039f613          	andi	a2,s3,3
20010758:	006c                	addi	a1,sp,12
2001075a:	9562                	add	a0,a0,s8
2001075c:	3415                	jal	20010180 <memcpy>
2001075e:	b7e1                	j	20010726 <w25q128jw_read_quad.part.0+0x11e>

20010760 <w25q128jw_init>:
20010760:	1101                	addi	sp,sp,-32
20010762:	ca26                	sw	s1,20(sp)
20010764:	200004b7          	lui	s1,0x20000
20010768:	48d4                	lw	a3,20(s1)
2001076a:	ce06                	sw	ra,28(sp)
2001076c:	cc22                	sw	s0,24(sp)
2001076e:	4705                	li	a4,1
20010770:	14e68563          	beq	a3,a4,200108ba <w25q128jw_init+0x15a>
20010774:	87aa                	mv	a5,a0
20010776:	14400413          	li	s0,324
2001077a:	20000537          	lui	a0,0x20000
2001077e:	c01c                	sw	a5,0(s0)
20010780:	0e5000ef          	jal	ra,20011064 <soc_ctrl_select_spi_host>
20010784:	4008                	lw	a0,0(s0)
20010786:	4585                	li	a1,1
20010788:	185000ef          	jal	ra,2001110c <spi_set_enable>
2001078c:	4008                	lw	a0,0(s0)
2001078e:	4585                	li	a1,1
20010790:	2b5000ef          	jal	ra,20011244 <spi_output_enable>
20010794:	4cd8                	lw	a4,28(s1)
20010796:	0fdad7b7          	lui	a5,0xfdad
2001079a:	68178793          	addi	a5,a5,1665 # fdad681 <_sp+0xfdab3b1>
2001079e:	0fff0637          	lui	a2,0xfff0
200107a2:	12e7e263          	bltu	a5,a4,200108c6 <w25q128jw_init+0x166>
200107a6:	4008                	lw	a0,0(s0)
200107a8:	4581                	li	a1,0
200107aa:	1c1000ef          	jal	ra,2001116a <spi_set_configopts>
200107ae:	4008                	lw	a0,0(s0)
200107b0:	4581                	li	a1,0
200107b2:	1d5000ef          	jal	ra,20011186 <spi_set_csid>
200107b6:	4008                	lw	a0,0(s0)
200107b8:	0ab00593          	li	a1,171
200107bc:	21f000ef          	jal	ra,200111da <spi_write_word>
200107c0:	4008                	lw	a0,0(s0)
200107c2:	c501                	beqz	a0,200107ca <w25q128jw_init+0x6a>
200107c4:	495c                	lw	a5,20(a0)
200107c6:	fe07dfe3          	bgez	a5,200107c4 <w25q128jw_init+0x64>
200107ca:	100005b7          	lui	a1,0x10000
200107ce:	1cf000ef          	jal	ra,2001119c <spi_set_command>
200107d2:	4008                	lw	a0,0(s0)
200107d4:	c501                	beqz	a0,200107dc <w25q128jw_init+0x7c>
200107d6:	495c                	lw	a5,20(a0)
200107d8:	fe07dfe3          	bgez	a5,200107d6 <w25q128jw_init+0x76>
200107dc:	4585                	li	a1,1
200107de:	16d000ef          	jal	ra,2001114a <spi_set_rx_watermark>
200107e2:	4008                	lw	a0,0(s0)
200107e4:	03500593          	li	a1,53
200107e8:	1f3000ef          	jal	ra,200111da <spi_write_word>
200107ec:	4008                	lw	a0,0(s0)
200107ee:	110005b7          	lui	a1,0x11000
200107f2:	1ab000ef          	jal	ra,2001119c <spi_set_command>
200107f6:	4008                	lw	a0,0(s0)
200107f8:	c501                	beqz	a0,20010800 <w25q128jw_init+0xa0>
200107fa:	495c                	lw	a5,20(a0)
200107fc:	fe07dfe3          	bgez	a5,200107fa <w25q128jw_init+0x9a>
20010800:	080005b7          	lui	a1,0x8000
20010804:	199000ef          	jal	ra,2001119c <spi_set_command>
20010808:	4008                	lw	a0,0(s0)
2001080a:	c909                	beqz	a0,2001081c <w25q128jw_init+0xbc>
2001080c:	495c                	lw	a5,20(a0)
2001080e:	fe07dfe3          	bgez	a5,2001080c <w25q128jw_init+0xac>
20010812:	00100737          	lui	a4,0x100
20010816:	495c                	lw	a5,20(a0)
20010818:	8ff9                	and	a5,a5,a4
2001081a:	dff5                	beqz	a5,20010816 <w25q128jw_init+0xb6>
2001081c:	002c                	addi	a1,sp,8
2001081e:	1dd000ef          	jal	ra,200111fa <spi_read_word>
20010822:	47a2                	lw	a5,8(sp)
20010824:	0027e793          	ori	a5,a5,2
20010828:	c43e                	sw	a5,8(sp)
2001082a:	33a1                	jal	20010572 <flash_write_enable>
2001082c:	4008                	lw	a0,0(s0)
2001082e:	03100593          	li	a1,49
20010832:	1a9000ef          	jal	ra,200111da <spi_write_word>
20010836:	4008                	lw	a0,0(s0)
20010838:	110005b7          	lui	a1,0x11000
2001083c:	161000ef          	jal	ra,2001119c <spi_set_command>
20010840:	4008                	lw	a0,0(s0)
20010842:	c501                	beqz	a0,2001084a <w25q128jw_init+0xea>
20010844:	495c                	lw	a5,20(a0)
20010846:	fe07dfe3          	bgez	a5,20010844 <w25q128jw_init+0xe4>
2001084a:	45a2                	lw	a1,8(sp)
2001084c:	18f000ef          	jal	ra,200111da <spi_write_word>
20010850:	4008                	lw	a0,0(s0)
20010852:	100005b7          	lui	a1,0x10000
20010856:	147000ef          	jal	ra,2001119c <spi_set_command>
2001085a:	4018                	lw	a4,0(s0)
2001085c:	c701                	beqz	a4,20010864 <w25q128jw_init+0x104>
2001085e:	4b5c                	lw	a5,20(a4)
20010860:	fe07dfe3          	bgez	a5,2001085e <w25q128jw_init+0xfe>
20010864:	3b35                	jal	200105a0 <flash_wait>
20010866:	4008                	lw	a0,0(s0)
20010868:	03500593          	li	a1,53
2001086c:	16f000ef          	jal	ra,200111da <spi_write_word>
20010870:	4008                	lw	a0,0(s0)
20010872:	110005b7          	lui	a1,0x11000
20010876:	127000ef          	jal	ra,2001119c <spi_set_command>
2001087a:	4008                	lw	a0,0(s0)
2001087c:	c501                	beqz	a0,20010884 <w25q128jw_init+0x124>
2001087e:	495c                	lw	a5,20(a0)
20010880:	fe07dfe3          	bgez	a5,2001087e <w25q128jw_init+0x11e>
20010884:	080005b7          	lui	a1,0x8000
20010888:	115000ef          	jal	ra,2001119c <spi_set_command>
2001088c:	4008                	lw	a0,0(s0)
2001088e:	c909                	beqz	a0,200108a0 <w25q128jw_init+0x140>
20010890:	495c                	lw	a5,20(a0)
20010892:	fe07dfe3          	bgez	a5,20010890 <w25q128jw_init+0x130>
20010896:	00100737          	lui	a4,0x100
2001089a:	495c                	lw	a5,20(a0)
2001089c:	8ff9                	and	a5,a5,a4
2001089e:	dff5                	beqz	a5,2001089a <w25q128jw_init+0x13a>
200108a0:	006c                	addi	a1,sp,12
200108a2:	c602                	sw	zero,12(sp)
200108a4:	157000ef          	jal	ra,200111fa <spi_read_word>
200108a8:	47b2                	lw	a5,12(sp)
200108aa:	4501                	li	a0,0
200108ac:	8b89                	andi	a5,a5,2
200108ae:	c791                	beqz	a5,200108ba <w25q128jw_init+0x15a>
200108b0:	40f2                	lw	ra,28(sp)
200108b2:	4462                	lw	s0,24(sp)
200108b4:	44d2                	lw	s1,20(sp)
200108b6:	6105                	addi	sp,sp,32
200108b8:	8082                	ret
200108ba:	40f2                	lw	ra,28(sp)
200108bc:	4462                	lw	s0,24(sp)
200108be:	44d2                	lw	s1,20(sp)
200108c0:	4505                	li	a0,1
200108c2:	6105                	addi	sp,sp,32
200108c4:	8082                	ret
200108c6:	07ed76b7          	lui	a3,0x7ed7
200108ca:	b4068693          	addi	a3,a3,-1216 # 7ed6b40 <_sp+0x7ed4870>
200108ce:	02d757b3          	divu	a5,a4,a3
200108d2:	17f9                	addi	a5,a5,-2
200108d4:	8385                	srli	a5,a5,0x1
200108d6:	00178593          	addi	a1,a5,1
200108da:	0586                	slli	a1,a1,0x1
200108dc:	02b75733          	divu	a4,a4,a1
200108e0:	00e6f563          	bgeu	a3,a4,200108ea <w25q128jw_init+0x18a>
200108e4:	0785                	addi	a5,a5,1
200108e6:	07c2                	slli	a5,a5,0x10
200108e8:	83c1                	srli	a5,a5,0x10
200108ea:	8e5d                	or	a2,a2,a5
200108ec:	bd6d                	j	200107a6 <w25q128jw_init+0x46>

200108ee <w25q128jw_read_quad>:
200108ee:	c991                	beqz	a1,20010902 <w25q128jw_read_quad+0x14>
200108f0:	ca09                	beqz	a2,20010902 <w25q128jw_read_quad+0x14>
200108f2:	00c507b3          	add	a5,a0,a2
200108f6:	8fc9                	or	a5,a5,a0
200108f8:	01000737          	lui	a4,0x1000
200108fc:	00e7f363          	bgeu	a5,a4,20010902 <w25q128jw_read_quad+0x14>
20010900:	b321                	j	20010608 <w25q128jw_read_quad.part.0>
20010902:	4505                	li	a0,1
20010904:	8082                	ret

20010906 <fic_irq_dma_window>:
20010906:	1101                	addi	sp,sp,-32
20010908:	ce06                	sw	ra,28(sp)
2001090a:	cc22                	sw	s0,24(sp)
2001090c:	1000                	addi	s0,sp,32
2001090e:	fe042623          	sw	zero,-20(s0)
20010912:	a81d                	j	20010948 <fic_irq_dma_window+0x42>
20010914:	6785                	lui	a5,0x1
20010916:	10078693          	addi	a3,a5,256 # 1100 <dma_subsys_per>
2001091a:	fec42703          	lw	a4,-20(s0)
2001091e:	87ba                	mv	a5,a4
20010920:	0786                	slli	a5,a5,0x1
20010922:	97ba                	add	a5,a5,a4
20010924:	078a                	slli	a5,a5,0x2
20010926:	97b6                	add	a5,a5,a3
20010928:	479c                	lw	a5,8(a5)
2001092a:	57b8                	lw	a4,104(a5)
2001092c:	4785                	li	a5,1
2001092e:	00f71863          	bne	a4,a5,2001093e <fic_irq_dma_window+0x38>
20010932:	fec42783          	lw	a5,-20(s0)
20010936:	0ff7f793          	zext.b	a5,a5
2001093a:	853e                	mv	a0,a5
2001093c:	2055                	jal	200109e0 <dma_intr_handler_window_done>
2001093e:	fec42783          	lw	a5,-20(s0)
20010942:	0785                	addi	a5,a5,1
20010944:	fef42623          	sw	a5,-20(s0)
20010948:	fec42703          	lw	a4,-20(s0)
2001094c:	478d                	li	a5,3
2001094e:	fce7d3e3          	bge	a5,a4,20010914 <fic_irq_dma_window+0xe>
20010952:	0001                	nop
20010954:	40f2                	lw	ra,28(sp)
20010956:	4462                	lw	s0,24(sp)
20010958:	6105                	addi	sp,sp,32
2001095a:	8082                	ret

2001095c <fic_irq_dma_done>:
2001095c:	1101                	addi	sp,sp,-32
2001095e:	ce06                	sw	ra,28(sp)
20010960:	cc22                	sw	s0,24(sp)
20010962:	1000                	addi	s0,sp,32
20010964:	fe042623          	sw	zero,-20(s0)
20010968:	a881                	j	200109b8 <fic_irq_dma_done+0x5c>
2001096a:	6785                	lui	a5,0x1
2001096c:	10078693          	addi	a3,a5,256 # 1100 <dma_subsys_per>
20010970:	fec42703          	lw	a4,-20(s0)
20010974:	87ba                	mv	a5,a4
20010976:	0786                	slli	a5,a5,0x1
20010978:	97ba                	add	a5,a5,a4
2001097a:	078a                	slli	a5,a5,0x2
2001097c:	97b6                	add	a5,a5,a3
2001097e:	479c                	lw	a5,8(a5)
20010980:	53f8                	lw	a4,100(a5)
20010982:	4785                	li	a5,1
20010984:	02f71563          	bne	a4,a5,200109ae <fic_irq_dma_done+0x52>
20010988:	6785                	lui	a5,0x1
2001098a:	10078693          	addi	a3,a5,256 # 1100 <dma_subsys_per>
2001098e:	fec42703          	lw	a4,-20(s0)
20010992:	87ba                	mv	a5,a4
20010994:	0786                	slli	a5,a5,0x1
20010996:	97ba                	add	a5,a5,a4
20010998:	078a                	slli	a5,a5,0x2
2001099a:	97b6                	add	a5,a5,a3
2001099c:	4705                	li	a4,1
2001099e:	00e78223          	sb	a4,4(a5)
200109a2:	fec42783          	lw	a5,-20(s0)
200109a6:	0ff7f793          	zext.b	a5,a5
200109aa:	853e                	mv	a0,a5
200109ac:	2005                	jal	200109cc <dma_intr_handler_trans_done>
200109ae:	fec42783          	lw	a5,-20(s0)
200109b2:	0785                	addi	a5,a5,1
200109b4:	fef42623          	sw	a5,-20(s0)
200109b8:	fec42703          	lw	a4,-20(s0)
200109bc:	478d                	li	a5,3
200109be:	fae7d6e3          	bge	a5,a4,2001096a <fic_irq_dma_done+0xe>
200109c2:	0001                	nop
200109c4:	40f2                	lw	ra,28(sp)
200109c6:	4462                	lw	s0,24(sp)
200109c8:	6105                	addi	sp,sp,32
200109ca:	8082                	ret

200109cc <dma_intr_handler_trans_done>:
200109cc:	1101                	addi	sp,sp,-32
200109ce:	ce22                	sw	s0,28(sp)
200109d0:	1000                	addi	s0,sp,32
200109d2:	87aa                	mv	a5,a0
200109d4:	fef407a3          	sb	a5,-17(s0)
200109d8:	0001                	nop
200109da:	4472                	lw	s0,28(sp)
200109dc:	6105                	addi	sp,sp,32
200109de:	8082                	ret

200109e0 <dma_intr_handler_window_done>:
200109e0:	1141                	addi	sp,sp,-16
200109e2:	c622                	sw	s0,12(sp)
200109e4:	0800                	addi	s0,sp,16
200109e6:	87aa                	mv	a5,a0
200109e8:	853e                	mv	a0,a5
200109ea:	4432                	lw	s0,12(sp)
200109ec:	0141                	addi	sp,sp,16
200109ee:	bff9                	j	200109cc <dma_intr_handler_trans_done>

200109f0 <fic_irq_timer_1>:
200109f0:	1141                	addi	sp,sp,-16
200109f2:	c622                	sw	s0,12(sp)
200109f4:	0800                	addi	s0,sp,16
200109f6:	0001                	nop
200109f8:	4432                	lw	s0,12(sp)
200109fa:	0141                	addi	sp,sp,16
200109fc:	8082                	ret

200109fe <fic_irq_timer_2>:
200109fe:	1141                	addi	sp,sp,-16
20010a00:	c622                	sw	s0,12(sp)
20010a02:	0800                	addi	s0,sp,16
20010a04:	4432                	lw	s0,12(sp)
20010a06:	0141                	addi	sp,sp,16
20010a08:	b7e5                	j	200109f0 <fic_irq_timer_1>

20010a0a <fic_irq_timer_3>:
20010a0a:	1141                	addi	sp,sp,-16
20010a0c:	c622                	sw	s0,12(sp)
20010a0e:	0800                	addi	s0,sp,16
20010a10:	4432                	lw	s0,12(sp)
20010a12:	0141                	addi	sp,sp,16
20010a14:	bff1                	j	200109f0 <fic_irq_timer_1>

20010a16 <fic_irq_gpio_0>:
20010a16:	1141                	addi	sp,sp,-16
20010a18:	c622                	sw	s0,12(sp)
20010a1a:	0800                	addi	s0,sp,16
20010a1c:	4432                	lw	s0,12(sp)
20010a1e:	0141                	addi	sp,sp,16
20010a20:	bfc1                	j	200109f0 <fic_irq_timer_1>

20010a22 <fic_irq_gpio_1>:
20010a22:	1141                	addi	sp,sp,-16
20010a24:	c622                	sw	s0,12(sp)
20010a26:	0800                	addi	s0,sp,16
20010a28:	4432                	lw	s0,12(sp)
20010a2a:	0141                	addi	sp,sp,16
20010a2c:	b7d1                	j	200109f0 <fic_irq_timer_1>

20010a2e <fic_irq_gpio_2>:
20010a2e:	1141                	addi	sp,sp,-16
20010a30:	c622                	sw	s0,12(sp)
20010a32:	0800                	addi	s0,sp,16
20010a34:	4432                	lw	s0,12(sp)
20010a36:	0141                	addi	sp,sp,16
20010a38:	bf65                	j	200109f0 <fic_irq_timer_1>

20010a3a <fic_irq_gpio_3>:
20010a3a:	1141                	addi	sp,sp,-16
20010a3c:	c622                	sw	s0,12(sp)
20010a3e:	0800                	addi	s0,sp,16
20010a40:	4432                	lw	s0,12(sp)
20010a42:	0141                	addi	sp,sp,16
20010a44:	b775                	j	200109f0 <fic_irq_timer_1>

20010a46 <fic_irq_gpio_4>:
20010a46:	1141                	addi	sp,sp,-16
20010a48:	c622                	sw	s0,12(sp)
20010a4a:	0800                	addi	s0,sp,16
20010a4c:	4432                	lw	s0,12(sp)
20010a4e:	0141                	addi	sp,sp,16
20010a50:	b745                	j	200109f0 <fic_irq_timer_1>

20010a52 <fic_irq_gpio_5>:
20010a52:	1141                	addi	sp,sp,-16
20010a54:	c622                	sw	s0,12(sp)
20010a56:	0800                	addi	s0,sp,16
20010a58:	4432                	lw	s0,12(sp)
20010a5a:	0141                	addi	sp,sp,16
20010a5c:	bf51                	j	200109f0 <fic_irq_timer_1>

20010a5e <fic_irq_gpio_6>:
20010a5e:	1141                	addi	sp,sp,-16
20010a60:	c622                	sw	s0,12(sp)
20010a62:	0800                	addi	s0,sp,16
20010a64:	4432                	lw	s0,12(sp)
20010a66:	0141                	addi	sp,sp,16
20010a68:	b761                	j	200109f0 <fic_irq_timer_1>

20010a6a <fic_irq_gpio_7>:
20010a6a:	1141                	addi	sp,sp,-16
20010a6c:	c622                	sw	s0,12(sp)
20010a6e:	0800                	addi	s0,sp,16
20010a70:	4432                	lw	s0,12(sp)
20010a72:	0141                	addi	sp,sp,16
20010a74:	bfb5                	j	200109f0 <fic_irq_timer_1>

20010a76 <enable_fast_interrupt>:
20010a76:	20060737          	lui	a4,0x20060
20010a7a:	4714                	lw	a3,8(a4)
20010a7c:	4785                	li	a5,1
20010a7e:	00a797b3          	sll	a5,a5,a0
20010a82:	fff7c793          	not	a5,a5
20010a86:	00b035b3          	snez	a1,a1
20010a8a:	8ff5                	and	a5,a5,a3
20010a8c:	00a595b3          	sll	a1,a1,a0
20010a90:	8ddd                	or	a1,a1,a5
20010a92:	c70c                	sw	a1,8(a4)
20010a94:	4501                	li	a0,0
20010a96:	8082                	ret

20010a98 <handler_irq_fast_timer_1>:
20010a98:	7139                	addi	sp,sp,-64
20010a9a:	ce3a                	sw	a4,28(sp)
20010a9c:	cc3e                	sw	a5,24(sp)
20010a9e:	de06                	sw	ra,60(sp)
20010aa0:	dc16                	sw	t0,56(sp)
20010aa2:	da1a                	sw	t1,52(sp)
20010aa4:	d81e                	sw	t2,48(sp)
20010aa6:	d62a                	sw	a0,44(sp)
20010aa8:	d42e                	sw	a1,40(sp)
20010aaa:	d232                	sw	a2,36(sp)
20010aac:	d036                	sw	a3,32(sp)
20010aae:	ca42                	sw	a6,20(sp)
20010ab0:	c846                	sw	a7,16(sp)
20010ab2:	c672                	sw	t3,12(sp)
20010ab4:	c476                	sw	t4,8(sp)
20010ab6:	c27a                	sw	t5,4(sp)
20010ab8:	c07e                	sw	t6,0(sp)
20010aba:	200607b7          	lui	a5,0x20060
20010abe:	4705                	li	a4,1
20010ac0:	c3d8                	sw	a4,4(a5)
20010ac2:	373d                	jal	200109f0 <fic_irq_timer_1>
20010ac4:	50f2                	lw	ra,60(sp)
20010ac6:	52e2                	lw	t0,56(sp)
20010ac8:	5352                	lw	t1,52(sp)
20010aca:	53c2                	lw	t2,48(sp)
20010acc:	5532                	lw	a0,44(sp)
20010ace:	55a2                	lw	a1,40(sp)
20010ad0:	5612                	lw	a2,36(sp)
20010ad2:	5682                	lw	a3,32(sp)
20010ad4:	4772                	lw	a4,28(sp)
20010ad6:	47e2                	lw	a5,24(sp)
20010ad8:	4852                	lw	a6,20(sp)
20010ada:	48c2                	lw	a7,16(sp)
20010adc:	4e32                	lw	t3,12(sp)
20010ade:	4ea2                	lw	t4,8(sp)
20010ae0:	4f12                	lw	t5,4(sp)
20010ae2:	4f82                	lw	t6,0(sp)
20010ae4:	6121                	addi	sp,sp,64
20010ae6:	30200073          	mret
	...

20010aec <handler_irq_fast_timer_2>:
20010aec:	7139                	addi	sp,sp,-64
20010aee:	ce3a                	sw	a4,28(sp)
20010af0:	cc3e                	sw	a5,24(sp)
20010af2:	de06                	sw	ra,60(sp)
20010af4:	dc16                	sw	t0,56(sp)
20010af6:	da1a                	sw	t1,52(sp)
20010af8:	d81e                	sw	t2,48(sp)
20010afa:	d62a                	sw	a0,44(sp)
20010afc:	d42e                	sw	a1,40(sp)
20010afe:	d232                	sw	a2,36(sp)
20010b00:	d036                	sw	a3,32(sp)
20010b02:	ca42                	sw	a6,20(sp)
20010b04:	c846                	sw	a7,16(sp)
20010b06:	c672                	sw	t3,12(sp)
20010b08:	c476                	sw	t4,8(sp)
20010b0a:	c27a                	sw	t5,4(sp)
20010b0c:	c07e                	sw	t6,0(sp)
20010b0e:	200607b7          	lui	a5,0x20060
20010b12:	4709                	li	a4,2
20010b14:	c3d8                	sw	a4,4(a5)
20010b16:	35e5                	jal	200109fe <fic_irq_timer_2>
20010b18:	50f2                	lw	ra,60(sp)
20010b1a:	52e2                	lw	t0,56(sp)
20010b1c:	5352                	lw	t1,52(sp)
20010b1e:	53c2                	lw	t2,48(sp)
20010b20:	5532                	lw	a0,44(sp)
20010b22:	55a2                	lw	a1,40(sp)
20010b24:	5612                	lw	a2,36(sp)
20010b26:	5682                	lw	a3,32(sp)
20010b28:	4772                	lw	a4,28(sp)
20010b2a:	47e2                	lw	a5,24(sp)
20010b2c:	4852                	lw	a6,20(sp)
20010b2e:	48c2                	lw	a7,16(sp)
20010b30:	4e32                	lw	t3,12(sp)
20010b32:	4ea2                	lw	t4,8(sp)
20010b34:	4f12                	lw	t5,4(sp)
20010b36:	4f82                	lw	t6,0(sp)
20010b38:	6121                	addi	sp,sp,64
20010b3a:	30200073          	mret
	...

20010b40 <handler_irq_fast_timer_3>:
20010b40:	7139                	addi	sp,sp,-64
20010b42:	ce3a                	sw	a4,28(sp)
20010b44:	cc3e                	sw	a5,24(sp)
20010b46:	de06                	sw	ra,60(sp)
20010b48:	dc16                	sw	t0,56(sp)
20010b4a:	da1a                	sw	t1,52(sp)
20010b4c:	d81e                	sw	t2,48(sp)
20010b4e:	d62a                	sw	a0,44(sp)
20010b50:	d42e                	sw	a1,40(sp)
20010b52:	d232                	sw	a2,36(sp)
20010b54:	d036                	sw	a3,32(sp)
20010b56:	ca42                	sw	a6,20(sp)
20010b58:	c846                	sw	a7,16(sp)
20010b5a:	c672                	sw	t3,12(sp)
20010b5c:	c476                	sw	t4,8(sp)
20010b5e:	c27a                	sw	t5,4(sp)
20010b60:	c07e                	sw	t6,0(sp)
20010b62:	200607b7          	lui	a5,0x20060
20010b66:	4711                	li	a4,4
20010b68:	c3d8                	sw	a4,4(a5)
20010b6a:	3545                	jal	20010a0a <fic_irq_timer_3>
20010b6c:	50f2                	lw	ra,60(sp)
20010b6e:	52e2                	lw	t0,56(sp)
20010b70:	5352                	lw	t1,52(sp)
20010b72:	53c2                	lw	t2,48(sp)
20010b74:	5532                	lw	a0,44(sp)
20010b76:	55a2                	lw	a1,40(sp)
20010b78:	5612                	lw	a2,36(sp)
20010b7a:	5682                	lw	a3,32(sp)
20010b7c:	4772                	lw	a4,28(sp)
20010b7e:	47e2                	lw	a5,24(sp)
20010b80:	4852                	lw	a6,20(sp)
20010b82:	48c2                	lw	a7,16(sp)
20010b84:	4e32                	lw	t3,12(sp)
20010b86:	4ea2                	lw	t4,8(sp)
20010b88:	4f12                	lw	t5,4(sp)
20010b8a:	4f82                	lw	t6,0(sp)
20010b8c:	6121                	addi	sp,sp,64
20010b8e:	30200073          	mret
	...

20010b94 <handler_irq_fast_dma_done>:
20010b94:	7139                	addi	sp,sp,-64
20010b96:	ce3a                	sw	a4,28(sp)
20010b98:	cc3e                	sw	a5,24(sp)
20010b9a:	de06                	sw	ra,60(sp)
20010b9c:	dc16                	sw	t0,56(sp)
20010b9e:	da1a                	sw	t1,52(sp)
20010ba0:	d81e                	sw	t2,48(sp)
20010ba2:	d62a                	sw	a0,44(sp)
20010ba4:	d42e                	sw	a1,40(sp)
20010ba6:	d232                	sw	a2,36(sp)
20010ba8:	d036                	sw	a3,32(sp)
20010baa:	ca42                	sw	a6,20(sp)
20010bac:	c846                	sw	a7,16(sp)
20010bae:	c672                	sw	t3,12(sp)
20010bb0:	c476                	sw	t4,8(sp)
20010bb2:	c27a                	sw	t5,4(sp)
20010bb4:	c07e                	sw	t6,0(sp)
20010bb6:	200607b7          	lui	a5,0x20060
20010bba:	4721                	li	a4,8
20010bbc:	c3d8                	sw	a4,4(a5)
20010bbe:	3b79                	jal	2001095c <fic_irq_dma_done>
20010bc0:	50f2                	lw	ra,60(sp)
20010bc2:	52e2                	lw	t0,56(sp)
20010bc4:	5352                	lw	t1,52(sp)
20010bc6:	53c2                	lw	t2,48(sp)
20010bc8:	5532                	lw	a0,44(sp)
20010bca:	55a2                	lw	a1,40(sp)
20010bcc:	5612                	lw	a2,36(sp)
20010bce:	5682                	lw	a3,32(sp)
20010bd0:	4772                	lw	a4,28(sp)
20010bd2:	47e2                	lw	a5,24(sp)
20010bd4:	4852                	lw	a6,20(sp)
20010bd6:	48c2                	lw	a7,16(sp)
20010bd8:	4e32                	lw	t3,12(sp)
20010bda:	4ea2                	lw	t4,8(sp)
20010bdc:	4f12                	lw	t5,4(sp)
20010bde:	4f82                	lw	t6,0(sp)
20010be0:	6121                	addi	sp,sp,64
20010be2:	30200073          	mret
	...

20010be8 <handler_irq_fast_dma_window>:
20010be8:	7139                	addi	sp,sp,-64
20010bea:	ce3a                	sw	a4,28(sp)
20010bec:	cc3e                	sw	a5,24(sp)
20010bee:	de06                	sw	ra,60(sp)
20010bf0:	dc16                	sw	t0,56(sp)
20010bf2:	da1a                	sw	t1,52(sp)
20010bf4:	d81e                	sw	t2,48(sp)
20010bf6:	d62a                	sw	a0,44(sp)
20010bf8:	d42e                	sw	a1,40(sp)
20010bfa:	d232                	sw	a2,36(sp)
20010bfc:	d036                	sw	a3,32(sp)
20010bfe:	ca42                	sw	a6,20(sp)
20010c00:	c846                	sw	a7,16(sp)
20010c02:	c672                	sw	t3,12(sp)
20010c04:	c476                	sw	t4,8(sp)
20010c06:	c27a                	sw	t5,4(sp)
20010c08:	c07e                	sw	t6,0(sp)
20010c0a:	200607b7          	lui	a5,0x20060
20010c0e:	6711                	lui	a4,0x4
20010c10:	c3d8                	sw	a4,4(a5)
20010c12:	39d5                	jal	20010906 <fic_irq_dma_window>
20010c14:	50f2                	lw	ra,60(sp)
20010c16:	52e2                	lw	t0,56(sp)
20010c18:	5352                	lw	t1,52(sp)
20010c1a:	53c2                	lw	t2,48(sp)
20010c1c:	5532                	lw	a0,44(sp)
20010c1e:	55a2                	lw	a1,40(sp)
20010c20:	5612                	lw	a2,36(sp)
20010c22:	5682                	lw	a3,32(sp)
20010c24:	4772                	lw	a4,28(sp)
20010c26:	47e2                	lw	a5,24(sp)
20010c28:	4852                	lw	a6,20(sp)
20010c2a:	48c2                	lw	a7,16(sp)
20010c2c:	4e32                	lw	t3,12(sp)
20010c2e:	4ea2                	lw	t4,8(sp)
20010c30:	4f12                	lw	t5,4(sp)
20010c32:	4f82                	lw	t6,0(sp)
20010c34:	6121                	addi	sp,sp,64
20010c36:	30200073          	mret
	...

20010c3c <handler_irq_fast_external_peripheral>:
20010c3c:	7139                	addi	sp,sp,-64
20010c3e:	ce3a                	sw	a4,28(sp)
20010c40:	cc3e                	sw	a5,24(sp)
20010c42:	de06                	sw	ra,60(sp)
20010c44:	dc16                	sw	t0,56(sp)
20010c46:	da1a                	sw	t1,52(sp)
20010c48:	d81e                	sw	t2,48(sp)
20010c4a:	d62a                	sw	a0,44(sp)
20010c4c:	d42e                	sw	a1,40(sp)
20010c4e:	d232                	sw	a2,36(sp)
20010c50:	d036                	sw	a3,32(sp)
20010c52:	ca42                	sw	a6,20(sp)
20010c54:	c846                	sw	a7,16(sp)
20010c56:	c672                	sw	t3,12(sp)
20010c58:	c476                	sw	t4,8(sp)
20010c5a:	c27a                	sw	t5,4(sp)
20010c5c:	c07e                	sw	t6,0(sp)
20010c5e:	200607b7          	lui	a5,0x20060
20010c62:	6721                	lui	a4,0x8
20010c64:	c3d8                	sw	a4,4(a5)
20010c66:	d64ff0ef          	jal	ra,200101ca <fic_irq_ext_peripheral>
20010c6a:	50f2                	lw	ra,60(sp)
20010c6c:	52e2                	lw	t0,56(sp)
20010c6e:	5352                	lw	t1,52(sp)
20010c70:	53c2                	lw	t2,48(sp)
20010c72:	5532                	lw	a0,44(sp)
20010c74:	55a2                	lw	a1,40(sp)
20010c76:	5612                	lw	a2,36(sp)
20010c78:	5682                	lw	a3,32(sp)
20010c7a:	4772                	lw	a4,28(sp)
20010c7c:	47e2                	lw	a5,24(sp)
20010c7e:	4852                	lw	a6,20(sp)
20010c80:	48c2                	lw	a7,16(sp)
20010c82:	4e32                	lw	t3,12(sp)
20010c84:	4ea2                	lw	t4,8(sp)
20010c86:	4f12                	lw	t5,4(sp)
20010c88:	4f82                	lw	t6,0(sp)
20010c8a:	6121                	addi	sp,sp,64
20010c8c:	30200073          	mret
20010c90:	0000                	unimp
	...

20010c94 <handler_irq_fast_spi>:
20010c94:	7139                	addi	sp,sp,-64
20010c96:	ce3a                	sw	a4,28(sp)
20010c98:	cc3e                	sw	a5,24(sp)
20010c9a:	de06                	sw	ra,60(sp)
20010c9c:	dc16                	sw	t0,56(sp)
20010c9e:	da1a                	sw	t1,52(sp)
20010ca0:	d81e                	sw	t2,48(sp)
20010ca2:	d62a                	sw	a0,44(sp)
20010ca4:	d42e                	sw	a1,40(sp)
20010ca6:	d232                	sw	a2,36(sp)
20010ca8:	d036                	sw	a3,32(sp)
20010caa:	ca42                	sw	a6,20(sp)
20010cac:	c846                	sw	a7,16(sp)
20010cae:	c672                	sw	t3,12(sp)
20010cb0:	c476                	sw	t4,8(sp)
20010cb2:	c27a                	sw	t5,4(sp)
20010cb4:	c07e                	sw	t6,0(sp)
20010cb6:	200607b7          	lui	a5,0x20060
20010cba:	4741                	li	a4,16
20010cbc:	c3d8                	sw	a4,4(a5)
20010cbe:	2bed                	jal	200112b8 <fic_irq_spi>
20010cc0:	50f2                	lw	ra,60(sp)
20010cc2:	52e2                	lw	t0,56(sp)
20010cc4:	5352                	lw	t1,52(sp)
20010cc6:	53c2                	lw	t2,48(sp)
20010cc8:	5532                	lw	a0,44(sp)
20010cca:	55a2                	lw	a1,40(sp)
20010ccc:	5612                	lw	a2,36(sp)
20010cce:	5682                	lw	a3,32(sp)
20010cd0:	4772                	lw	a4,28(sp)
20010cd2:	47e2                	lw	a5,24(sp)
20010cd4:	4852                	lw	a6,20(sp)
20010cd6:	48c2                	lw	a7,16(sp)
20010cd8:	4e32                	lw	t3,12(sp)
20010cda:	4ea2                	lw	t4,8(sp)
20010cdc:	4f12                	lw	t5,4(sp)
20010cde:	4f82                	lw	t6,0(sp)
20010ce0:	6121                	addi	sp,sp,64
20010ce2:	30200073          	mret
	...

20010ce8 <handler_irq_fast_spi_flash>:
20010ce8:	7139                	addi	sp,sp,-64
20010cea:	ce3a                	sw	a4,28(sp)
20010cec:	cc3e                	sw	a5,24(sp)
20010cee:	de06                	sw	ra,60(sp)
20010cf0:	dc16                	sw	t0,56(sp)
20010cf2:	da1a                	sw	t1,52(sp)
20010cf4:	d81e                	sw	t2,48(sp)
20010cf6:	d62a                	sw	a0,44(sp)
20010cf8:	d42e                	sw	a1,40(sp)
20010cfa:	d232                	sw	a2,36(sp)
20010cfc:	d036                	sw	a3,32(sp)
20010cfe:	ca42                	sw	a6,20(sp)
20010d00:	c846                	sw	a7,16(sp)
20010d02:	c672                	sw	t3,12(sp)
20010d04:	c476                	sw	t4,8(sp)
20010d06:	c27a                	sw	t5,4(sp)
20010d08:	c07e                	sw	t6,0(sp)
20010d0a:	200607b7          	lui	a5,0x20060
20010d0e:	02000713          	li	a4,32
20010d12:	c3d8                	sw	a4,4(a5)
20010d14:	23f9                	jal	200112e2 <fic_irq_spi_flash>
20010d16:	50f2                	lw	ra,60(sp)
20010d18:	52e2                	lw	t0,56(sp)
20010d1a:	5352                	lw	t1,52(sp)
20010d1c:	53c2                	lw	t2,48(sp)
20010d1e:	5532                	lw	a0,44(sp)
20010d20:	55a2                	lw	a1,40(sp)
20010d22:	5612                	lw	a2,36(sp)
20010d24:	5682                	lw	a3,32(sp)
20010d26:	4772                	lw	a4,28(sp)
20010d28:	47e2                	lw	a5,24(sp)
20010d2a:	4852                	lw	a6,20(sp)
20010d2c:	48c2                	lw	a7,16(sp)
20010d2e:	4e32                	lw	t3,12(sp)
20010d30:	4ea2                	lw	t4,8(sp)
20010d32:	4f12                	lw	t5,4(sp)
20010d34:	4f82                	lw	t6,0(sp)
20010d36:	6121                	addi	sp,sp,64
20010d38:	30200073          	mret

20010d3c <handler_irq_fast_gpio_0>:
20010d3c:	7139                	addi	sp,sp,-64
20010d3e:	ce3a                	sw	a4,28(sp)
20010d40:	cc3e                	sw	a5,24(sp)
20010d42:	de06                	sw	ra,60(sp)
20010d44:	dc16                	sw	t0,56(sp)
20010d46:	da1a                	sw	t1,52(sp)
20010d48:	d81e                	sw	t2,48(sp)
20010d4a:	d62a                	sw	a0,44(sp)
20010d4c:	d42e                	sw	a1,40(sp)
20010d4e:	d232                	sw	a2,36(sp)
20010d50:	d036                	sw	a3,32(sp)
20010d52:	ca42                	sw	a6,20(sp)
20010d54:	c846                	sw	a7,16(sp)
20010d56:	c672                	sw	t3,12(sp)
20010d58:	c476                	sw	t4,8(sp)
20010d5a:	c27a                	sw	t5,4(sp)
20010d5c:	c07e                	sw	t6,0(sp)
20010d5e:	200607b7          	lui	a5,0x20060
20010d62:	04000713          	li	a4,64
20010d66:	c3d8                	sw	a4,4(a5)
20010d68:	317d                	jal	20010a16 <fic_irq_gpio_0>
20010d6a:	50f2                	lw	ra,60(sp)
20010d6c:	52e2                	lw	t0,56(sp)
20010d6e:	5352                	lw	t1,52(sp)
20010d70:	53c2                	lw	t2,48(sp)
20010d72:	5532                	lw	a0,44(sp)
20010d74:	55a2                	lw	a1,40(sp)
20010d76:	5612                	lw	a2,36(sp)
20010d78:	5682                	lw	a3,32(sp)
20010d7a:	4772                	lw	a4,28(sp)
20010d7c:	47e2                	lw	a5,24(sp)
20010d7e:	4852                	lw	a6,20(sp)
20010d80:	48c2                	lw	a7,16(sp)
20010d82:	4e32                	lw	t3,12(sp)
20010d84:	4ea2                	lw	t4,8(sp)
20010d86:	4f12                	lw	t5,4(sp)
20010d88:	4f82                	lw	t6,0(sp)
20010d8a:	6121                	addi	sp,sp,64
20010d8c:	30200073          	mret

20010d90 <handler_irq_fast_gpio_1>:
20010d90:	7139                	addi	sp,sp,-64
20010d92:	ce3a                	sw	a4,28(sp)
20010d94:	cc3e                	sw	a5,24(sp)
20010d96:	de06                	sw	ra,60(sp)
20010d98:	dc16                	sw	t0,56(sp)
20010d9a:	da1a                	sw	t1,52(sp)
20010d9c:	d81e                	sw	t2,48(sp)
20010d9e:	d62a                	sw	a0,44(sp)
20010da0:	d42e                	sw	a1,40(sp)
20010da2:	d232                	sw	a2,36(sp)
20010da4:	d036                	sw	a3,32(sp)
20010da6:	ca42                	sw	a6,20(sp)
20010da8:	c846                	sw	a7,16(sp)
20010daa:	c672                	sw	t3,12(sp)
20010dac:	c476                	sw	t4,8(sp)
20010dae:	c27a                	sw	t5,4(sp)
20010db0:	c07e                	sw	t6,0(sp)
20010db2:	200607b7          	lui	a5,0x20060
20010db6:	08000713          	li	a4,128
20010dba:	c3d8                	sw	a4,4(a5)
20010dbc:	319d                	jal	20010a22 <fic_irq_gpio_1>
20010dbe:	50f2                	lw	ra,60(sp)
20010dc0:	52e2                	lw	t0,56(sp)
20010dc2:	5352                	lw	t1,52(sp)
20010dc4:	53c2                	lw	t2,48(sp)
20010dc6:	5532                	lw	a0,44(sp)
20010dc8:	55a2                	lw	a1,40(sp)
20010dca:	5612                	lw	a2,36(sp)
20010dcc:	5682                	lw	a3,32(sp)
20010dce:	4772                	lw	a4,28(sp)
20010dd0:	47e2                	lw	a5,24(sp)
20010dd2:	4852                	lw	a6,20(sp)
20010dd4:	48c2                	lw	a7,16(sp)
20010dd6:	4e32                	lw	t3,12(sp)
20010dd8:	4ea2                	lw	t4,8(sp)
20010dda:	4f12                	lw	t5,4(sp)
20010ddc:	4f82                	lw	t6,0(sp)
20010dde:	6121                	addi	sp,sp,64
20010de0:	30200073          	mret

20010de4 <handler_irq_fast_gpio_2>:
20010de4:	7139                	addi	sp,sp,-64
20010de6:	ce3a                	sw	a4,28(sp)
20010de8:	cc3e                	sw	a5,24(sp)
20010dea:	de06                	sw	ra,60(sp)
20010dec:	dc16                	sw	t0,56(sp)
20010dee:	da1a                	sw	t1,52(sp)
20010df0:	d81e                	sw	t2,48(sp)
20010df2:	d62a                	sw	a0,44(sp)
20010df4:	d42e                	sw	a1,40(sp)
20010df6:	d232                	sw	a2,36(sp)
20010df8:	d036                	sw	a3,32(sp)
20010dfa:	ca42                	sw	a6,20(sp)
20010dfc:	c846                	sw	a7,16(sp)
20010dfe:	c672                	sw	t3,12(sp)
20010e00:	c476                	sw	t4,8(sp)
20010e02:	c27a                	sw	t5,4(sp)
20010e04:	c07e                	sw	t6,0(sp)
20010e06:	200607b7          	lui	a5,0x20060
20010e0a:	10000713          	li	a4,256
20010e0e:	c3d8                	sw	a4,4(a5)
20010e10:	3939                	jal	20010a2e <fic_irq_gpio_2>
20010e12:	50f2                	lw	ra,60(sp)
20010e14:	52e2                	lw	t0,56(sp)
20010e16:	5352                	lw	t1,52(sp)
20010e18:	53c2                	lw	t2,48(sp)
20010e1a:	5532                	lw	a0,44(sp)
20010e1c:	55a2                	lw	a1,40(sp)
20010e1e:	5612                	lw	a2,36(sp)
20010e20:	5682                	lw	a3,32(sp)
20010e22:	4772                	lw	a4,28(sp)
20010e24:	47e2                	lw	a5,24(sp)
20010e26:	4852                	lw	a6,20(sp)
20010e28:	48c2                	lw	a7,16(sp)
20010e2a:	4e32                	lw	t3,12(sp)
20010e2c:	4ea2                	lw	t4,8(sp)
20010e2e:	4f12                	lw	t5,4(sp)
20010e30:	4f82                	lw	t6,0(sp)
20010e32:	6121                	addi	sp,sp,64
20010e34:	30200073          	mret

20010e38 <handler_irq_fast_gpio_3>:
20010e38:	7139                	addi	sp,sp,-64
20010e3a:	ce3a                	sw	a4,28(sp)
20010e3c:	cc3e                	sw	a5,24(sp)
20010e3e:	de06                	sw	ra,60(sp)
20010e40:	dc16                	sw	t0,56(sp)
20010e42:	da1a                	sw	t1,52(sp)
20010e44:	d81e                	sw	t2,48(sp)
20010e46:	d62a                	sw	a0,44(sp)
20010e48:	d42e                	sw	a1,40(sp)
20010e4a:	d232                	sw	a2,36(sp)
20010e4c:	d036                	sw	a3,32(sp)
20010e4e:	ca42                	sw	a6,20(sp)
20010e50:	c846                	sw	a7,16(sp)
20010e52:	c672                	sw	t3,12(sp)
20010e54:	c476                	sw	t4,8(sp)
20010e56:	c27a                	sw	t5,4(sp)
20010e58:	c07e                	sw	t6,0(sp)
20010e5a:	200607b7          	lui	a5,0x20060
20010e5e:	20000713          	li	a4,512
20010e62:	c3d8                	sw	a4,4(a5)
20010e64:	3ed9                	jal	20010a3a <fic_irq_gpio_3>
20010e66:	50f2                	lw	ra,60(sp)
20010e68:	52e2                	lw	t0,56(sp)
20010e6a:	5352                	lw	t1,52(sp)
20010e6c:	53c2                	lw	t2,48(sp)
20010e6e:	5532                	lw	a0,44(sp)
20010e70:	55a2                	lw	a1,40(sp)
20010e72:	5612                	lw	a2,36(sp)
20010e74:	5682                	lw	a3,32(sp)
20010e76:	4772                	lw	a4,28(sp)
20010e78:	47e2                	lw	a5,24(sp)
20010e7a:	4852                	lw	a6,20(sp)
20010e7c:	48c2                	lw	a7,16(sp)
20010e7e:	4e32                	lw	t3,12(sp)
20010e80:	4ea2                	lw	t4,8(sp)
20010e82:	4f12                	lw	t5,4(sp)
20010e84:	4f82                	lw	t6,0(sp)
20010e86:	6121                	addi	sp,sp,64
20010e88:	30200073          	mret

20010e8c <handler_irq_fast_gpio_4>:
20010e8c:	7139                	addi	sp,sp,-64
20010e8e:	ce3a                	sw	a4,28(sp)
20010e90:	cc3e                	sw	a5,24(sp)
20010e92:	de06                	sw	ra,60(sp)
20010e94:	dc16                	sw	t0,56(sp)
20010e96:	da1a                	sw	t1,52(sp)
20010e98:	d81e                	sw	t2,48(sp)
20010e9a:	d62a                	sw	a0,44(sp)
20010e9c:	d42e                	sw	a1,40(sp)
20010e9e:	d232                	sw	a2,36(sp)
20010ea0:	d036                	sw	a3,32(sp)
20010ea2:	ca42                	sw	a6,20(sp)
20010ea4:	c846                	sw	a7,16(sp)
20010ea6:	c672                	sw	t3,12(sp)
20010ea8:	c476                	sw	t4,8(sp)
20010eaa:	c27a                	sw	t5,4(sp)
20010eac:	c07e                	sw	t6,0(sp)
20010eae:	200607b7          	lui	a5,0x20060
20010eb2:	40000713          	li	a4,1024
20010eb6:	c3d8                	sw	a4,4(a5)
20010eb8:	3679                	jal	20010a46 <fic_irq_gpio_4>
20010eba:	50f2                	lw	ra,60(sp)
20010ebc:	52e2                	lw	t0,56(sp)
20010ebe:	5352                	lw	t1,52(sp)
20010ec0:	53c2                	lw	t2,48(sp)
20010ec2:	5532                	lw	a0,44(sp)
20010ec4:	55a2                	lw	a1,40(sp)
20010ec6:	5612                	lw	a2,36(sp)
20010ec8:	5682                	lw	a3,32(sp)
20010eca:	4772                	lw	a4,28(sp)
20010ecc:	47e2                	lw	a5,24(sp)
20010ece:	4852                	lw	a6,20(sp)
20010ed0:	48c2                	lw	a7,16(sp)
20010ed2:	4e32                	lw	t3,12(sp)
20010ed4:	4ea2                	lw	t4,8(sp)
20010ed6:	4f12                	lw	t5,4(sp)
20010ed8:	4f82                	lw	t6,0(sp)
20010eda:	6121                	addi	sp,sp,64
20010edc:	30200073          	mret

20010ee0 <handler_irq_fast_gpio_5>:
20010ee0:	7139                	addi	sp,sp,-64
20010ee2:	cc3e                	sw	a5,24(sp)
20010ee4:	6785                	lui	a5,0x1
20010ee6:	ce3a                	sw	a4,28(sp)
20010ee8:	de06                	sw	ra,60(sp)
20010eea:	dc16                	sw	t0,56(sp)
20010eec:	da1a                	sw	t1,52(sp)
20010eee:	d81e                	sw	t2,48(sp)
20010ef0:	d62a                	sw	a0,44(sp)
20010ef2:	d42e                	sw	a1,40(sp)
20010ef4:	d232                	sw	a2,36(sp)
20010ef6:	d036                	sw	a3,32(sp)
20010ef8:	ca42                	sw	a6,20(sp)
20010efa:	c846                	sw	a7,16(sp)
20010efc:	c672                	sw	t3,12(sp)
20010efe:	c476                	sw	t4,8(sp)
20010f00:	c27a                	sw	t5,4(sp)
20010f02:	c07e                	sw	t6,0(sp)
20010f04:	20060737          	lui	a4,0x20060
20010f08:	80078793          	addi	a5,a5,-2048 # 800 <__heap_size>
20010f0c:	c35c                	sw	a5,4(a4)
20010f0e:	3691                	jal	20010a52 <fic_irq_gpio_5>
20010f10:	50f2                	lw	ra,60(sp)
20010f12:	52e2                	lw	t0,56(sp)
20010f14:	5352                	lw	t1,52(sp)
20010f16:	53c2                	lw	t2,48(sp)
20010f18:	5532                	lw	a0,44(sp)
20010f1a:	55a2                	lw	a1,40(sp)
20010f1c:	5612                	lw	a2,36(sp)
20010f1e:	5682                	lw	a3,32(sp)
20010f20:	4772                	lw	a4,28(sp)
20010f22:	47e2                	lw	a5,24(sp)
20010f24:	4852                	lw	a6,20(sp)
20010f26:	48c2                	lw	a7,16(sp)
20010f28:	4e32                	lw	t3,12(sp)
20010f2a:	4ea2                	lw	t4,8(sp)
20010f2c:	4f12                	lw	t5,4(sp)
20010f2e:	4f82                	lw	t6,0(sp)
20010f30:	6121                	addi	sp,sp,64
20010f32:	30200073          	mret
	...

20010f38 <handler_irq_fast_gpio_6>:
20010f38:	7139                	addi	sp,sp,-64
20010f3a:	ce3a                	sw	a4,28(sp)
20010f3c:	cc3e                	sw	a5,24(sp)
20010f3e:	de06                	sw	ra,60(sp)
20010f40:	dc16                	sw	t0,56(sp)
20010f42:	da1a                	sw	t1,52(sp)
20010f44:	d81e                	sw	t2,48(sp)
20010f46:	d62a                	sw	a0,44(sp)
20010f48:	d42e                	sw	a1,40(sp)
20010f4a:	d232                	sw	a2,36(sp)
20010f4c:	d036                	sw	a3,32(sp)
20010f4e:	ca42                	sw	a6,20(sp)
20010f50:	c846                	sw	a7,16(sp)
20010f52:	c672                	sw	t3,12(sp)
20010f54:	c476                	sw	t4,8(sp)
20010f56:	c27a                	sw	t5,4(sp)
20010f58:	c07e                	sw	t6,0(sp)
20010f5a:	200607b7          	lui	a5,0x20060
20010f5e:	6705                	lui	a4,0x1
20010f60:	c3d8                	sw	a4,4(a5)
20010f62:	3cf5                	jal	20010a5e <fic_irq_gpio_6>
20010f64:	50f2                	lw	ra,60(sp)
20010f66:	52e2                	lw	t0,56(sp)
20010f68:	5352                	lw	t1,52(sp)
20010f6a:	53c2                	lw	t2,48(sp)
20010f6c:	5532                	lw	a0,44(sp)
20010f6e:	55a2                	lw	a1,40(sp)
20010f70:	5612                	lw	a2,36(sp)
20010f72:	5682                	lw	a3,32(sp)
20010f74:	4772                	lw	a4,28(sp)
20010f76:	47e2                	lw	a5,24(sp)
20010f78:	4852                	lw	a6,20(sp)
20010f7a:	48c2                	lw	a7,16(sp)
20010f7c:	4e32                	lw	t3,12(sp)
20010f7e:	4ea2                	lw	t4,8(sp)
20010f80:	4f12                	lw	t5,4(sp)
20010f82:	4f82                	lw	t6,0(sp)
20010f84:	6121                	addi	sp,sp,64
20010f86:	30200073          	mret
	...

20010f8c <handler_irq_fast_gpio_7>:
20010f8c:	7139                	addi	sp,sp,-64
20010f8e:	ce3a                	sw	a4,28(sp)
20010f90:	cc3e                	sw	a5,24(sp)
20010f92:	de06                	sw	ra,60(sp)
20010f94:	dc16                	sw	t0,56(sp)
20010f96:	da1a                	sw	t1,52(sp)
20010f98:	d81e                	sw	t2,48(sp)
20010f9a:	d62a                	sw	a0,44(sp)
20010f9c:	d42e                	sw	a1,40(sp)
20010f9e:	d232                	sw	a2,36(sp)
20010fa0:	d036                	sw	a3,32(sp)
20010fa2:	ca42                	sw	a6,20(sp)
20010fa4:	c846                	sw	a7,16(sp)
20010fa6:	c672                	sw	t3,12(sp)
20010fa8:	c476                	sw	t4,8(sp)
20010faa:	c27a                	sw	t5,4(sp)
20010fac:	c07e                	sw	t6,0(sp)
20010fae:	200607b7          	lui	a5,0x20060
20010fb2:	6709                	lui	a4,0x2
20010fb4:	c3d8                	sw	a4,4(a5)
20010fb6:	3c55                	jal	20010a6a <fic_irq_gpio_7>
20010fb8:	50f2                	lw	ra,60(sp)
20010fba:	52e2                	lw	t0,56(sp)
20010fbc:	5352                	lw	t1,52(sp)
20010fbe:	53c2                	lw	t2,48(sp)
20010fc0:	5532                	lw	a0,44(sp)
20010fc2:	55a2                	lw	a1,40(sp)
20010fc4:	5612                	lw	a2,36(sp)
20010fc6:	5682                	lw	a3,32(sp)
20010fc8:	4772                	lw	a4,28(sp)
20010fca:	47e2                	lw	a5,24(sp)
20010fcc:	4852                	lw	a6,20(sp)
20010fce:	48c2                	lw	a7,16(sp)
20010fd0:	4e32                	lw	t3,12(sp)
20010fd2:	4ea2                	lw	t4,8(sp)
20010fd4:	4f12                	lw	t5,4(sp)
20010fd6:	4f82                	lw	t6,0(sp)
20010fd8:	6121                	addi	sp,sp,64
20010fda:	30200073          	mret
	...

20010fe0 <handler_irq_external>:
20010fe0:	715d                	addi	sp,sp,-80
20010fe2:	cc4a                	sw	s2,24(sp)
20010fe4:	30000937          	lui	s2,0x30000
20010fe8:	de26                	sw	s1,60(sp)
20010fea:	20c92483          	lw	s1,524(s2) # 3000020c <_etext+0xffecca8>
20010fee:	d23e                	sw	a5,36(sp)
20010ff0:	6785                	lui	a5,0x1
20010ff2:	d43a                	sw	a4,40(sp)
20010ff4:	13078793          	addi	a5,a5,304 # 1130 <handlers>
20010ff8:	00249713          	slli	a4,s1,0x2
20010ffc:	97ba                	add	a5,a5,a4
20010ffe:	439c                	lw	a5,0(a5)
20011000:	dc2a                	sw	a0,56(sp)
20011002:	c686                	sw	ra,76(sp)
20011004:	c496                	sw	t0,72(sp)
20011006:	c29a                	sw	t1,68(sp)
20011008:	c09e                	sw	t2,64(sp)
2001100a:	da2e                	sw	a1,52(sp)
2001100c:	d832                	sw	a2,48(sp)
2001100e:	d636                	sw	a3,44(sp)
20011010:	d042                	sw	a6,32(sp)
20011012:	ce46                	sw	a7,28(sp)
20011014:	ca72                	sw	t3,20(sp)
20011016:	c876                	sw	t4,16(sp)
20011018:	c67a                	sw	t5,12(sp)
2001101a:	c47e                	sw	t6,8(sp)
2001101c:	8526                	mv	a0,s1
2001101e:	9782                	jalr	a5
20011020:	20992623          	sw	s1,524(s2)
20011024:	40b6                	lw	ra,76(sp)
20011026:	42a6                	lw	t0,72(sp)
20011028:	4316                	lw	t1,68(sp)
2001102a:	4386                	lw	t2,64(sp)
2001102c:	54f2                	lw	s1,60(sp)
2001102e:	5562                	lw	a0,56(sp)
20011030:	55d2                	lw	a1,52(sp)
20011032:	5642                	lw	a2,48(sp)
20011034:	56b2                	lw	a3,44(sp)
20011036:	5722                	lw	a4,40(sp)
20011038:	5792                	lw	a5,36(sp)
2001103a:	5802                	lw	a6,32(sp)
2001103c:	48f2                	lw	a7,28(sp)
2001103e:	4962                	lw	s2,24(sp)
20011040:	4e52                	lw	t3,20(sp)
20011042:	4ec2                	lw	t4,16(sp)
20011044:	4f32                	lw	t5,12(sp)
20011046:	4fa2                	lw	t6,8(sp)
20011048:	6161                	addi	sp,sp,80
2001104a:	30200073          	mret
	...

20011050 <soc_ctrl_set_valid>:
20011050:	411c                	lw	a5,0(a0)
20011052:	00b78023          	sb	a1,0(a5)
20011056:	8082                	ret

20011058 <soc_ctrl_set_exit_value>:
20011058:	411c                	lw	a5,0(a0)
2001105a:	c3cc                	sw	a1,4(a5)
2001105c:	8082                	ret

2001105e <soc_ctrl_get_frequency>:
2001105e:	411c                	lw	a5,0(a0)
20011060:	4fc8                	lw	a0,28(a5)
20011062:	8082                	ret

20011064 <soc_ctrl_select_spi_host>:
20011064:	411c                	lw	a5,0(a0)
20011066:	4705                	li	a4,1
20011068:	cf98                	sw	a4,24(a5)
2001106a:	0007aa23          	sw	zero,20(a5)
2001106e:	8082                	ret

20011070 <spi_set_events_enabled>:
20011070:	87aa                	mv	a5,a0
20011072:	cd19                	beqz	a0,20011090 <spi_set_events_enabled+0x20>
20011074:	03f00713          	li	a4,63
20011078:	10000513          	li	a0,256
2001107c:	00b76b63          	bltu	a4,a1,20011092 <spi_set_events_enabled+0x22>
20011080:	5f98                	lw	a4,56(a5)
20011082:	ea09                	bnez	a2,20011094 <spi_set_events_enabled+0x24>
20011084:	fff5c593          	not	a1,a1
20011088:	8df9                	and	a1,a1,a4
2001108a:	df8c                	sw	a1,56(a5)
2001108c:	4501                	li	a0,0
2001108e:	8082                	ret
20011090:	4505                	li	a0,1
20011092:	8082                	ret
20011094:	8f4d                	or	a4,a4,a1
20011096:	df98                	sw	a4,56(a5)
20011098:	4501                	li	a0,0
2001109a:	8082                	ret

2001109c <spi_set_errors_enabled>:
2001109c:	87aa                	mv	a5,a0
2001109e:	cd11                	beqz	a0,200110ba <spi_set_errors_enabled+0x1e>
200110a0:	477d                	li	a4,31
200110a2:	20000513          	li	a0,512
200110a6:	00b76b63          	bltu	a4,a1,200110bc <spi_set_errors_enabled+0x20>
200110aa:	5b98                	lw	a4,48(a5)
200110ac:	ea09                	bnez	a2,200110be <spi_set_errors_enabled+0x22>
200110ae:	fff5c593          	not	a1,a1
200110b2:	8df9                	and	a1,a1,a4
200110b4:	db8c                	sw	a1,48(a5)
200110b6:	4501                	li	a0,0
200110b8:	8082                	ret
200110ba:	4505                	li	a0,1
200110bc:	8082                	ret
200110be:	8f4d                	or	a4,a4,a1
200110c0:	db98                	sw	a4,48(a5)
200110c2:	4501                	li	a0,0
200110c4:	8082                	ret

200110c6 <spi_sw_reset>:
200110c6:	c129                	beqz	a0,20011108 <spi_sw_reset+0x42>
200110c8:	491c                	lw	a5,16(a0)
200110ca:	c00006b7          	lui	a3,0xc0000
200110ce:	16fd                	addi	a3,a3,-1 # bfffffff <_etext+0x9ffeca9b>
200110d0:	8ff5                	and	a5,a5,a3
200110d2:	400006b7          	lui	a3,0x40000
200110d6:	8fd5                	or	a5,a5,a3
200110d8:	c91c                	sw	a5,16(a0)
200110da:	495c                	lw	a5,20(a0)
200110dc:	1141                	addi	sp,sp,-16
200110de:	872a                	mv	a4,a0
200110e0:	c63e                	sw	a5,12(sp)
200110e2:	47b2                	lw	a5,12(sp)
200110e4:	83f9                	srli	a5,a5,0x1e
200110e6:	8b85                	andi	a5,a5,1
200110e8:	ffed                	bnez	a5,200110e2 <spi_sw_reset+0x1c>
200110ea:	00c14783          	lbu	a5,12(sp)
200110ee:	fbf5                	bnez	a5,200110e2 <spi_sw_reset+0x1c>
200110f0:	00d14783          	lbu	a5,13(sp)
200110f4:	f7fd                	bnez	a5,200110e2 <spi_sw_reset+0x1c>
200110f6:	4b1c                	lw	a5,16(a4)
200110f8:	c00006b7          	lui	a3,0xc0000
200110fc:	16fd                	addi	a3,a3,-1 # bfffffff <_etext+0x9ffeca9b>
200110fe:	8ff5                	and	a5,a5,a3
20011100:	cb1c                	sw	a5,16(a4)
20011102:	4501                	li	a0,0
20011104:	0141                	addi	sp,sp,16
20011106:	8082                	ret
20011108:	4505                	li	a0,1
2001110a:	8082                	ret

2001110c <spi_set_enable>:
2001110c:	87aa                	mv	a5,a0
2001110e:	c909                	beqz	a0,20011120 <spi_set_enable+0x14>
20011110:	4918                	lw	a4,16(a0)
20011112:	05fe                	slli	a1,a1,0x1f
20011114:	4501                	li	a0,0
20011116:	0706                	slli	a4,a4,0x1
20011118:	8305                	srli	a4,a4,0x1
2001111a:	8dd9                	or	a1,a1,a4
2001111c:	cb8c                	sw	a1,16(a5)
2001111e:	8082                	ret
20011120:	4505                	li	a0,1
20011122:	8082                	ret

20011124 <spi_set_tx_watermark>:
20011124:	87aa                	mv	a5,a0
20011126:	c105                	beqz	a0,20011146 <spi_set_tx_watermark+0x22>
20011128:	04800713          	li	a4,72
2001112c:	4509                	li	a0,2
2001112e:	00b76d63          	bltu	a4,a1,20011148 <spi_set_tx_watermark+0x24>
20011132:	4b98                	lw	a4,16(a5)
20011134:	76c1                	lui	a3,0xffff0
20011136:	0ff68693          	addi	a3,a3,255 # ffff00ff <_etext+0xdffdcb9b>
2001113a:	8f75                	and	a4,a4,a3
2001113c:	05a2                	slli	a1,a1,0x8
2001113e:	8dd9                	or	a1,a1,a4
20011140:	cb8c                	sw	a1,16(a5)
20011142:	4501                	li	a0,0
20011144:	8082                	ret
20011146:	4505                	li	a0,1
20011148:	8082                	ret

2001114a <spi_set_rx_watermark>:
2001114a:	87aa                	mv	a5,a0
2001114c:	cd09                	beqz	a0,20011166 <spi_set_rx_watermark+0x1c>
2001114e:	04000713          	li	a4,64
20011152:	4509                	li	a0,2
20011154:	00b76a63          	bltu	a4,a1,20011168 <spi_set_rx_watermark+0x1e>
20011158:	4b98                	lw	a4,16(a5)
2001115a:	4501                	li	a0,0
2001115c:	f0077713          	andi	a4,a4,-256
20011160:	8dd9                	or	a1,a1,a4
20011162:	cb8c                	sw	a1,16(a5)
20011164:	8082                	ret
20011166:	4505                	li	a0,1
20011168:	8082                	ret

2001116a <spi_set_configopts>:
2001116a:	87aa                	mv	a5,a0
2001116c:	c919                	beqz	a0,20011182 <spi_set_configopts+0x18>
2001116e:	4705                	li	a4,1
20011170:	4511                	li	a0,4
20011172:	00b76963          	bltu	a4,a1,20011184 <spi_set_configopts+0x1a>
20011176:	0592                	slli	a1,a1,0x4
20011178:	07e1                	addi	a5,a5,24
2001117a:	97ae                	add	a5,a5,a1
2001117c:	c390                	sw	a2,0(a5)
2001117e:	4501                	li	a0,0
20011180:	8082                	ret
20011182:	4505                	li	a0,1
20011184:	8082                	ret

20011186 <spi_set_csid>:
20011186:	87aa                	mv	a5,a0
20011188:	c901                	beqz	a0,20011198 <spi_set_csid+0x12>
2001118a:	4705                	li	a4,1
2001118c:	4511                	li	a0,4
2001118e:	00b76663          	bltu	a4,a1,2001119a <spi_set_csid+0x14>
20011192:	d38c                	sw	a1,32(a5)
20011194:	4501                	li	a0,0
20011196:	8082                	ret
20011198:	4505                	li	a0,1
2001119a:	8082                	ret

2001119c <spi_set_command>:
2001119c:	c915                	beqz	a0,200111d0 <spi_set_command+0x34>
2001119e:	0195d793          	srli	a5,a1,0x19
200111a2:	8b8d                	andi	a5,a5,3
200111a4:	470d                	li	a4,3
200111a6:	00e78e63          	beq	a5,a4,200111c2 <spi_set_command+0x26>
200111aa:	01b5d693          	srli	a3,a1,0x1b
200111ae:	8a8d                	andi	a3,a3,3
200111b0:	00e68863          	beq	a3,a4,200111c0 <spi_set_command+0x24>
200111b4:	495c                	lw	a5,20(a0)
200111b6:	0007df63          	bgez	a5,200111d4 <spi_set_command+0x38>
200111ba:	d14c                	sw	a1,36(a0)
200111bc:	4501                	li	a0,0
200111be:	8082                	ret
200111c0:	dbf5                	beqz	a5,200111b4 <spi_set_command+0x18>
200111c2:	4948                	lw	a0,20(a0)
200111c4:	857d                	srai	a0,a0,0x1f
200111c6:	f8057513          	andi	a0,a0,-128
200111ca:	09050513          	addi	a0,a0,144 # 20000090 <_sp+0x1fffddc0>
200111ce:	8082                	ret
200111d0:	4505                	li	a0,1
200111d2:	8082                	ret
200111d4:	08000513          	li	a0,128
200111d8:	8082                	ret

200111da <spi_write_word>:
200111da:	87aa                	mv	a5,a0
200111dc:	cd09                	beqz	a0,200111f6 <spi_write_word+0x1c>
200111de:	4958                	lw	a4,20(a0)
200111e0:	04700693          	li	a3,71
200111e4:	02000513          	li	a0,32
200111e8:	0ff77713          	zext.b	a4,a4
200111ec:	00e6e663          	bltu	a3,a4,200111f8 <spi_write_word+0x1e>
200111f0:	d7cc                	sw	a1,44(a5)
200111f2:	4501                	li	a0,0
200111f4:	8082                	ret
200111f6:	4505                	li	a0,1
200111f8:	8082                	ret

200111fa <spi_read_word>:
200111fa:	87aa                	mv	a5,a0
200111fc:	cd01                	beqz	a0,20011214 <spi_read_word+0x1a>
200111fe:	4958                	lw	a4,20(a0)
20011200:	04000513          	li	a0,64
20011204:	8321                	srli	a4,a4,0x8
20011206:	0ff77713          	zext.b	a4,a4
2001120a:	c711                	beqz	a4,20011216 <spi_read_word+0x1c>
2001120c:	579c                	lw	a5,40(a5)
2001120e:	4501                	li	a0,0
20011210:	c19c                	sw	a5,0(a1)
20011212:	8082                	ret
20011214:	4505                	li	a0,1
20011216:	8082                	ret

20011218 <spi_enable_evt_intr>:
20011218:	c909                	beqz	a0,2001122a <spi_enable_evt_intr+0x12>
2001121a:	415c                	lw	a5,4(a0)
2001121c:	8985                	andi	a1,a1,1
2001121e:	0586                	slli	a1,a1,0x1
20011220:	9bf5                	andi	a5,a5,-3
20011222:	8ddd                	or	a1,a1,a5
20011224:	c14c                	sw	a1,4(a0)
20011226:	4501                	li	a0,0
20011228:	8082                	ret
2001122a:	4505                	li	a0,1
2001122c:	8082                	ret

2001122e <spi_enable_error_intr>:
2001122e:	87aa                	mv	a5,a0
20011230:	c901                	beqz	a0,20011240 <spi_enable_error_intr+0x12>
20011232:	4158                	lw	a4,4(a0)
20011234:	8985                	andi	a1,a1,1
20011236:	4501                	li	a0,0
20011238:	9b79                	andi	a4,a4,-2
2001123a:	8dd9                	or	a1,a1,a4
2001123c:	c3cc                	sw	a1,4(a5)
2001123e:	8082                	ret
20011240:	4505                	li	a0,1
20011242:	8082                	ret

20011244 <spi_output_enable>:
20011244:	cd01                	beqz	a0,2001125c <spi_output_enable+0x18>
20011246:	491c                	lw	a5,16(a0)
20011248:	e0000737          	lui	a4,0xe0000
2001124c:	177d                	addi	a4,a4,-1 # dfffffff <_etext+0xbffeca9b>
2001124e:	8985                	andi	a1,a1,1
20011250:	8ff9                	and	a5,a5,a4
20011252:	05f6                	slli	a1,a1,0x1d
20011254:	8ddd                	or	a1,a1,a5
20011256:	c90c                	sw	a1,16(a0)
20011258:	4501                	li	a0,0
2001125a:	8082                	ret
2001125c:	4505                	li	a0,1
2001125e:	8082                	ret

20011260 <spi_get_events>:
20011260:	495c                	lw	a5,20(a0)
20011262:	1141                	addi	sp,sp,-16
20011264:	0005a803          	lw	a6,0(a1) # 8000000 <_sp+0x7ffdd30>
20011268:	c63e                	sw	a5,12(sp)
2001126a:	47b2                	lw	a5,12(sp)
2001126c:	46b2                	lw	a3,12(sp)
2001126e:	4532                	lw	a0,12(sp)
20011270:	83e5                	srli	a5,a5,0x19
20011272:	4732                	lw	a4,12(sp)
20011274:	8b85                	andi	a5,a5,1
20011276:	82ed                	srli	a3,a3,0x1b
20011278:	ffc87813          	andi	a6,a6,-4
2001127c:	4632                	lw	a2,12(sp)
2001127e:	00f86833          	or	a6,a6,a5
20011282:	8a89                	andi	a3,a3,2
20011284:	47b2                	lw	a5,12(sp)
20011286:	8149                	srli	a0,a0,0x12
20011288:	0106e6b3          	or	a3,a3,a6
2001128c:	8911                	andi	a0,a0,4
2001128e:	835d                	srli	a4,a4,0x17
20011290:	9acd                	andi	a3,a3,-13
20011292:	8ec9                	or	a3,a3,a0
20011294:	8b21                	andi	a4,a4,8
20011296:	83f9                	srli	a5,a5,0x1e
20011298:	8f55                	or	a4,a4,a3
2001129a:	827d                	srli	a2,a2,0x1f
2001129c:	8b85                	andi	a5,a5,1
2001129e:	00461693          	slli	a3,a2,0x4
200112a2:	fcf77713          	andi	a4,a4,-49
200112a6:	0017c793          	xori	a5,a5,1
200112aa:	8f55                	or	a4,a4,a3
200112ac:	0796                	slli	a5,a5,0x5
200112ae:	8fd9                	or	a5,a5,a4
200112b0:	c19c                	sw	a5,0(a1)
200112b2:	4501                	li	a0,0
200112b4:	0141                	addi	sp,sp,16
200112b6:	8082                	ret

200112b8 <fic_irq_spi>:
200112b8:	300107b7          	lui	a5,0x30010
200112bc:	5bc8                	lw	a0,52(a5)
200112be:	03f57513          	andi	a0,a0,63
200112c2:	c111                	beqz	a0,200112c6 <fic_irq_spi+0xe>
200112c4:	a3dd                	j	200118aa <spi_intr_handler_error_host>
200112c6:	4398                	lw	a4,0(a5)
200112c8:	1101                	addi	sp,sp,-32
200112ca:	ce06                	sw	ra,28(sp)
200112cc:	00276713          	ori	a4,a4,2
200112d0:	006c                	addi	a1,sp,12
200112d2:	30010537          	lui	a0,0x30010
200112d6:	c398                	sw	a4,0(a5)
200112d8:	3761                	jal	20011260 <spi_get_events>
200112da:	4532                	lw	a0,12(sp)
200112dc:	40f2                	lw	ra,28(sp)
200112de:	6105                	addi	sp,sp,32
200112e0:	ab55                	j	20011894 <spi_intr_handler_event_host>

200112e2 <fic_irq_spi_flash>:
200112e2:	200207b7          	lui	a5,0x20020
200112e6:	5bc8                	lw	a0,52(a5)
200112e8:	03f57513          	andi	a0,a0,63
200112ec:	c111                	beqz	a0,200112f0 <fic_irq_spi_flash+0xe>
200112ee:	ab41                	j	2001187e <spi_intr_handler_error_flash>
200112f0:	4398                	lw	a4,0(a5)
200112f2:	1101                	addi	sp,sp,-32
200112f4:	ce06                	sw	ra,28(sp)
200112f6:	00276713          	ori	a4,a4,2
200112fa:	006c                	addi	a1,sp,12
200112fc:	20020537          	lui	a0,0x20020
20011300:	c398                	sw	a4,0(a5)
20011302:	3fb9                	jal	20011260 <spi_get_events>
20011304:	4532                	lw	a0,12(sp)
20011306:	40f2                	lw	ra,28(sp)
20011308:	6105                	addi	sp,sp,32
2001130a:	abb9                	j	20011868 <spi_intr_handler_event_flash>

2001130c <uart_init>:
2001130c:	c139                	beqz	a0,20011352 <uart_init+0x46>
2001130e:	415c                	lw	a5,4(a0)
20011310:	c3a9                	beqz	a5,20011352 <uart_init+0x46>
20011312:	491c                	lw	a5,16(a0)
20011314:	cf9d                	beqz	a5,20011352 <uart_init+0x46>
20011316:	451c                	lw	a5,8(a0)
20011318:	4554                	lw	a3,12(a0)
2001131a:	01079713          	slli	a4,a5,0x10
2001131e:	8341                	srli	a4,a4,0x10
20011320:	02e79e63          	bne	a5,a4,2001135c <uart_init+0x50>
20011324:	ee85                	bnez	a3,2001135c <uart_init+0x50>
20011326:	4118                	lw	a4,0(a0)
20011328:	468d                	li	a3,3
2001132a:	07c2                	slli	a5,a5,0x10
2001132c:	00072623          	sw	zero,12(a4)
20011330:	cf54                	sw	a3,28(a4)
20011332:	02072223          	sw	zero,36(a4)
20011336:	02072623          	sw	zero,44(a4)
2001133a:	00072223          	sw	zero,4(a4)
2001133e:	56fd                	li	a3,-1
20011340:	c314                	sw	a3,0(a4)
20011342:	0037e793          	ori	a5,a5,3
20011346:	c75c                	sw	a5,12(a4)
20011348:	00072223          	sw	zero,4(a4)
2001134c:	73900513          	li	a0,1849
20011350:	8082                	ret
20011352:	01415537          	lui	a0,0x1415
20011356:	50350513          	addi	a0,a0,1283 # 1415503 <_sp+0x1413233>
2001135a:	8082                	ret
2001135c:	02415537          	lui	a0,0x2415
20011360:	50350513          	addi	a0,a0,1283 # 2415503 <_sp+0x2413233>
20011364:	8082                	ret

20011366 <uart_write>:
20011366:	c20d                	beqz	a2,20011388 <uart_write+0x22>
20011368:	4118                	lw	a4,0(a0)
2001136a:	00c58833          	add	a6,a1,a2
2001136e:	0005c683          	lbu	a3,0(a1)
20011372:	4b1c                	lw	a5,16(a4)
20011374:	8b85                	andi	a5,a5,1
20011376:	fff5                	bnez	a5,20011372 <uart_write+0xc>
20011378:	cf14                	sw	a3,24(a4)
2001137a:	4b1c                	lw	a5,16(a4)
2001137c:	838d                	srli	a5,a5,0x3
2001137e:	8b85                	andi	a5,a5,1
20011380:	dfed                	beqz	a5,2001137a <uart_write+0x14>
20011382:	0585                	addi	a1,a1,1
20011384:	ff0595e3          	bne	a1,a6,2001136e <uart_write+0x8>
20011388:	8532                	mv	a0,a2
2001138a:	8082                	ret

2001138c <print_exc_msg>:
2001138c:	1101                	addi	sp,sp,-32
2001138e:	ce06                	sw	ra,28(sp)
20011390:	cc22                	sw	s0,24(sp)
20011392:	240d                	jal	200115b4 <_writestr>
20011394:	34302473          	csrr	s0,mtval
20011398:	20013537          	lui	a0,0x20013
2001139c:	30850513          	addi	a0,a0,776 # 20013308 <_read_r+0x5e0>
200113a0:	2c11                	jal	200115b4 <_writestr>
200113a2:	01045693          	srli	a3,s0,0x10
200113a6:	0ff6f693          	zext.b	a3,a3
200113aa:	06a2                	slli	a3,a3,0x8
200113ac:	01845793          	srli	a5,s0,0x18
200113b0:	00845713          	srli	a4,s0,0x8
200113b4:	8fd5                	or	a5,a5,a3
200113b6:	ff0106b7          	lui	a3,0xff010
200113ba:	0ff77713          	zext.b	a4,a4
200113be:	16fd                	addi	a3,a3,-1 # ff00ffff <_etext+0xdeffca9b>
200113c0:	0742                	slli	a4,a4,0x10
200113c2:	8ff5                	and	a5,a5,a3
200113c4:	8fd9                	or	a5,a5,a4
200113c6:	07a2                	slli	a5,a5,0x8
200113c8:	0462                	slli	s0,s0,0x18
200113ca:	83a1                	srli	a5,a5,0x8
200113cc:	8fc1                	or	a5,a5,s0
200113ce:	c43e                	sw	a5,8(sp)
200113d0:	0028                	addi	a0,sp,8
200113d2:	47a9                	li	a5,10
200113d4:	00f11623          	sh	a5,12(sp)
200113d8:	2af1                	jal	200115b4 <_writestr>
200113da:	a001                	j	200113da <print_exc_msg+0x4e>

200113dc <handler_irq_software>:
200113dc:	7139                	addi	sp,sp,-64
200113de:	d62a                	sw	a0,44(sp)
200113e0:	20013537          	lui	a0,0x20013
200113e4:	31850513          	addi	a0,a0,792 # 20013318 <_read_r+0x5f0>
200113e8:	de06                	sw	ra,60(sp)
200113ea:	dc16                	sw	t0,56(sp)
200113ec:	da1a                	sw	t1,52(sp)
200113ee:	d81e                	sw	t2,48(sp)
200113f0:	d42e                	sw	a1,40(sp)
200113f2:	d232                	sw	a2,36(sp)
200113f4:	d036                	sw	a3,32(sp)
200113f6:	ce3a                	sw	a4,28(sp)
200113f8:	cc3e                	sw	a5,24(sp)
200113fa:	ca42                	sw	a6,20(sp)
200113fc:	c846                	sw	a7,16(sp)
200113fe:	c672                	sw	t3,12(sp)
20011400:	c476                	sw	t4,8(sp)
20011402:	c27a                	sw	t5,4(sp)
20011404:	c07e                	sw	t6,0(sp)
20011406:	227d                	jal	200115b4 <_writestr>
20011408:	a001                	j	20011408 <handler_irq_software+0x2c>
	...

2001140c <handler_irq_timer>:
2001140c:	7139                	addi	sp,sp,-64
2001140e:	d62a                	sw	a0,44(sp)
20011410:	20013537          	lui	a0,0x20013
20011414:	33450513          	addi	a0,a0,820 # 20013334 <_read_r+0x60c>
20011418:	de06                	sw	ra,60(sp)
2001141a:	dc16                	sw	t0,56(sp)
2001141c:	da1a                	sw	t1,52(sp)
2001141e:	d81e                	sw	t2,48(sp)
20011420:	d42e                	sw	a1,40(sp)
20011422:	d232                	sw	a2,36(sp)
20011424:	d036                	sw	a3,32(sp)
20011426:	ce3a                	sw	a4,28(sp)
20011428:	cc3e                	sw	a5,24(sp)
2001142a:	ca42                	sw	a6,20(sp)
2001142c:	c846                	sw	a7,16(sp)
2001142e:	c672                	sw	t3,12(sp)
20011430:	c476                	sw	t4,8(sp)
20011432:	c27a                	sw	t5,4(sp)
20011434:	c07e                	sw	t6,0(sp)
20011436:	2abd                	jal	200115b4 <_writestr>
20011438:	a001                	j	20011438 <handler_irq_timer+0x2c>
	...

2001143c <handler_instr_acc_fault>:
2001143c:	20013537          	lui	a0,0x20013
20011440:	1141                	addi	sp,sp,-16
20011442:	36850513          	addi	a0,a0,872 # 20013368 <_read_r+0x640>
20011446:	c606                	sw	ra,12(sp)
20011448:	3791                	jal	2001138c <print_exc_msg>

2001144a <handler_instr_ill_fault>:
2001144a:	20013537          	lui	a0,0x20013
2001144e:	1141                	addi	sp,sp,-16
20011450:	3a050513          	addi	a0,a0,928 # 200133a0 <_read_r+0x678>
20011454:	c606                	sw	ra,12(sp)
20011456:	3f1d                	jal	2001138c <print_exc_msg>

20011458 <handler_bkpt>:
20011458:	20013537          	lui	a0,0x20013
2001145c:	1141                	addi	sp,sp,-16
2001145e:	3dc50513          	addi	a0,a0,988 # 200133dc <_read_r+0x6b4>
20011462:	c606                	sw	ra,12(sp)
20011464:	3725                	jal	2001138c <print_exc_msg>

20011466 <handler_lsu_fault>:
20011466:	20013537          	lui	a0,0x20013
2001146a:	1141                	addi	sp,sp,-16
2001146c:	41850513          	addi	a0,a0,1048 # 20013418 <_read_r+0x6f0>
20011470:	c606                	sw	ra,12(sp)
20011472:	3f29                	jal	2001138c <print_exc_msg>

20011474 <handler_ecall>:
20011474:	20013537          	lui	a0,0x20013
20011478:	1141                	addi	sp,sp,-16
2001147a:	44c50513          	addi	a0,a0,1100 # 2001344c <_read_r+0x724>
2001147e:	c606                	sw	ra,12(sp)
20011480:	2a15                	jal	200115b4 <_writestr>
20011482:	a001                	j	20011482 <handler_ecall+0xe>

20011484 <handler_exception>:
20011484:	7139                	addi	sp,sp,-64
20011486:	de06                	sw	ra,60(sp)
20011488:	dc16                	sw	t0,56(sp)
2001148a:	da1a                	sw	t1,52(sp)
2001148c:	d81e                	sw	t2,48(sp)
2001148e:	d62a                	sw	a0,44(sp)
20011490:	d42e                	sw	a1,40(sp)
20011492:	d232                	sw	a2,36(sp)
20011494:	d036                	sw	a3,32(sp)
20011496:	ce3a                	sw	a4,28(sp)
20011498:	cc3e                	sw	a5,24(sp)
2001149a:	ca42                	sw	a6,20(sp)
2001149c:	c846                	sw	a7,16(sp)
2001149e:	c672                	sw	t3,12(sp)
200114a0:	c476                	sw	t4,8(sp)
200114a2:	c27a                	sw	t5,4(sp)
200114a4:	c07e                	sw	t6,0(sp)
200114a6:	342027f3          	csrr	a5,mcause
200114aa:	472d                	li	a4,11
200114ac:	8bfd                	andi	a5,a5,31
200114ae:	00f76a63          	bltu	a4,a5,200114c2 <handler_exception+0x3e>
200114b2:	20013737          	lui	a4,0x20013
200114b6:	078a                	slli	a5,a5,0x2
200114b8:	d7c70713          	addi	a4,a4,-644 # 20012d7c <_read_r+0x54>
200114bc:	97ba                	add	a5,a5,a4
200114be:	439c                	lw	a5,0(a5)
200114c0:	8782                	jr	a5
200114c2:	a001                	j	200114c2 <handler_exception+0x3e>
200114c4:	374d                	jal	20011466 <handler_lsu_fault>
200114c6:	50f2                	lw	ra,60(sp)
200114c8:	52e2                	lw	t0,56(sp)
200114ca:	5352                	lw	t1,52(sp)
200114cc:	53c2                	lw	t2,48(sp)
200114ce:	5532                	lw	a0,44(sp)
200114d0:	55a2                	lw	a1,40(sp)
200114d2:	5612                	lw	a2,36(sp)
200114d4:	5682                	lw	a3,32(sp)
200114d6:	4772                	lw	a4,28(sp)
200114d8:	47e2                	lw	a5,24(sp)
200114da:	4852                	lw	a6,20(sp)
200114dc:	48c2                	lw	a7,16(sp)
200114de:	4e32                	lw	t3,12(sp)
200114e0:	4ea2                	lw	t4,8(sp)
200114e2:	4f12                	lw	t5,4(sp)
200114e4:	4f82                	lw	t6,0(sp)
200114e6:	6121                	addi	sp,sp,64
200114e8:	30200073          	mret
200114ec:	3f81                	jal	2001143c <handler_instr_acc_fault>
200114ee:	bfe1                	j	200114c6 <handler_exception+0x42>
200114f0:	3fa9                	jal	2001144a <handler_instr_ill_fault>
200114f2:	bfd1                	j	200114c6 <handler_exception+0x42>
200114f4:	3795                	jal	20011458 <handler_bkpt>
200114f6:	bfc1                	j	200114c6 <handler_exception+0x42>
200114f8:	3fb5                	jal	20011474 <handler_ecall>
200114fa:	b7f1                	j	200114c6 <handler_exception+0x42>

200114fc <init>:
200114fc:	4501                	li	a0,0
200114fe:	8082                	ret

20011500 <_close>:
20011500:	557d                	li	a0,-1
20011502:	8082                	ret

20011504 <_exit>:
20011504:	1101                	addi	sp,sp,-32
20011506:	200007b7          	lui	a5,0x20000
2001150a:	85aa                	mv	a1,a0
2001150c:	0068                	addi	a0,sp,12
2001150e:	ce06                	sw	ra,28(sp)
20011510:	c63e                	sw	a5,12(sp)
20011512:	3699                	jal	20011058 <soc_ctrl_set_exit_value>
20011514:	4585                	li	a1,1
20011516:	0068                	addi	a0,sp,12
20011518:	3e25                	jal	20011050 <soc_ctrl_set_valid>
2001151a:	10500073          	wfi

2001151e <_fstat>:
2001151e:	6789                	lui	a5,0x2
20011520:	c1dc                	sw	a5,4(a1)
20011522:	4501                	li	a0,0
20011524:	8082                	ret

20011526 <_isatty>:
20011526:	157d                	addi	a0,a0,-1
20011528:	00153513          	seqz	a0,a0
2001152c:	8082                	ret

2001152e <_lseek>:
2001152e:	4501                	li	a0,0
20011530:	8082                	ret

20011532 <_read>:
20011532:	4501                	li	a0,0
20011534:	8082                	ret

20011536 <_write>:
20011536:	4785                	li	a5,1
20011538:	06f51363          	bne	a0,a5,2001159e <_write+0x68>
2001153c:	7179                	addi	sp,sp,-48
2001153e:	200007b7          	lui	a5,0x20000
20011542:	c23e                	sw	a5,4(sp)
20011544:	300807b7          	lui	a5,0x30080
20011548:	c43e                	sw	a5,8(sp)
2001154a:	004c57b7          	lui	a5,0x4c5
2001154e:	b4078793          	addi	a5,a5,-1216 # 4c4b40 <_sp+0x4c2870>
20011552:	0048                	addi	a0,sp,4
20011554:	d606                	sw	ra,44(sp)
20011556:	d422                	sw	s0,40(sp)
20011558:	d226                	sw	s1,36(sp)
2001155a:	8432                	mv	s0,a2
2001155c:	84ae                	mv	s1,a1
2001155e:	c63e                	sw	a5,12(sp)
20011560:	3cfd                	jal	2001105e <soc_ctrl_get_frequency>
20011562:	87aa                	mv	a5,a0
20011564:	6735                	lui	a4,0xd
20011566:	cc3e                	sw	a5,24(sp)
20011568:	ccc70713          	addi	a4,a4,-820 # cccc <_sp+0xa9fc>
2001156c:	4781                	li	a5,0
2001156e:	0028                	addi	a0,sp,8
20011570:	ca3e                	sw	a5,20(sp)
20011572:	c83a                	sw	a4,16(sp)
20011574:	3b61                	jal	2001130c <uart_init>
20011576:	73900793          	li	a5,1849
2001157a:	00f51b63          	bne	a0,a5,20011590 <_write+0x5a>
2001157e:	8622                	mv	a2,s0
20011580:	85a6                	mv	a1,s1
20011582:	0028                	addi	a0,sp,8
20011584:	33cd                	jal	20011366 <uart_write>
20011586:	50b2                	lw	ra,44(sp)
20011588:	5422                	lw	s0,40(sp)
2001158a:	5492                	lw	s1,36(sp)
2001158c:	6145                	addi	sp,sp,48
2001158e:	8082                	ret
20011590:	6785                	lui	a5,0x1
20011592:	05800713          	li	a4,88
20011596:	2ce7a423          	sw	a4,712(a5) # 12c8 <errno>
2001159a:	557d                	li	a0,-1
2001159c:	b7ed                	j	20011586 <_write+0x50>
2001159e:	6785                	lui	a5,0x1
200115a0:	05800713          	li	a4,88
200115a4:	2ce7a423          	sw	a4,712(a5) # 12c8 <errno>
200115a8:	557d                	li	a0,-1
200115aa:	8082                	ret

200115ac <_write_r>:
200115ac:	852e                	mv	a0,a1
200115ae:	85b2                	mv	a1,a2
200115b0:	8636                	mv	a2,a3
200115b2:	b751                	j	20011536 <_write>

200115b4 <_writestr>:
200115b4:	1141                	addi	sp,sp,-16
200115b6:	c422                	sw	s0,8(sp)
200115b8:	c606                	sw	ra,12(sp)
200115ba:	842a                	mv	s0,a0
200115bc:	6de000ef          	jal	ra,20011c9a <strlen>
200115c0:	85a2                	mv	a1,s0
200115c2:	4422                	lw	s0,8(sp)
200115c4:	40b2                	lw	ra,12(sp)
200115c6:	00150613          	addi	a2,a0,1
200115ca:	4505                	li	a0,1
200115cc:	0141                	addi	sp,sp,16
200115ce:	b7a5                	j	20011536 <_write>

200115d0 <_sbrk>:
200115d0:	6685                	lui	a3,0x1
200115d2:	6709                	lui	a4,0x2
200115d4:	2d068693          	addi	a3,a3,720 # 12d0 <__BSS_END__>
200115d8:	ad070713          	addi	a4,a4,-1328 # 1ad0 <__heap_end>
200115dc:	87aa                	mv	a5,a0
200115de:	13c02503          	lw	a0,316(zero) # 13c <brk>
200115e2:	00e68c63          	beq	a3,a4,200115fa <_sbrk+0x2a>
200115e6:	97aa                	add	a5,a5,a0
200115e8:	00e7f763          	bgeu	a5,a4,200115f6 <_sbrk+0x26>
200115ec:	00d7e563          	bltu	a5,a3,200115f6 <_sbrk+0x26>
200115f0:	12f02e23          	sw	a5,316(zero) # 13c <brk>
200115f4:	8082                	ret
200115f6:	557d                	li	a0,-1
200115f8:	8082                	ret
200115fa:	4501                	li	a0,0
200115fc:	8082                	ret

200115fe <spi_fill_tx>:
200115fe:	4d58                	lw	a4,28(a0)
20011600:	c321                	beqz	a4,20011640 <spi_fill_tx+0x42>
20011602:	591c                	lw	a5,48(a0)
20011604:	5114                	lw	a3,32(a0)
20011606:	1141                	addi	sp,sp,-16
20011608:	c422                	sw	s0,8(sp)
2001160a:	c606                	sw	ra,12(sp)
2001160c:	842a                	mv	s0,a0
2001160e:	4501                	li	a0,0
20011610:	00d7ed63          	bltu	a5,a3,2001162a <spi_fill_tx+0x2c>
20011614:	40b2                	lw	ra,12(sp)
20011616:	4422                	lw	s0,8(sp)
20011618:	0141                	addi	sp,sp,16
2001161a:	8082                	ret
2001161c:	581c                	lw	a5,48(s0)
2001161e:	5018                	lw	a4,32(s0)
20011620:	0785                	addi	a5,a5,1
20011622:	d81c                	sw	a5,48(s0)
20011624:	00e7f963          	bgeu	a5,a4,20011636 <spi_fill_tx+0x38>
20011628:	4c58                	lw	a4,28(s0)
2001162a:	078a                	slli	a5,a5,0x2
2001162c:	973e                	add	a4,a4,a5
2001162e:	430c                	lw	a1,0(a4)
20011630:	4008                	lw	a0,0(s0)
20011632:	3665                	jal	200111da <spi_write_word>
20011634:	d565                	beqz	a0,2001161c <spi_fill_tx+0x1e>
20011636:	40b2                	lw	ra,12(sp)
20011638:	4422                	lw	s0,8(sp)
2001163a:	4505                	li	a0,1
2001163c:	0141                	addi	sp,sp,16
2001163e:	8082                	ret
20011640:	4501                	li	a0,0
20011642:	8082                	ret

20011644 <spi_empty_rx>:
20011644:	514c                	lw	a1,36(a0)
20011646:	cd9d                	beqz	a1,20011684 <spi_empty_rx+0x40>
20011648:	595c                	lw	a5,52(a0)
2001164a:	5518                	lw	a4,40(a0)
2001164c:	1141                	addi	sp,sp,-16
2001164e:	c422                	sw	s0,8(sp)
20011650:	c606                	sw	ra,12(sp)
20011652:	842a                	mv	s0,a0
20011654:	4501                	li	a0,0
20011656:	00e7ed63          	bltu	a5,a4,20011670 <spi_empty_rx+0x2c>
2001165a:	40b2                	lw	ra,12(sp)
2001165c:	4422                	lw	s0,8(sp)
2001165e:	0141                	addi	sp,sp,16
20011660:	8082                	ret
20011662:	585c                	lw	a5,52(s0)
20011664:	5418                	lw	a4,40(s0)
20011666:	0785                	addi	a5,a5,1
20011668:	d85c                	sw	a5,52(s0)
2001166a:	00e7f863          	bgeu	a5,a4,2001167a <spi_empty_rx+0x36>
2001166e:	504c                	lw	a1,36(s0)
20011670:	4008                	lw	a0,0(s0)
20011672:	078a                	slli	a5,a5,0x2
20011674:	95be                	add	a1,a1,a5
20011676:	3651                	jal	200111fa <spi_read_word>
20011678:	d56d                	beqz	a0,20011662 <spi_empty_rx+0x1e>
2001167a:	40b2                	lw	ra,12(sp)
2001167c:	4422                	lw	s0,8(sp)
2001167e:	4505                	li	a0,1
20011680:	0141                	addi	sp,sp,16
20011682:	8082                	ret
20011684:	4501                	li	a0,0
20011686:	8082                	ret

20011688 <spi_issue_next_seg>:
20011688:	02c52803          	lw	a6,44(a0)
2001168c:	495c                	lw	a5,20(a0)
2001168e:	01854603          	lbu	a2,24(a0)
20011692:	00281713          	slli	a4,a6,0x2
20011696:	97ba                	add	a5,a5,a4
20011698:	439c                	lw	a5,0(a5)
2001169a:	0805                	addi	a6,a6,1
2001169c:	010008b7          	lui	a7,0x1000
200116a0:	0187d713          	srli	a4,a5,0x18
200116a4:	8b3d                	andi	a4,a4,15
200116a6:	18fd                	addi	a7,a7,-1 # ffffff <_sp+0xffdd2f>
200116a8:	00275593          	srli	a1,a4,0x2
200116ac:	41060633          	sub	a2,a2,a6
200116b0:	8b0d                	andi	a4,a4,3
200116b2:	076e                	slli	a4,a4,0x1b
200116b4:	0117f7b3          	and	a5,a5,a7
200116b8:	05e6                	slli	a1,a1,0x19
200116ba:	00c03633          	snez	a2,a2
200116be:	86aa                	mv	a3,a0
200116c0:	8dd9                	or	a1,a1,a4
200116c2:	4108                	lw	a0,0(a0)
200116c4:	01861713          	slli	a4,a2,0x18
200116c8:	17fd                	addi	a5,a5,-1
200116ca:	8dd9                	or	a1,a1,a4
200116cc:	0117f7b3          	and	a5,a5,a7
200116d0:	0306a623          	sw	a6,44(a3)
200116d4:	8ddd                	or	a1,a1,a5
200116d6:	ac7ff06f          	j	2001119c <spi_set_command>

200116da <spi_reset_peri>:
200116da:	1141                	addi	sp,sp,-16
200116dc:	c422                	sw	s0,8(sp)
200116de:	842a                	mv	s0,a0
200116e0:	4108                	lw	a0,0(a0)
200116e2:	c606                	sw	ra,12(sp)
200116e4:	02042623          	sw	zero,44(s0)
200116e8:	02042823          	sw	zero,48(s0)
200116ec:	02042a23          	sw	zero,52(s0)
200116f0:	00042a23          	sw	zero,20(s0)
200116f4:	00042c23          	sw	zero,24(s0)
200116f8:	00042e23          	sw	zero,28(s0)
200116fc:	02042023          	sw	zero,32(s0)
20011700:	02042223          	sw	zero,36(s0)
20011704:	02042423          	sw	zero,40(s0)
20011708:	02042c23          	sw	zero,56(s0)
2001170c:	02042e23          	sw	zero,60(s0)
20011710:	04042023          	sw	zero,64(s0)
20011714:	04042223          	sw	zero,68(s0)
20011718:	9afff0ef          	jal	ra,200110c6 <spi_sw_reset>
2001171c:	4008                	lw	a0,0(s0)
2001171e:	4585                	li	a1,1
20011720:	9edff0ef          	jal	ra,2001110c <spi_set_enable>
20011724:	4008                	lw	a0,0(s0)
20011726:	4585                	li	a1,1
20011728:	3e31                	jal	20011244 <spi_output_enable>
2001172a:	4008                	lw	a0,0(s0)
2001172c:	4605                	li	a2,1
2001172e:	45fd                	li	a1,31
20011730:	96dff0ef          	jal	ra,2001109c <spi_set_errors_enabled>
20011734:	4008                	lw	a0,0(s0)
20011736:	4585                	li	a1,1
20011738:	3cdd                	jal	2001122e <spi_enable_error_intr>
2001173a:	00444583          	lbu	a1,4(s0)
2001173e:	4008                	lw	a0,0(s0)
20011740:	9e5ff0ef          	jal	ra,20011124 <spi_set_tx_watermark>
20011744:	00544583          	lbu	a1,5(s0)
20011748:	4008                	lw	a0,0(s0)
2001174a:	a01ff0ef          	jal	ra,2001114a <spi_set_rx_watermark>
2001174e:	4785                	li	a5,1
20011750:	40b2                	lw	ra,12(sp)
20011752:	c81c                	sw	a5,16(s0)
20011754:	00042423          	sw	zero,8(s0)
20011758:	4422                	lw	s0,8(sp)
2001175a:	0141                	addi	sp,sp,16
2001175c:	8082                	ret

2001175e <spi_event_handler>:
2001175e:	1141                	addi	sp,sp,-16
20011760:	c422                	sw	s0,8(sp)
20011762:	c226                	sw	s1,4(sp)
20011764:	c606                	sw	ra,12(sp)
20011766:	0105f793          	andi	a5,a1,16
2001176a:	842e                	mv	s0,a1
2001176c:	84aa                	mv	s1,a0
2001176e:	cb99                	beqz	a5,20011784 <spi_event_handler+0x26>
20011770:	495c                	lw	a5,20(a0)
20011772:	c791                	beqz	a5,2001177e <spi_event_handler+0x20>
20011774:	01854783          	lbu	a5,24(a0)
20011778:	5558                	lw	a4,44(a0)
2001177a:	0af76863          	bltu	a4,a5,2001182a <spi_event_handler+0xcc>
2001177e:	02047793          	andi	a5,s0,32
20011782:	e7a1                	bnez	a5,200117ca <spi_event_handler+0x6c>
20011784:	00847793          	andi	a5,s0,8
20011788:	e795                	bnez	a5,200117b4 <spi_event_handler+0x56>
2001178a:	8811                	andi	s0,s0,4
2001178c:	e411                	bnez	s0,20011798 <spi_event_handler+0x3a>
2001178e:	40b2                	lw	ra,12(sp)
20011790:	4422                	lw	s0,8(sp)
20011792:	4492                	lw	s1,4(sp)
20011794:	0141                	addi	sp,sp,16
20011796:	8082                	ret
20011798:	8526                	mv	a0,s1
2001179a:	356d                	jal	20011644 <spi_empty_rx>
2001179c:	d96d                	beqz	a0,2001178e <spi_event_handler+0x30>
2001179e:	40bc                	lw	a5,64(s1)
200117a0:	d7fd                	beqz	a5,2001178e <spi_event_handler+0x30>
200117a2:	4422                	lw	s0,8(sp)
200117a4:	58d4                	lw	a3,52(s1)
200117a6:	50d0                	lw	a2,36(s1)
200117a8:	588c                	lw	a1,48(s1)
200117aa:	4cc8                	lw	a0,28(s1)
200117ac:	40b2                	lw	ra,12(sp)
200117ae:	4492                	lw	s1,4(sp)
200117b0:	0141                	addi	sp,sp,16
200117b2:	8782                	jr	a5
200117b4:	8526                	mv	a0,s1
200117b6:	35a1                	jal	200115fe <spi_fill_tx>
200117b8:	d969                	beqz	a0,2001178a <spi_event_handler+0x2c>
200117ba:	5cdc                	lw	a5,60(s1)
200117bc:	d7f9                	beqz	a5,2001178a <spi_event_handler+0x2c>
200117be:	58d4                	lw	a3,52(s1)
200117c0:	50d0                	lw	a2,36(s1)
200117c2:	588c                	lw	a1,48(s1)
200117c4:	4cc8                	lw	a0,28(s1)
200117c6:	9782                	jalr	a5
200117c8:	b7c9                	j	2001178a <spi_event_handler+0x2c>
200117ca:	4088                	lw	a0,0(s1)
200117cc:	4601                	li	a2,0
200117ce:	03f00593          	li	a1,63
200117d2:	89fff0ef          	jal	ra,20011070 <spi_set_events_enabled>
200117d6:	4088                	lw	a0,0(s1)
200117d8:	4581                	li	a1,0
200117da:	a3fff0ef          	jal	ra,20011218 <spi_enable_evt_intr>
200117de:	8526                	mv	a0,s1
200117e0:	3595                	jal	20011644 <spi_empty_rx>
200117e2:	5c9c                	lw	a5,56(s1)
200117e4:	4711                	li	a4,4
200117e6:	c898                	sw	a4,16(s1)
200117e8:	c791                	beqz	a5,200117f4 <spi_event_handler+0x96>
200117ea:	58d4                	lw	a3,52(s1)
200117ec:	50d0                	lw	a2,36(s1)
200117ee:	588c                	lw	a1,48(s1)
200117f0:	4cc8                	lw	a0,28(s1)
200117f2:	9782                	jalr	a5
200117f4:	0204a623          	sw	zero,44(s1) # 2000002c <_sp+0x1fffdd5c>
200117f8:	0204a823          	sw	zero,48(s1)
200117fc:	0204aa23          	sw	zero,52(s1)
20011800:	0004aa23          	sw	zero,20(s1)
20011804:	0004ac23          	sw	zero,24(s1)
20011808:	0004ae23          	sw	zero,28(s1)
2001180c:	0204a023          	sw	zero,32(s1)
20011810:	0204a223          	sw	zero,36(s1)
20011814:	0204a423          	sw	zero,40(s1)
20011818:	0204ac23          	sw	zero,56(s1)
2001181c:	0204ae23          	sw	zero,60(s1)
20011820:	0404a023          	sw	zero,64(s1)
20011824:	0404a223          	sw	zero,68(s1)
20011828:	b79d                	j	2001178e <spi_event_handler+0x30>
2001182a:	3db9                	jal	20011688 <spi_issue_next_seg>
2001182c:	bfa1                	j	20011784 <spi_event_handler+0x26>

2001182e <spi_error_handler>:
2001182e:	1141                	addi	sp,sp,-16
20011830:	c422                	sw	s0,8(sp)
20011832:	842a                	mv	s0,a0
20011834:	4108                	lw	a0,0(a0)
20011836:	4601                	li	a2,0
20011838:	03f00593          	li	a1,63
2001183c:	c606                	sw	ra,12(sp)
2001183e:	833ff0ef          	jal	ra,20011070 <spi_set_events_enabled>
20011842:	4008                	lw	a0,0(s0)
20011844:	4581                	li	a1,0
20011846:	9d3ff0ef          	jal	ra,20011218 <spi_enable_evt_intr>
2001184a:	407c                	lw	a5,68(s0)
2001184c:	c791                	beqz	a5,20011858 <spi_error_handler+0x2a>
2001184e:	5854                	lw	a3,52(s0)
20011850:	5050                	lw	a2,36(s0)
20011852:	580c                	lw	a1,48(s0)
20011854:	4c48                	lw	a0,28(s0)
20011856:	9782                	jalr	a5
20011858:	8522                	mv	a0,s0
2001185a:	3541                	jal	200116da <spi_reset_peri>
2001185c:	47a1                	li	a5,8
2001185e:	40b2                	lw	ra,12(sp)
20011860:	c81c                	sw	a5,16(s0)
20011862:	4422                	lw	s0,8(sp)
20011864:	0141                	addi	sp,sp,16
20011866:	8082                	ret

20011868 <spi_intr_handler_event_flash>:
20011868:	00400713          	li	a4,4
2001186c:	4b14                	lw	a3,16(a4)
2001186e:	4709                	li	a4,2
20011870:	00e68363          	beq	a3,a4,20011876 <spi_intr_handler_event_flash+0xe>
20011874:	8082                	ret
20011876:	85aa                	mv	a1,a0
20011878:	00400513          	li	a0,4
2001187c:	b5cd                	j	2001175e <spi_event_handler>

2001187e <spi_intr_handler_error_flash>:
2001187e:	00400713          	li	a4,4
20011882:	4b14                	lw	a3,16(a4)
20011884:	4709                	li	a4,2
20011886:	00e68363          	beq	a3,a4,2001188c <spi_intr_handler_error_flash+0xe>
2001188a:	8082                	ret
2001188c:	85aa                	mv	a1,a0
2001188e:	00400513          	li	a0,4
20011892:	bf71                	j	2001182e <spi_error_handler>

20011894 <spi_intr_handler_event_host>:
20011894:	00400793          	li	a5,4
20011898:	4fb4                	lw	a3,88(a5)
2001189a:	4709                	li	a4,2
2001189c:	00e68363          	beq	a3,a4,200118a2 <spi_intr_handler_event_host+0xe>
200118a0:	8082                	ret
200118a2:	85aa                	mv	a1,a0
200118a4:	04878513          	addi	a0,a5,72
200118a8:	bd5d                	j	2001175e <spi_event_handler>

200118aa <spi_intr_handler_error_host>:
200118aa:	00400793          	li	a5,4
200118ae:	4fb4                	lw	a3,88(a5)
200118b0:	4709                	li	a4,2
200118b2:	00e68363          	beq	a3,a4,200118b8 <spi_intr_handler_error_host+0xe>
200118b6:	8082                	ret
200118b8:	85aa                	mv	a1,a0
200118ba:	04878513          	addi	a0,a5,72
200118be:	bf85                	j	2001182e <spi_error_handler>

200118c0 <atexit>:
200118c0:	85aa                	mv	a1,a0
200118c2:	4681                	li	a3,0
200118c4:	4601                	li	a2,0
200118c6:	4501                	li	a0,0
200118c8:	a345                	j	20011e68 <__register_exitproc>

200118ca <exit>:
200118ca:	1141                	addi	sp,sp,-16
200118cc:	200127b7          	lui	a5,0x20012
200118d0:	c422                	sw	s0,8(sp)
200118d2:	c606                	sw	ra,12(sp)
200118d4:	ee278793          	addi	a5,a5,-286 # 20011ee2 <__call_exitprocs>
200118d8:	842a                	mv	s0,a0
200118da:	c399                	beqz	a5,200118e0 <exit+0x16>
200118dc:	4581                	li	a1,0
200118de:	2511                	jal	20011ee2 <__call_exitprocs>
200118e0:	200137b7          	lui	a5,0x20013
200118e4:	5607a503          	lw	a0,1376(a5) # 20013560 <_global_impure_ptr>
200118e8:	551c                	lw	a5,40(a0)
200118ea:	c391                	beqz	a5,200118ee <exit+0x24>
200118ec:	9782                	jalr	a5
200118ee:	8522                	mv	a0,s0
200118f0:	3911                	jal	20011504 <_exit>

200118f2 <__libc_fini_array>:
200118f2:	1141                	addi	sp,sp,-16
200118f4:	c422                	sw	s0,8(sp)
200118f6:	00000713          	li	a4,0
200118fa:	00000413          	li	s0,0
200118fe:	8c19                	sub	s0,s0,a4
20011900:	c226                	sw	s1,4(sp)
20011902:	c606                	sw	ra,12(sp)
20011904:	8409                	srai	s0,s0,0x2
20011906:	00000493          	li	s1,0
2001190a:	e411                	bnez	s0,20011916 <__libc_fini_array+0x24>
2001190c:	40b2                	lw	ra,12(sp)
2001190e:	4422                	lw	s0,8(sp)
20011910:	4492                	lw	s1,4(sp)
20011912:	0141                	addi	sp,sp,16
20011914:	8082                	ret
20011916:	147d                	addi	s0,s0,-1
20011918:	00241793          	slli	a5,s0,0x2
2001191c:	97a6                	add	a5,a5,s1
2001191e:	439c                	lw	a5,0(a5)
20011920:	9782                	jalr	a5
20011922:	b7e5                	j	2001190a <__libc_fini_array+0x18>

20011924 <__libc_init_array>:
20011924:	1141                	addi	sp,sp,-16
20011926:	c422                	sw	s0,8(sp)
20011928:	c226                	sw	s1,4(sp)
2001192a:	00000793          	li	a5,0
2001192e:	00000413          	li	s0,0
20011932:	8c1d                	sub	s0,s0,a5
20011934:	c04a                	sw	s2,0(sp)
20011936:	c606                	sw	ra,12(sp)
20011938:	8409                	srai	s0,s0,0x2
2001193a:	00000493          	li	s1,0
2001193e:	4901                	li	s2,0
20011940:	02891363          	bne	s2,s0,20011966 <__libc_init_array+0x42>
20011944:	00000793          	li	a5,0
20011948:	00000413          	li	s0,0
2001194c:	8c1d                	sub	s0,s0,a5
2001194e:	8409                	srai	s0,s0,0x2
20011950:	00000493          	li	s1,0
20011954:	4901                	li	s2,0
20011956:	00891d63          	bne	s2,s0,20011970 <__libc_init_array+0x4c>
2001195a:	40b2                	lw	ra,12(sp)
2001195c:	4422                	lw	s0,8(sp)
2001195e:	4492                	lw	s1,4(sp)
20011960:	4902                	lw	s2,0(sp)
20011962:	0141                	addi	sp,sp,16
20011964:	8082                	ret
20011966:	409c                	lw	a5,0(s1)
20011968:	0905                	addi	s2,s2,1
2001196a:	0491                	addi	s1,s1,4
2001196c:	9782                	jalr	a5
2001196e:	bfc9                	j	20011940 <__libc_init_array+0x1c>
20011970:	409c                	lw	a5,0(s1)
20011972:	0905                	addi	s2,s2,1
20011974:	0491                	addi	s1,s1,4
20011976:	9782                	jalr	a5
20011978:	bff9                	j	20011956 <__libc_init_array+0x32>

2001197a <memcmp>:
2001197a:	4701                	li	a4,0
2001197c:	00e61463          	bne	a2,a4,20011984 <memcmp+0xa>
20011980:	4501                	li	a0,0
20011982:	8082                	ret
20011984:	00e507b3          	add	a5,a0,a4
20011988:	0705                	addi	a4,a4,1
2001198a:	00e586b3          	add	a3,a1,a4
2001198e:	0007c783          	lbu	a5,0(a5)
20011992:	fff6c683          	lbu	a3,-1(a3)
20011996:	fed783e3          	beq	a5,a3,2001197c <memcmp+0x2>
2001199a:	40d78533          	sub	a0,a5,a3
2001199e:	8082                	ret

200119a0 <_free_r>:
200119a0:	c1cd                	beqz	a1,20011a42 <_free_r+0xa2>
200119a2:	ffc5a783          	lw	a5,-4(a1)
200119a6:	1101                	addi	sp,sp,-32
200119a8:	cc22                	sw	s0,24(sp)
200119aa:	ce06                	sw	ra,28(sp)
200119ac:	ffc58413          	addi	s0,a1,-4
200119b0:	0007d363          	bgez	a5,200119b6 <_free_r+0x16>
200119b4:	943e                	add	s0,s0,a5
200119b6:	c62a                	sw	a0,12(sp)
200119b8:	2bb000ef          	jal	ra,20012472 <__malloc_lock>
200119bc:	6705                	lui	a4,0x1
200119be:	2c472783          	lw	a5,708(a4) # 12c4 <__malloc_free_list>
200119c2:	4532                	lw	a0,12(sp)
200119c4:	eb91                	bnez	a5,200119d8 <_free_r+0x38>
200119c6:	00042223          	sw	zero,4(s0)
200119ca:	2c872223          	sw	s0,708(a4)
200119ce:	4462                	lw	s0,24(sp)
200119d0:	40f2                	lw	ra,28(sp)
200119d2:	6105                	addi	sp,sp,32
200119d4:	2a10006f          	j	20012474 <__malloc_unlock>
200119d8:	00f47d63          	bgeu	s0,a5,200119f2 <_free_r+0x52>
200119dc:	4010                	lw	a2,0(s0)
200119de:	00c406b3          	add	a3,s0,a2
200119e2:	00d79663          	bne	a5,a3,200119ee <_free_r+0x4e>
200119e6:	4394                	lw	a3,0(a5)
200119e8:	43dc                	lw	a5,4(a5)
200119ea:	96b2                	add	a3,a3,a2
200119ec:	c014                	sw	a3,0(s0)
200119ee:	c05c                	sw	a5,4(s0)
200119f0:	bfe9                	j	200119ca <_free_r+0x2a>
200119f2:	873e                	mv	a4,a5
200119f4:	43dc                	lw	a5,4(a5)
200119f6:	c399                	beqz	a5,200119fc <_free_r+0x5c>
200119f8:	fef47de3          	bgeu	s0,a5,200119f2 <_free_r+0x52>
200119fc:	4314                	lw	a3,0(a4)
200119fe:	00d70633          	add	a2,a4,a3
20011a02:	00861f63          	bne	a2,s0,20011a20 <_free_r+0x80>
20011a06:	4010                	lw	a2,0(s0)
20011a08:	96b2                	add	a3,a3,a2
20011a0a:	c314                	sw	a3,0(a4)
20011a0c:	00d70633          	add	a2,a4,a3
20011a10:	fac79fe3          	bne	a5,a2,200119ce <_free_r+0x2e>
20011a14:	4390                	lw	a2,0(a5)
20011a16:	43dc                	lw	a5,4(a5)
20011a18:	96b2                	add	a3,a3,a2
20011a1a:	c314                	sw	a3,0(a4)
20011a1c:	c35c                	sw	a5,4(a4)
20011a1e:	bf45                	j	200119ce <_free_r+0x2e>
20011a20:	00c47563          	bgeu	s0,a2,20011a2a <_free_r+0x8a>
20011a24:	47b1                	li	a5,12
20011a26:	c11c                	sw	a5,0(a0)
20011a28:	b75d                	j	200119ce <_free_r+0x2e>
20011a2a:	4010                	lw	a2,0(s0)
20011a2c:	00c406b3          	add	a3,s0,a2
20011a30:	00d79663          	bne	a5,a3,20011a3c <_free_r+0x9c>
20011a34:	4394                	lw	a3,0(a5)
20011a36:	43dc                	lw	a5,4(a5)
20011a38:	96b2                	add	a3,a3,a2
20011a3a:	c014                	sw	a3,0(s0)
20011a3c:	c05c                	sw	a5,4(s0)
20011a3e:	c340                	sw	s0,4(a4)
20011a40:	b779                	j	200119ce <_free_r+0x2e>
20011a42:	8082                	ret

20011a44 <_malloc_r>:
20011a44:	1101                	addi	sp,sp,-32
20011a46:	ca26                	sw	s1,20(sp)
20011a48:	00358493          	addi	s1,a1,3
20011a4c:	98f1                	andi	s1,s1,-4
20011a4e:	c84a                	sw	s2,16(sp)
20011a50:	ce06                	sw	ra,28(sp)
20011a52:	cc22                	sw	s0,24(sp)
20011a54:	c64e                	sw	s3,12(sp)
20011a56:	04a1                	addi	s1,s1,8
20011a58:	47b1                	li	a5,12
20011a5a:	892a                	mv	s2,a0
20011a5c:	04f4f363          	bgeu	s1,a5,20011aa2 <_malloc_r+0x5e>
20011a60:	44b1                	li	s1,12
20011a62:	04b4e263          	bltu	s1,a1,20011aa6 <_malloc_r+0x62>
20011a66:	854a                	mv	a0,s2
20011a68:	20b000ef          	jal	ra,20012472 <__malloc_lock>
20011a6c:	6685                	lui	a3,0x1
20011a6e:	2c46a703          	lw	a4,708(a3) # 12c4 <__malloc_free_list>
20011a72:	843a                	mv	s0,a4
20011a74:	e421                	bnez	s0,20011abc <_malloc_r+0x78>
20011a76:	6405                	lui	s0,0x1
20011a78:	2c042783          	lw	a5,704(s0) # 12c0 <__malloc_sbrk_start>
20011a7c:	e791                	bnez	a5,20011a88 <_malloc_r+0x44>
20011a7e:	4581                	li	a1,0
20011a80:	854a                	mv	a0,s2
20011a82:	22ed                	jal	20011c6c <_sbrk_r>
20011a84:	2ca42023          	sw	a0,704(s0)
20011a88:	85a6                	mv	a1,s1
20011a8a:	854a                	mv	a0,s2
20011a8c:	22c5                	jal	20011c6c <_sbrk_r>
20011a8e:	59fd                	li	s3,-1
20011a90:	07351b63          	bne	a0,s3,20011b06 <_malloc_r+0xc2>
20011a94:	47b1                	li	a5,12
20011a96:	00f92023          	sw	a5,0(s2)
20011a9a:	854a                	mv	a0,s2
20011a9c:	1d9000ef          	jal	ra,20012474 <__malloc_unlock>
20011aa0:	a031                	j	20011aac <_malloc_r+0x68>
20011aa2:	fc04d0e3          	bgez	s1,20011a62 <_malloc_r+0x1e>
20011aa6:	47b1                	li	a5,12
20011aa8:	00f92023          	sw	a5,0(s2)
20011aac:	4501                	li	a0,0
20011aae:	40f2                	lw	ra,28(sp)
20011ab0:	4462                	lw	s0,24(sp)
20011ab2:	44d2                	lw	s1,20(sp)
20011ab4:	4942                	lw	s2,16(sp)
20011ab6:	49b2                	lw	s3,12(sp)
20011ab8:	6105                	addi	sp,sp,32
20011aba:	8082                	ret
20011abc:	401c                	lw	a5,0(s0)
20011abe:	8f85                	sub	a5,a5,s1
20011ac0:	0407c063          	bltz	a5,20011b00 <_malloc_r+0xbc>
20011ac4:	462d                	li	a2,11
20011ac6:	00f67663          	bgeu	a2,a5,20011ad2 <_malloc_r+0x8e>
20011aca:	c01c                	sw	a5,0(s0)
20011acc:	943e                	add	s0,s0,a5
20011ace:	c004                	sw	s1,0(s0)
20011ad0:	a031                	j	20011adc <_malloc_r+0x98>
20011ad2:	405c                	lw	a5,4(s0)
20011ad4:	02871463          	bne	a4,s0,20011afc <_malloc_r+0xb8>
20011ad8:	2cf6a223          	sw	a5,708(a3)
20011adc:	854a                	mv	a0,s2
20011ade:	197000ef          	jal	ra,20012474 <__malloc_unlock>
20011ae2:	00b40513          	addi	a0,s0,11
20011ae6:	00440793          	addi	a5,s0,4
20011aea:	9961                	andi	a0,a0,-8
20011aec:	40f50733          	sub	a4,a0,a5
20011af0:	faf50fe3          	beq	a0,a5,20011aae <_malloc_r+0x6a>
20011af4:	943a                	add	s0,s0,a4
20011af6:	8f89                	sub	a5,a5,a0
20011af8:	c01c                	sw	a5,0(s0)
20011afa:	bf55                	j	20011aae <_malloc_r+0x6a>
20011afc:	c35c                	sw	a5,4(a4)
20011afe:	bff9                	j	20011adc <_malloc_r+0x98>
20011b00:	8722                	mv	a4,s0
20011b02:	4040                	lw	s0,4(s0)
20011b04:	bf85                	j	20011a74 <_malloc_r+0x30>
20011b06:	00350413          	addi	s0,a0,3
20011b0a:	9871                	andi	s0,s0,-4
20011b0c:	fc8501e3          	beq	a0,s0,20011ace <_malloc_r+0x8a>
20011b10:	40a405b3          	sub	a1,s0,a0
20011b14:	854a                	mv	a0,s2
20011b16:	2a99                	jal	20011c6c <_sbrk_r>
20011b18:	fb351be3          	bne	a0,s3,20011ace <_malloc_r+0x8a>
20011b1c:	bfa5                	j	20011a94 <_malloc_r+0x50>

20011b1e <iprintf>:
20011b1e:	715d                	addi	sp,sp,-80
20011b20:	c2be                	sw	a5,68(sp)
20011b22:	d422                	sw	s0,40(sp)
20011b24:	842a                	mv	s0,a0
20011b26:	14002503          	lw	a0,320(zero) # 140 <_impure_ptr>
20011b2a:	d606                	sw	ra,44(sp)
20011b2c:	da2e                	sw	a1,52(sp)
20011b2e:	dc32                	sw	a2,56(sp)
20011b30:	de36                	sw	a3,60(sp)
20011b32:	c0ba                	sw	a4,64(sp)
20011b34:	c4c2                	sw	a6,72(sp)
20011b36:	c6c6                	sw	a7,76(sp)
20011b38:	c511                	beqz	a0,20011b44 <iprintf+0x26>
20011b3a:	4d1c                	lw	a5,24(a0)
20011b3c:	e781                	bnez	a5,20011b44 <iprintf+0x26>
20011b3e:	c62a                	sw	a0,12(sp)
20011b40:	2d7d                	jal	200121fe <__sinit>
20011b42:	4532                	lw	a0,12(sp)
20011b44:	450c                	lw	a1,8(a0)
20011b46:	1854                	addi	a3,sp,52
20011b48:	8622                	mv	a2,s0
20011b4a:	ce36                	sw	a3,28(sp)
20011b4c:	197000ef          	jal	ra,200124e2 <_vfiprintf_r>
20011b50:	50b2                	lw	ra,44(sp)
20011b52:	5422                	lw	s0,40(sp)
20011b54:	6161                	addi	sp,sp,80
20011b56:	8082                	ret

20011b58 <putchar>:
20011b58:	85aa                	mv	a1,a0
20011b5a:	14002503          	lw	a0,320(zero) # 140 <_impure_ptr>
20011b5e:	cd19                	beqz	a0,20011b7c <putchar+0x24>
20011b60:	4d1c                	lw	a5,24(a0)
20011b62:	ef89                	bnez	a5,20011b7c <putchar+0x24>
20011b64:	1101                	addi	sp,sp,-32
20011b66:	ce06                	sw	ra,28(sp)
20011b68:	c62e                	sw	a1,12(sp)
20011b6a:	c42a                	sw	a0,8(sp)
20011b6c:	2d49                	jal	200121fe <__sinit>
20011b6e:	4522                	lw	a0,8(sp)
20011b70:	45b2                	lw	a1,12(sp)
20011b72:	40f2                	lw	ra,28(sp)
20011b74:	4510                	lw	a2,8(a0)
20011b76:	6105                	addi	sp,sp,32
20011b78:	7970006f          	j	20012b0e <_putc_r>
20011b7c:	4510                	lw	a2,8(a0)
20011b7e:	bfed                	j	20011b78 <putchar+0x20>

20011b80 <_puts_r>:
20011b80:	1101                	addi	sp,sp,-32
20011b82:	ca26                	sw	s1,20(sp)
20011b84:	ce06                	sw	ra,28(sp)
20011b86:	cc22                	sw	s0,24(sp)
20011b88:	c84a                	sw	s2,16(sp)
20011b8a:	c64e                	sw	s3,12(sp)
20011b8c:	c452                	sw	s4,8(sp)
20011b8e:	84aa                	mv	s1,a0
20011b90:	e119                	bnez	a0,20011b96 <_puts_r+0x16>
20011b92:	451c                	lw	a5,8(a0)
20011b94:	9002                	ebreak
20011b96:	4d1c                	lw	a5,24(a0)
20011b98:	892e                	mv	s2,a1
20011b9a:	ef9d                	bnez	a5,20011bd8 <_puts_r+0x58>
20011b9c:	258d                	jal	200121fe <__sinit>
20011b9e:	4c9c                	lw	a5,24(s1)
20011ba0:	4480                	lw	s0,8(s1)
20011ba2:	cf8d                	beqz	a5,20011bdc <_puts_r+0x5c>
20011ba4:	200137b7          	lui	a5,0x20013
20011ba8:	4ac78793          	addi	a5,a5,1196 # 200134ac <__sf_fake_stdin>
20011bac:	02f41b63          	bne	s0,a5,20011be2 <_puts_r+0x62>
20011bb0:	40c0                	lw	s0,4(s1)
20011bb2:	00c45783          	lhu	a5,12(s0)
20011bb6:	8ba1                	andi	a5,a5,8
20011bb8:	c399                	beqz	a5,20011bbe <_puts_r+0x3e>
20011bba:	481c                	lw	a5,16(s0)
20011bbc:	ebc9                	bnez	a5,20011c4e <_puts_r+0xce>
20011bbe:	85a2                	mv	a1,s0
20011bc0:	8526                	mv	a0,s1
20011bc2:	226d                	jal	20011d6c <__swsetup_r>
20011bc4:	c549                	beqz	a0,20011c4e <_puts_r+0xce>
20011bc6:	557d                	li	a0,-1
20011bc8:	40f2                	lw	ra,28(sp)
20011bca:	4462                	lw	s0,24(sp)
20011bcc:	44d2                	lw	s1,20(sp)
20011bce:	4942                	lw	s2,16(sp)
20011bd0:	49b2                	lw	s3,12(sp)
20011bd2:	4a22                	lw	s4,8(sp)
20011bd4:	6105                	addi	sp,sp,32
20011bd6:	8082                	ret
20011bd8:	4500                	lw	s0,8(a0)
20011bda:	b7e9                	j	20011ba4 <_puts_r+0x24>
20011bdc:	8526                	mv	a0,s1
20011bde:	2505                	jal	200121fe <__sinit>
20011be0:	b7d1                	j	20011ba4 <_puts_r+0x24>
20011be2:	200137b7          	lui	a5,0x20013
20011be6:	48c78793          	addi	a5,a5,1164 # 2001348c <__sf_fake_stdout>
20011bea:	00f41463          	bne	s0,a5,20011bf2 <_puts_r+0x72>
20011bee:	4480                	lw	s0,8(s1)
20011bf0:	b7c9                	j	20011bb2 <_puts_r+0x32>
20011bf2:	200137b7          	lui	a5,0x20013
20011bf6:	46c78793          	addi	a5,a5,1132 # 2001346c <__sf_fake_stderr>
20011bfa:	faf41ce3          	bne	s0,a5,20011bb2 <_puts_r+0x32>
20011bfe:	44c0                	lw	s0,12(s1)
20011c00:	bf4d                	j	20011bb2 <_puts_r+0x32>
20011c02:	c41c                	sw	a5,8(s0)
20011c04:	0905                	addi	s2,s2,1
20011c06:	0207c963          	bltz	a5,20011c38 <_puts_r+0xb8>
20011c0a:	401c                	lw	a5,0(s0)
20011c0c:	00178713          	addi	a4,a5,1
20011c10:	c018                	sw	a4,0(s0)
20011c12:	00b78023          	sb	a1,0(a5)
20011c16:	441c                	lw	a5,8(s0)
20011c18:	00094583          	lbu	a1,0(s2)
20011c1c:	17fd                	addi	a5,a5,-1
20011c1e:	f1f5                	bnez	a1,20011c02 <_puts_r+0x82>
20011c20:	c41c                	sw	a5,8(s0)
20011c22:	0207d963          	bgez	a5,20011c54 <_puts_r+0xd4>
20011c26:	8622                	mv	a2,s0
20011c28:	45a9                	li	a1,10
20011c2a:	8526                	mv	a0,s1
20011c2c:	2041                	jal	20011cac <__swbuf_r>
20011c2e:	57fd                	li	a5,-1
20011c30:	f8f50be3          	beq	a0,a5,20011bc6 <_puts_r+0x46>
20011c34:	4529                	li	a0,10
20011c36:	bf49                	j	20011bc8 <_puts_r+0x48>
20011c38:	4c18                	lw	a4,24(s0)
20011c3a:	00e7c463          	blt	a5,a4,20011c42 <_puts_r+0xc2>
20011c3e:	fd4596e3          	bne	a1,s4,20011c0a <_puts_r+0x8a>
20011c42:	8622                	mv	a2,s0
20011c44:	8526                	mv	a0,s1
20011c46:	209d                	jal	20011cac <__swbuf_r>
20011c48:	fd3517e3          	bne	a0,s3,20011c16 <_puts_r+0x96>
20011c4c:	bfad                	j	20011bc6 <_puts_r+0x46>
20011c4e:	59fd                	li	s3,-1
20011c50:	4a29                	li	s4,10
20011c52:	b7d1                	j	20011c16 <_puts_r+0x96>
20011c54:	401c                	lw	a5,0(s0)
20011c56:	00178713          	addi	a4,a5,1
20011c5a:	c018                	sw	a4,0(s0)
20011c5c:	4729                	li	a4,10
20011c5e:	00e78023          	sb	a4,0(a5)
20011c62:	bfc9                	j	20011c34 <_puts_r+0xb4>

20011c64 <puts>:
20011c64:	85aa                	mv	a1,a0
20011c66:	14002503          	lw	a0,320(zero) # 140 <_impure_ptr>
20011c6a:	bf19                	j	20011b80 <_puts_r>

20011c6c <_sbrk_r>:
20011c6c:	1141                	addi	sp,sp,-16
20011c6e:	c422                	sw	s0,8(sp)
20011c70:	c226                	sw	s1,4(sp)
20011c72:	842a                	mv	s0,a0
20011c74:	6485                	lui	s1,0x1
20011c76:	852e                	mv	a0,a1
20011c78:	c606                	sw	ra,12(sp)
20011c7a:	2c04a423          	sw	zero,712(s1) # 12c8 <errno>
20011c7e:	953ff0ef          	jal	ra,200115d0 <_sbrk>
20011c82:	57fd                	li	a5,-1
20011c84:	00f51663          	bne	a0,a5,20011c90 <_sbrk_r+0x24>
20011c88:	2c84a783          	lw	a5,712(s1)
20011c8c:	c391                	beqz	a5,20011c90 <_sbrk_r+0x24>
20011c8e:	c01c                	sw	a5,0(s0)
20011c90:	40b2                	lw	ra,12(sp)
20011c92:	4422                	lw	s0,8(sp)
20011c94:	4492                	lw	s1,4(sp)
20011c96:	0141                	addi	sp,sp,16
20011c98:	8082                	ret

20011c9a <strlen>:
20011c9a:	87aa                	mv	a5,a0
20011c9c:	0007c703          	lbu	a4,0(a5)
20011ca0:	0785                	addi	a5,a5,1
20011ca2:	ff6d                	bnez	a4,20011c9c <strlen+0x2>
20011ca4:	40a78533          	sub	a0,a5,a0
20011ca8:	157d                	addi	a0,a0,-1
20011caa:	8082                	ret

20011cac <__swbuf_r>:
20011cac:	1101                	addi	sp,sp,-32
20011cae:	cc22                	sw	s0,24(sp)
20011cb0:	ca26                	sw	s1,20(sp)
20011cb2:	c84a                	sw	s2,16(sp)
20011cb4:	ce06                	sw	ra,28(sp)
20011cb6:	c64e                	sw	s3,12(sp)
20011cb8:	84aa                	mv	s1,a0
20011cba:	892e                	mv	s2,a1
20011cbc:	8432                	mv	s0,a2
20011cbe:	c501                	beqz	a0,20011cc6 <__swbuf_r+0x1a>
20011cc0:	4d1c                	lw	a5,24(a0)
20011cc2:	e391                	bnez	a5,20011cc6 <__swbuf_r+0x1a>
20011cc4:	2b2d                	jal	200121fe <__sinit>
20011cc6:	200137b7          	lui	a5,0x20013
20011cca:	4ac78793          	addi	a5,a5,1196 # 200134ac <__sf_fake_stdin>
20011cce:	02f41863          	bne	s0,a5,20011cfe <__swbuf_r+0x52>
20011cd2:	40c0                	lw	s0,4(s1)
20011cd4:	4c1c                	lw	a5,24(s0)
20011cd6:	c41c                	sw	a5,8(s0)
20011cd8:	00c45783          	lhu	a5,12(s0)
20011cdc:	8ba1                	andi	a5,a5,8
20011cde:	c399                	beqz	a5,20011ce4 <__swbuf_r+0x38>
20011ce0:	481c                	lw	a5,16(s0)
20011ce2:	ef95                	bnez	a5,20011d1e <__swbuf_r+0x72>
20011ce4:	85a2                	mv	a1,s0
20011ce6:	8526                	mv	a0,s1
20011ce8:	2051                	jal	20011d6c <__swsetup_r>
20011cea:	c915                	beqz	a0,20011d1e <__swbuf_r+0x72>
20011cec:	597d                	li	s2,-1
20011cee:	40f2                	lw	ra,28(sp)
20011cf0:	4462                	lw	s0,24(sp)
20011cf2:	44d2                	lw	s1,20(sp)
20011cf4:	49b2                	lw	s3,12(sp)
20011cf6:	854a                	mv	a0,s2
20011cf8:	4942                	lw	s2,16(sp)
20011cfa:	6105                	addi	sp,sp,32
20011cfc:	8082                	ret
20011cfe:	200137b7          	lui	a5,0x20013
20011d02:	48c78793          	addi	a5,a5,1164 # 2001348c <__sf_fake_stdout>
20011d06:	00f41463          	bne	s0,a5,20011d0e <__swbuf_r+0x62>
20011d0a:	4480                	lw	s0,8(s1)
20011d0c:	b7e1                	j	20011cd4 <__swbuf_r+0x28>
20011d0e:	200137b7          	lui	a5,0x20013
20011d12:	46c78793          	addi	a5,a5,1132 # 2001346c <__sf_fake_stderr>
20011d16:	faf41fe3          	bne	s0,a5,20011cd4 <__swbuf_r+0x28>
20011d1a:	44c0                	lw	s0,12(s1)
20011d1c:	bf65                	j	20011cd4 <__swbuf_r+0x28>
20011d1e:	481c                	lw	a5,16(s0)
20011d20:	4008                	lw	a0,0(s0)
20011d22:	0ff97993          	zext.b	s3,s2
20011d26:	0ff97913          	zext.b	s2,s2
20011d2a:	8d1d                	sub	a0,a0,a5
20011d2c:	485c                	lw	a5,20(s0)
20011d2e:	00f54663          	blt	a0,a5,20011d3a <__swbuf_r+0x8e>
20011d32:	85a2                	mv	a1,s0
20011d34:	8526                	mv	a0,s1
20011d36:	2665                	jal	200120de <_fflush_r>
20011d38:	f955                	bnez	a0,20011cec <__swbuf_r+0x40>
20011d3a:	441c                	lw	a5,8(s0)
20011d3c:	0505                	addi	a0,a0,1
20011d3e:	17fd                	addi	a5,a5,-1
20011d40:	c41c                	sw	a5,8(s0)
20011d42:	401c                	lw	a5,0(s0)
20011d44:	00178713          	addi	a4,a5,1
20011d48:	c018                	sw	a4,0(s0)
20011d4a:	01378023          	sb	s3,0(a5)
20011d4e:	485c                	lw	a5,20(s0)
20011d50:	00a78963          	beq	a5,a0,20011d62 <__swbuf_r+0xb6>
20011d54:	00c45783          	lhu	a5,12(s0)
20011d58:	8b85                	andi	a5,a5,1
20011d5a:	dbd1                	beqz	a5,20011cee <__swbuf_r+0x42>
20011d5c:	47a9                	li	a5,10
20011d5e:	f8f918e3          	bne	s2,a5,20011cee <__swbuf_r+0x42>
20011d62:	85a2                	mv	a1,s0
20011d64:	8526                	mv	a0,s1
20011d66:	2ea5                	jal	200120de <_fflush_r>
20011d68:	d159                	beqz	a0,20011cee <__swbuf_r+0x42>
20011d6a:	b749                	j	20011cec <__swbuf_r+0x40>

20011d6c <__swsetup_r>:
20011d6c:	1141                	addi	sp,sp,-16
20011d6e:	c226                	sw	s1,4(sp)
20011d70:	14002483          	lw	s1,320(zero) # 140 <_impure_ptr>
20011d74:	c422                	sw	s0,8(sp)
20011d76:	c04a                	sw	s2,0(sp)
20011d78:	c606                	sw	ra,12(sp)
20011d7a:	892a                	mv	s2,a0
20011d7c:	842e                	mv	s0,a1
20011d7e:	c489                	beqz	s1,20011d88 <__swsetup_r+0x1c>
20011d80:	4c9c                	lw	a5,24(s1)
20011d82:	e399                	bnez	a5,20011d88 <__swsetup_r+0x1c>
20011d84:	8526                	mv	a0,s1
20011d86:	29a5                	jal	200121fe <__sinit>
20011d88:	200137b7          	lui	a5,0x20013
20011d8c:	4ac78793          	addi	a5,a5,1196 # 200134ac <__sf_fake_stdin>
20011d90:	02f41463          	bne	s0,a5,20011db8 <__swsetup_r+0x4c>
20011d94:	40c0                	lw	s0,4(s1)
20011d96:	00c41783          	lh	a5,12(s0)
20011d9a:	0087f713          	andi	a4,a5,8
20011d9e:	eb35                	bnez	a4,20011e12 <__swsetup_r+0xa6>
20011da0:	0107f713          	andi	a4,a5,16
20011da4:	eb15                	bnez	a4,20011dd8 <__swsetup_r+0x6c>
20011da6:	4725                	li	a4,9
20011da8:	00e92023          	sw	a4,0(s2)
20011dac:	0407e793          	ori	a5,a5,64
20011db0:	00f41623          	sh	a5,12(s0)
20011db4:	557d                	li	a0,-1
20011db6:	a861                	j	20011e4e <__swsetup_r+0xe2>
20011db8:	200137b7          	lui	a5,0x20013
20011dbc:	48c78793          	addi	a5,a5,1164 # 2001348c <__sf_fake_stdout>
20011dc0:	00f41463          	bne	s0,a5,20011dc8 <__swsetup_r+0x5c>
20011dc4:	4480                	lw	s0,8(s1)
20011dc6:	bfc1                	j	20011d96 <__swsetup_r+0x2a>
20011dc8:	200137b7          	lui	a5,0x20013
20011dcc:	46c78793          	addi	a5,a5,1132 # 2001346c <__sf_fake_stderr>
20011dd0:	fcf413e3          	bne	s0,a5,20011d96 <__swsetup_r+0x2a>
20011dd4:	44c0                	lw	s0,12(s1)
20011dd6:	b7c1                	j	20011d96 <__swsetup_r+0x2a>
20011dd8:	8b91                	andi	a5,a5,4
20011dda:	c795                	beqz	a5,20011e06 <__swsetup_r+0x9a>
20011ddc:	584c                	lw	a1,52(s0)
20011dde:	c991                	beqz	a1,20011df2 <__swsetup_r+0x86>
20011de0:	04440793          	addi	a5,s0,68
20011de4:	00f58563          	beq	a1,a5,20011dee <__swsetup_r+0x82>
20011de8:	854a                	mv	a0,s2
20011dea:	bb7ff0ef          	jal	ra,200119a0 <_free_r>
20011dee:	02042a23          	sw	zero,52(s0)
20011df2:	00c45783          	lhu	a5,12(s0)
20011df6:	00042223          	sw	zero,4(s0)
20011dfa:	fdb7f793          	andi	a5,a5,-37
20011dfe:	00f41623          	sh	a5,12(s0)
20011e02:	481c                	lw	a5,16(s0)
20011e04:	c01c                	sw	a5,0(s0)
20011e06:	00c45783          	lhu	a5,12(s0)
20011e0a:	0087e793          	ori	a5,a5,8
20011e0e:	00f41623          	sh	a5,12(s0)
20011e12:	481c                	lw	a5,16(s0)
20011e14:	ef81                	bnez	a5,20011e2c <__swsetup_r+0xc0>
20011e16:	00c45783          	lhu	a5,12(s0)
20011e1a:	20000713          	li	a4,512
20011e1e:	2807f793          	andi	a5,a5,640
20011e22:	00e78563          	beq	a5,a4,20011e2c <__swsetup_r+0xc0>
20011e26:	85a2                	mv	a1,s0
20011e28:	854a                	mv	a0,s2
20011e2a:	234d                	jal	200123cc <__smakebuf_r>
20011e2c:	00c41783          	lh	a5,12(s0)
20011e30:	0017f713          	andi	a4,a5,1
20011e34:	c31d                	beqz	a4,20011e5a <__swsetup_r+0xee>
20011e36:	4858                	lw	a4,20(s0)
20011e38:	00042423          	sw	zero,8(s0)
20011e3c:	40e00733          	neg	a4,a4
20011e40:	cc18                	sw	a4,24(s0)
20011e42:	4818                	lw	a4,16(s0)
20011e44:	4501                	li	a0,0
20011e46:	e701                	bnez	a4,20011e4e <__swsetup_r+0xe2>
20011e48:	0807f713          	andi	a4,a5,128
20011e4c:	f325                	bnez	a4,20011dac <__swsetup_r+0x40>
20011e4e:	40b2                	lw	ra,12(sp)
20011e50:	4422                	lw	s0,8(sp)
20011e52:	4492                	lw	s1,4(sp)
20011e54:	4902                	lw	s2,0(sp)
20011e56:	0141                	addi	sp,sp,16
20011e58:	8082                	ret
20011e5a:	0027f713          	andi	a4,a5,2
20011e5e:	4681                	li	a3,0
20011e60:	e311                	bnez	a4,20011e64 <__swsetup_r+0xf8>
20011e62:	4854                	lw	a3,20(s0)
20011e64:	c414                	sw	a3,8(s0)
20011e66:	bff1                	j	20011e42 <__swsetup_r+0xd6>

20011e68 <__register_exitproc>:
20011e68:	6705                	lui	a4,0x1
20011e6a:	2cc72783          	lw	a5,716(a4) # 12cc <_global_atexit>
20011e6e:	88aa                	mv	a7,a0
20011e70:	ef99                	bnez	a5,20011e8e <__register_exitproc+0x26>
20011e72:	6785                	lui	a5,0x1
20011e74:	23078513          	addi	a0,a5,560 # 1230 <_global_atexit0>
20011e78:	2ca72623          	sw	a0,716(a4)
20011e7c:	00000513          	li	a0,0
20011e80:	23078793          	addi	a5,a5,560
20011e84:	c509                	beqz	a0,20011e8e <__register_exitproc+0x26>
20011e86:	00002703          	lw	a4,0(zero) # 0 <_lma_vma_data_offset>
20011e8a:	08e7a423          	sw	a4,136(a5)
20011e8e:	43d8                	lw	a4,4(a5)
20011e90:	487d                	li	a6,31
20011e92:	557d                	li	a0,-1
20011e94:	04e84663          	blt	a6,a4,20011ee0 <__register_exitproc+0x78>
20011e98:	02088d63          	beqz	a7,20011ed2 <__register_exitproc+0x6a>
20011e9c:	0887a803          	lw	a6,136(a5)
20011ea0:	04080063          	beqz	a6,20011ee0 <__register_exitproc+0x78>
20011ea4:	00271513          	slli	a0,a4,0x2
20011ea8:	9542                	add	a0,a0,a6
20011eaa:	c110                	sw	a2,0(a0)
20011eac:	10082303          	lw	t1,256(a6)
20011eb0:	4605                	li	a2,1
20011eb2:	00e61633          	sll	a2,a2,a4
20011eb6:	00c36333          	or	t1,t1,a2
20011eba:	10682023          	sw	t1,256(a6)
20011ebe:	08d52023          	sw	a3,128(a0)
20011ec2:	4689                	li	a3,2
20011ec4:	00d89763          	bne	a7,a3,20011ed2 <__register_exitproc+0x6a>
20011ec8:	10482683          	lw	a3,260(a6)
20011ecc:	8ed1                	or	a3,a3,a2
20011ece:	10d82223          	sw	a3,260(a6)
20011ed2:	00170693          	addi	a3,a4,1
20011ed6:	070a                	slli	a4,a4,0x2
20011ed8:	c3d4                	sw	a3,4(a5)
20011eda:	97ba                	add	a5,a5,a4
20011edc:	c78c                	sw	a1,8(a5)
20011ede:	4501                	li	a0,0
20011ee0:	8082                	ret

20011ee2 <__call_exitprocs>:
20011ee2:	7179                	addi	sp,sp,-48
20011ee4:	ca56                	sw	s5,20(sp)
20011ee6:	c85a                	sw	s6,16(sp)
20011ee8:	c65e                	sw	s7,12(sp)
20011eea:	c462                	sw	s8,8(sp)
20011eec:	d606                	sw	ra,44(sp)
20011eee:	d422                	sw	s0,40(sp)
20011ef0:	d226                	sw	s1,36(sp)
20011ef2:	d04a                	sw	s2,32(sp)
20011ef4:	ce4e                	sw	s3,28(sp)
20011ef6:	cc52                	sw	s4,24(sp)
20011ef8:	c266                	sw	s9,4(sp)
20011efa:	8b2a                	mv	s6,a0
20011efc:	8aae                	mv	s5,a1
20011efe:	6b85                	lui	s7,0x1
20011f00:	4c05                	li	s8,1
20011f02:	2ccba483          	lw	s1,716(s7) # 12cc <_global_atexit>
20011f06:	cc81                	beqz	s1,20011f1e <__call_exitprocs+0x3c>
20011f08:	40c0                	lw	s0,4(s1)
20011f0a:	0884a983          	lw	s3,136(s1)
20011f0e:	fff40913          	addi	s2,s0,-1
20011f12:	040a                	slli	s0,s0,0x2
20011f14:	00898a33          	add	s4,s3,s0
20011f18:	9426                	add	s0,s0,s1
20011f1a:	00095f63          	bgez	s2,20011f38 <__call_exitprocs+0x56>
20011f1e:	50b2                	lw	ra,44(sp)
20011f20:	5422                	lw	s0,40(sp)
20011f22:	5492                	lw	s1,36(sp)
20011f24:	5902                	lw	s2,32(sp)
20011f26:	49f2                	lw	s3,28(sp)
20011f28:	4a62                	lw	s4,24(sp)
20011f2a:	4ad2                	lw	s5,20(sp)
20011f2c:	4b42                	lw	s6,16(sp)
20011f2e:	4bb2                	lw	s7,12(sp)
20011f30:	4c22                	lw	s8,8(sp)
20011f32:	4c92                	lw	s9,4(sp)
20011f34:	6145                	addi	sp,sp,48
20011f36:	8082                	ret
20011f38:	000a8c63          	beqz	s5,20011f50 <__call_exitprocs+0x6e>
20011f3c:	00099663          	bnez	s3,20011f48 <__call_exitprocs+0x66>
20011f40:	197d                	addi	s2,s2,-1
20011f42:	1a71                	addi	s4,s4,-4
20011f44:	1471                	addi	s0,s0,-4
20011f46:	bfd1                	j	20011f1a <__call_exitprocs+0x38>
20011f48:	07ca2783          	lw	a5,124(s4)
20011f4c:	ff579ae3          	bne	a5,s5,20011f40 <__call_exitprocs+0x5e>
20011f50:	40d8                	lw	a4,4(s1)
20011f52:	405c                	lw	a5,4(s0)
20011f54:	177d                	addi	a4,a4,-1
20011f56:	03271863          	bne	a4,s2,20011f86 <__call_exitprocs+0xa4>
20011f5a:	0124a223          	sw	s2,4(s1)
20011f5e:	d3ed                	beqz	a5,20011f40 <__call_exitprocs+0x5e>
20011f60:	0044ac83          	lw	s9,4(s1)
20011f64:	00098863          	beqz	s3,20011f74 <__call_exitprocs+0x92>
20011f68:	1009a683          	lw	a3,256(s3)
20011f6c:	012c1733          	sll	a4,s8,s2
20011f70:	8ef9                	and	a3,a3,a4
20011f72:	ee89                	bnez	a3,20011f8c <__call_exitprocs+0xaa>
20011f74:	9782                	jalr	a5
20011f76:	40d8                	lw	a4,4(s1)
20011f78:	2ccba783          	lw	a5,716(s7)
20011f7c:	f99713e3          	bne	a4,s9,20011f02 <__call_exitprocs+0x20>
20011f80:	fcf480e3          	beq	s1,a5,20011f40 <__call_exitprocs+0x5e>
20011f84:	bfbd                	j	20011f02 <__call_exitprocs+0x20>
20011f86:	00042223          	sw	zero,4(s0)
20011f8a:	bfd1                	j	20011f5e <__call_exitprocs+0x7c>
20011f8c:	1049a683          	lw	a3,260(s3)
20011f90:	ffca2583          	lw	a1,-4(s4)
20011f94:	8f75                	and	a4,a4,a3
20011f96:	e701                	bnez	a4,20011f9e <__call_exitprocs+0xbc>
20011f98:	855a                	mv	a0,s6
20011f9a:	9782                	jalr	a5
20011f9c:	bfe9                	j	20011f76 <__call_exitprocs+0x94>
20011f9e:	852e                	mv	a0,a1
20011fa0:	9782                	jalr	a5
20011fa2:	bfd1                	j	20011f76 <__call_exitprocs+0x94>

20011fa4 <__sflush_r>:
20011fa4:	00c59783          	lh	a5,12(a1)
20011fa8:	1101                	addi	sp,sp,-32
20011faa:	cc22                	sw	s0,24(sp)
20011fac:	ca26                	sw	s1,20(sp)
20011fae:	ce06                	sw	ra,28(sp)
20011fb0:	c84a                	sw	s2,16(sp)
20011fb2:	c64e                	sw	s3,12(sp)
20011fb4:	0087f713          	andi	a4,a5,8
20011fb8:	84aa                	mv	s1,a0
20011fba:	842e                	mv	s0,a1
20011fbc:	e771                	bnez	a4,20012088 <__sflush_r+0xe4>
20011fbe:	41d8                	lw	a4,4(a1)
20011fc0:	00e04563          	bgtz	a4,20011fca <__sflush_r+0x26>
20011fc4:	41b8                	lw	a4,64(a1)
20011fc6:	08e05963          	blez	a4,20012058 <__sflush_r+0xb4>
20011fca:	5458                	lw	a4,44(s0)
20011fcc:	c751                	beqz	a4,20012058 <__sflush_r+0xb4>
20011fce:	83b1                	srli	a5,a5,0xc
20011fd0:	0004a903          	lw	s2,0(s1)
20011fd4:	8b85                	andi	a5,a5,1
20011fd6:	0004a023          	sw	zero,0(s1)
20011fda:	500c                	lw	a1,32(s0)
20011fdc:	cfa1                	beqz	a5,20012034 <__sflush_r+0x90>
20011fde:	4870                	lw	a2,84(s0)
20011fe0:	00c45783          	lhu	a5,12(s0)
20011fe4:	8b91                	andi	a5,a5,4
20011fe6:	c799                	beqz	a5,20011ff4 <__sflush_r+0x50>
20011fe8:	405c                	lw	a5,4(s0)
20011fea:	8e1d                	sub	a2,a2,a5
20011fec:	585c                	lw	a5,52(s0)
20011fee:	c399                	beqz	a5,20011ff4 <__sflush_r+0x50>
20011ff0:	403c                	lw	a5,64(s0)
20011ff2:	8e1d                	sub	a2,a2,a5
20011ff4:	545c                	lw	a5,44(s0)
20011ff6:	500c                	lw	a1,32(s0)
20011ff8:	4681                	li	a3,0
20011ffa:	8526                	mv	a0,s1
20011ffc:	9782                	jalr	a5
20011ffe:	57fd                	li	a5,-1
20012000:	04f50e63          	beq	a0,a5,2001205c <__sflush_r+0xb8>
20012004:	481c                	lw	a5,16(s0)
20012006:	6705                	lui	a4,0x1
20012008:	00042223          	sw	zero,4(s0)
2001200c:	c01c                	sw	a5,0(s0)
2001200e:	00c45783          	lhu	a5,12(s0)
20012012:	8ff9                	and	a5,a5,a4
20012014:	c391                	beqz	a5,20012018 <__sflush_r+0x74>
20012016:	c868                	sw	a0,84(s0)
20012018:	584c                	lw	a1,52(s0)
2001201a:	0124a023          	sw	s2,0(s1)
2001201e:	cd8d                	beqz	a1,20012058 <__sflush_r+0xb4>
20012020:	04440793          	addi	a5,s0,68
20012024:	00f58563          	beq	a1,a5,2001202e <__sflush_r+0x8a>
20012028:	8526                	mv	a0,s1
2001202a:	977ff0ef          	jal	ra,200119a0 <_free_r>
2001202e:	02042a23          	sw	zero,52(s0)
20012032:	a01d                	j	20012058 <__sflush_r+0xb4>
20012034:	4601                	li	a2,0
20012036:	4685                	li	a3,1
20012038:	8526                	mv	a0,s1
2001203a:	9702                	jalr	a4
2001203c:	57fd                	li	a5,-1
2001203e:	862a                	mv	a2,a0
20012040:	faf510e3          	bne	a0,a5,20011fe0 <__sflush_r+0x3c>
20012044:	409c                	lw	a5,0(s1)
20012046:	dfc9                	beqz	a5,20011fe0 <__sflush_r+0x3c>
20012048:	4775                	li	a4,29
2001204a:	00e78563          	beq	a5,a4,20012054 <__sflush_r+0xb0>
2001204e:	4759                	li	a4,22
20012050:	06e79563          	bne	a5,a4,200120ba <__sflush_r+0x116>
20012054:	0124a023          	sw	s2,0(s1)
20012058:	4501                	li	a0,0
2001205a:	a0bd                	j	200120c8 <__sflush_r+0x124>
2001205c:	4098                	lw	a4,0(s1)
2001205e:	00c41783          	lh	a5,12(s0)
20012062:	cf01                	beqz	a4,2001207a <__sflush_r+0xd6>
20012064:	46f5                	li	a3,29
20012066:	00d70563          	beq	a4,a3,20012070 <__sflush_r+0xcc>
2001206a:	46d9                	li	a3,22
2001206c:	04d71963          	bne	a4,a3,200120be <__sflush_r+0x11a>
20012070:	481c                	lw	a5,16(s0)
20012072:	00042223          	sw	zero,4(s0)
20012076:	c01c                	sw	a5,0(s0)
20012078:	b745                	j	20012018 <__sflush_r+0x74>
2001207a:	4818                	lw	a4,16(s0)
2001207c:	83b1                	srli	a5,a5,0xc
2001207e:	00042223          	sw	zero,4(s0)
20012082:	c018                	sw	a4,0(s0)
20012084:	8b85                	andi	a5,a5,1
20012086:	b779                	j	20012014 <__sflush_r+0x70>
20012088:	0105a983          	lw	s3,16(a1)
2001208c:	fc0986e3          	beqz	s3,20012058 <__sflush_r+0xb4>
20012090:	0005a903          	lw	s2,0(a1)
20012094:	8b8d                	andi	a5,a5,3
20012096:	0135a023          	sw	s3,0(a1)
2001209a:	41390933          	sub	s2,s2,s3
2001209e:	4701                	li	a4,0
200120a0:	e391                	bnez	a5,200120a4 <__sflush_r+0x100>
200120a2:	49d8                	lw	a4,20(a1)
200120a4:	c418                	sw	a4,8(s0)
200120a6:	fb2059e3          	blez	s2,20012058 <__sflush_r+0xb4>
200120aa:	541c                	lw	a5,40(s0)
200120ac:	500c                	lw	a1,32(s0)
200120ae:	86ca                	mv	a3,s2
200120b0:	864e                	mv	a2,s3
200120b2:	8526                	mv	a0,s1
200120b4:	9782                	jalr	a5
200120b6:	02a04063          	bgtz	a0,200120d6 <__sflush_r+0x132>
200120ba:	00c41783          	lh	a5,12(s0)
200120be:	0407e793          	ori	a5,a5,64
200120c2:	00f41623          	sh	a5,12(s0)
200120c6:	557d                	li	a0,-1
200120c8:	40f2                	lw	ra,28(sp)
200120ca:	4462                	lw	s0,24(sp)
200120cc:	44d2                	lw	s1,20(sp)
200120ce:	4942                	lw	s2,16(sp)
200120d0:	49b2                	lw	s3,12(sp)
200120d2:	6105                	addi	sp,sp,32
200120d4:	8082                	ret
200120d6:	99aa                	add	s3,s3,a0
200120d8:	40a90933          	sub	s2,s2,a0
200120dc:	b7e9                	j	200120a6 <__sflush_r+0x102>

200120de <_fflush_r>:
200120de:	499c                	lw	a5,16(a1)
200120e0:	cfb9                	beqz	a5,2001213e <_fflush_r+0x60>
200120e2:	1101                	addi	sp,sp,-32
200120e4:	cc22                	sw	s0,24(sp)
200120e6:	ce06                	sw	ra,28(sp)
200120e8:	842a                	mv	s0,a0
200120ea:	c511                	beqz	a0,200120f6 <_fflush_r+0x18>
200120ec:	4d1c                	lw	a5,24(a0)
200120ee:	e781                	bnez	a5,200120f6 <_fflush_r+0x18>
200120f0:	c62e                	sw	a1,12(sp)
200120f2:	2231                	jal	200121fe <__sinit>
200120f4:	45b2                	lw	a1,12(sp)
200120f6:	200137b7          	lui	a5,0x20013
200120fa:	4ac78793          	addi	a5,a5,1196 # 200134ac <__sf_fake_stdin>
200120fe:	00f59b63          	bne	a1,a5,20012114 <_fflush_r+0x36>
20012102:	404c                	lw	a1,4(s0)
20012104:	00c59783          	lh	a5,12(a1)
20012108:	c795                	beqz	a5,20012134 <_fflush_r+0x56>
2001210a:	8522                	mv	a0,s0
2001210c:	4462                	lw	s0,24(sp)
2001210e:	40f2                	lw	ra,28(sp)
20012110:	6105                	addi	sp,sp,32
20012112:	bd49                	j	20011fa4 <__sflush_r>
20012114:	200137b7          	lui	a5,0x20013
20012118:	48c78793          	addi	a5,a5,1164 # 2001348c <__sf_fake_stdout>
2001211c:	00f59463          	bne	a1,a5,20012124 <_fflush_r+0x46>
20012120:	440c                	lw	a1,8(s0)
20012122:	b7cd                	j	20012104 <_fflush_r+0x26>
20012124:	200137b7          	lui	a5,0x20013
20012128:	46c78793          	addi	a5,a5,1132 # 2001346c <__sf_fake_stderr>
2001212c:	fcf59ce3          	bne	a1,a5,20012104 <_fflush_r+0x26>
20012130:	444c                	lw	a1,12(s0)
20012132:	bfc9                	j	20012104 <_fflush_r+0x26>
20012134:	40f2                	lw	ra,28(sp)
20012136:	4462                	lw	s0,24(sp)
20012138:	4501                	li	a0,0
2001213a:	6105                	addi	sp,sp,32
2001213c:	8082                	ret
2001213e:	4501                	li	a0,0
20012140:	8082                	ret

20012142 <std>:
20012142:	1141                	addi	sp,sp,-16
20012144:	c422                	sw	s0,8(sp)
20012146:	c606                	sw	ra,12(sp)
20012148:	842a                	mv	s0,a0
2001214a:	00b51623          	sh	a1,12(a0)
2001214e:	00c51723          	sh	a2,14(a0)
20012152:	00052023          	sw	zero,0(a0)
20012156:	00052223          	sw	zero,4(a0)
2001215a:	00052423          	sw	zero,8(a0)
2001215e:	06052223          	sw	zero,100(a0)
20012162:	00052823          	sw	zero,16(a0)
20012166:	00052a23          	sw	zero,20(a0)
2001216a:	00052c23          	sw	zero,24(a0)
2001216e:	4621                	li	a2,8
20012170:	4581                	li	a1,0
20012172:	05c50513          	addi	a0,a0,92
20012176:	820fe0ef          	jal	ra,20010196 <memset>
2001217a:	200137b7          	lui	a5,0x20013
2001217e:	b9478793          	addi	a5,a5,-1132 # 20012b94 <__sread>
20012182:	d05c                	sw	a5,36(s0)
20012184:	200137b7          	lui	a5,0x20013
20012188:	bc478793          	addi	a5,a5,-1084 # 20012bc4 <__swrite>
2001218c:	d41c                	sw	a5,40(s0)
2001218e:	200137b7          	lui	a5,0x20013
20012192:	c1478793          	addi	a5,a5,-1004 # 20012c14 <__sseek>
20012196:	d45c                	sw	a5,44(s0)
20012198:	200137b7          	lui	a5,0x20013
2001219c:	c4a78793          	addi	a5,a5,-950 # 20012c4a <__sclose>
200121a0:	40b2                	lw	ra,12(sp)
200121a2:	d000                	sw	s0,32(s0)
200121a4:	d81c                	sw	a5,48(s0)
200121a6:	4422                	lw	s0,8(sp)
200121a8:	0141                	addi	sp,sp,16
200121aa:	8082                	ret

200121ac <_cleanup_r>:
200121ac:	200125b7          	lui	a1,0x20012
200121b0:	0de58593          	addi	a1,a1,222 # 200120de <_fflush_r>
200121b4:	aa89                	j	20012306 <_fwalk_reent>

200121b6 <__sfmoreglue>:
200121b6:	1141                	addi	sp,sp,-16
200121b8:	c226                	sw	s1,4(sp)
200121ba:	06800793          	li	a5,104
200121be:	fff58493          	addi	s1,a1,-1
200121c2:	02f484b3          	mul	s1,s1,a5
200121c6:	c04a                	sw	s2,0(sp)
200121c8:	892e                	mv	s2,a1
200121ca:	c422                	sw	s0,8(sp)
200121cc:	c606                	sw	ra,12(sp)
200121ce:	07448593          	addi	a1,s1,116
200121d2:	873ff0ef          	jal	ra,20011a44 <_malloc_r>
200121d6:	842a                	mv	s0,a0
200121d8:	cd01                	beqz	a0,200121f0 <__sfmoreglue+0x3a>
200121da:	00052023          	sw	zero,0(a0)
200121de:	01252223          	sw	s2,4(a0)
200121e2:	0531                	addi	a0,a0,12
200121e4:	c408                	sw	a0,8(s0)
200121e6:	06848613          	addi	a2,s1,104
200121ea:	4581                	li	a1,0
200121ec:	fabfd0ef          	jal	ra,20010196 <memset>
200121f0:	40b2                	lw	ra,12(sp)
200121f2:	8522                	mv	a0,s0
200121f4:	4422                	lw	s0,8(sp)
200121f6:	4492                	lw	s1,4(sp)
200121f8:	4902                	lw	s2,0(sp)
200121fa:	0141                	addi	sp,sp,16
200121fc:	8082                	ret

200121fe <__sinit>:
200121fe:	4d1c                	lw	a5,24(a0)
20012200:	e3bd                	bnez	a5,20012266 <__sinit+0x68>
20012202:	1141                	addi	sp,sp,-16
20012204:	200127b7          	lui	a5,0x20012
20012208:	c422                	sw	s0,8(sp)
2001220a:	c606                	sw	ra,12(sp)
2001220c:	1ac78793          	addi	a5,a5,428 # 200121ac <_cleanup_r>
20012210:	d51c                	sw	a5,40(a0)
20012212:	200137b7          	lui	a5,0x20013
20012216:	5607a783          	lw	a5,1376(a5) # 20013560 <_global_impure_ptr>
2001221a:	04052423          	sw	zero,72(a0)
2001221e:	04052623          	sw	zero,76(a0)
20012222:	04052823          	sw	zero,80(a0)
20012226:	842a                	mv	s0,a0
20012228:	00f51463          	bne	a0,a5,20012230 <__sinit+0x32>
2001222c:	4785                	li	a5,1
2001222e:	cd1c                	sw	a5,24(a0)
20012230:	8522                	mv	a0,s0
20012232:	281d                	jal	20012268 <__sfp>
20012234:	c048                	sw	a0,4(s0)
20012236:	8522                	mv	a0,s0
20012238:	2805                	jal	20012268 <__sfp>
2001223a:	c408                	sw	a0,8(s0)
2001223c:	8522                	mv	a0,s0
2001223e:	202d                	jal	20012268 <__sfp>
20012240:	c448                	sw	a0,12(s0)
20012242:	4048                	lw	a0,4(s0)
20012244:	4601                	li	a2,0
20012246:	4591                	li	a1,4
20012248:	3ded                	jal	20012142 <std>
2001224a:	4408                	lw	a0,8(s0)
2001224c:	4605                	li	a2,1
2001224e:	45a5                	li	a1,9
20012250:	3dcd                	jal	20012142 <std>
20012252:	4448                	lw	a0,12(s0)
20012254:	4609                	li	a2,2
20012256:	45c9                	li	a1,18
20012258:	35ed                	jal	20012142 <std>
2001225a:	4785                	li	a5,1
2001225c:	40b2                	lw	ra,12(sp)
2001225e:	cc1c                	sw	a5,24(s0)
20012260:	4422                	lw	s0,8(sp)
20012262:	0141                	addi	sp,sp,16
20012264:	8082                	ret
20012266:	8082                	ret

20012268 <__sfp>:
20012268:	1141                	addi	sp,sp,-16
2001226a:	200137b7          	lui	a5,0x20013
2001226e:	c226                	sw	s1,4(sp)
20012270:	5607a483          	lw	s1,1376(a5) # 20013560 <_global_impure_ptr>
20012274:	c04a                	sw	s2,0(sp)
20012276:	c606                	sw	ra,12(sp)
20012278:	4c9c                	lw	a5,24(s1)
2001227a:	c422                	sw	s0,8(sp)
2001227c:	892a                	mv	s2,a0
2001227e:	e399                	bnez	a5,20012284 <__sfp+0x1c>
20012280:	8526                	mv	a0,s1
20012282:	3fb5                	jal	200121fe <__sinit>
20012284:	04848493          	addi	s1,s1,72
20012288:	4480                	lw	s0,8(s1)
2001228a:	40dc                	lw	a5,4(s1)
2001228c:	17fd                	addi	a5,a5,-1
2001228e:	0007d663          	bgez	a5,2001229a <__sfp+0x32>
20012292:	409c                	lw	a5,0(s1)
20012294:	cfb9                	beqz	a5,200122f2 <__sfp+0x8a>
20012296:	4084                	lw	s1,0(s1)
20012298:	bfc5                	j	20012288 <__sfp+0x20>
2001229a:	00c41703          	lh	a4,12(s0)
2001229e:	e739                	bnez	a4,200122ec <__sfp+0x84>
200122a0:	77c1                	lui	a5,0xffff0
200122a2:	0785                	addi	a5,a5,1 # ffff0001 <_etext+0xdffdca9d>
200122a4:	06042223          	sw	zero,100(s0)
200122a8:	00042023          	sw	zero,0(s0)
200122ac:	00042223          	sw	zero,4(s0)
200122b0:	00042423          	sw	zero,8(s0)
200122b4:	c45c                	sw	a5,12(s0)
200122b6:	00042823          	sw	zero,16(s0)
200122ba:	00042a23          	sw	zero,20(s0)
200122be:	00042c23          	sw	zero,24(s0)
200122c2:	4621                	li	a2,8
200122c4:	4581                	li	a1,0
200122c6:	05c40513          	addi	a0,s0,92
200122ca:	ecdfd0ef          	jal	ra,20010196 <memset>
200122ce:	02042a23          	sw	zero,52(s0)
200122d2:	02042c23          	sw	zero,56(s0)
200122d6:	04042423          	sw	zero,72(s0)
200122da:	04042623          	sw	zero,76(s0)
200122de:	40b2                	lw	ra,12(sp)
200122e0:	8522                	mv	a0,s0
200122e2:	4422                	lw	s0,8(sp)
200122e4:	4492                	lw	s1,4(sp)
200122e6:	4902                	lw	s2,0(sp)
200122e8:	0141                	addi	sp,sp,16
200122ea:	8082                	ret
200122ec:	06840413          	addi	s0,s0,104
200122f0:	bf71                	j	2001228c <__sfp+0x24>
200122f2:	4591                	li	a1,4
200122f4:	854a                	mv	a0,s2
200122f6:	35c1                	jal	200121b6 <__sfmoreglue>
200122f8:	c088                	sw	a0,0(s1)
200122fa:	842a                	mv	s0,a0
200122fc:	fd49                	bnez	a0,20012296 <__sfp+0x2e>
200122fe:	47b1                	li	a5,12
20012300:	00f92023          	sw	a5,0(s2)
20012304:	bfe9                	j	200122de <__sfp+0x76>

20012306 <_fwalk_reent>:
20012306:	7179                	addi	sp,sp,-48
20012308:	d422                	sw	s0,40(sp)
2001230a:	d04a                	sw	s2,32(sp)
2001230c:	ce4e                	sw	s3,28(sp)
2001230e:	cc52                	sw	s4,24(sp)
20012310:	c85a                	sw	s6,16(sp)
20012312:	c65e                	sw	s7,12(sp)
20012314:	d606                	sw	ra,44(sp)
20012316:	d226                	sw	s1,36(sp)
20012318:	ca56                	sw	s5,20(sp)
2001231a:	892a                	mv	s2,a0
2001231c:	8a2e                	mv	s4,a1
2001231e:	04850413          	addi	s0,a0,72
20012322:	4981                	li	s3,0
20012324:	4b05                	li	s6,1
20012326:	5bfd                	li	s7,-1
20012328:	4404                	lw	s1,8(s0)
2001232a:	00442a83          	lw	s5,4(s0)
2001232e:	1afd                	addi	s5,s5,-1
20012330:	020ad063          	bgez	s5,20012350 <_fwalk_reent+0x4a>
20012334:	4000                	lw	s0,0(s0)
20012336:	f86d                	bnez	s0,20012328 <_fwalk_reent+0x22>
20012338:	50b2                	lw	ra,44(sp)
2001233a:	5422                	lw	s0,40(sp)
2001233c:	5492                	lw	s1,36(sp)
2001233e:	5902                	lw	s2,32(sp)
20012340:	4a62                	lw	s4,24(sp)
20012342:	4ad2                	lw	s5,20(sp)
20012344:	4b42                	lw	s6,16(sp)
20012346:	4bb2                	lw	s7,12(sp)
20012348:	854e                	mv	a0,s3
2001234a:	49f2                	lw	s3,28(sp)
2001234c:	6145                	addi	sp,sp,48
2001234e:	8082                	ret
20012350:	00c4d783          	lhu	a5,12(s1)
20012354:	00fb7b63          	bgeu	s6,a5,2001236a <_fwalk_reent+0x64>
20012358:	00e49783          	lh	a5,14(s1)
2001235c:	01778763          	beq	a5,s7,2001236a <_fwalk_reent+0x64>
20012360:	85a6                	mv	a1,s1
20012362:	854a                	mv	a0,s2
20012364:	9a02                	jalr	s4
20012366:	00a9e9b3          	or	s3,s3,a0
2001236a:	06848493          	addi	s1,s1,104
2001236e:	b7c1                	j	2001232e <_fwalk_reent+0x28>

20012370 <__swhatbuf_r>:
20012370:	7159                	addi	sp,sp,-112
20012372:	d4a2                	sw	s0,104(sp)
20012374:	842e                	mv	s0,a1
20012376:	00e59583          	lh	a1,14(a1)
2001237a:	d2a6                	sw	s1,100(sp)
2001237c:	d0ca                	sw	s2,96(sp)
2001237e:	d686                	sw	ra,108(sp)
20012380:	84b2                	mv	s1,a2
20012382:	8936                	mv	s2,a3
20012384:	0205d363          	bgez	a1,200123aa <__swhatbuf_r+0x3a>
20012388:	00c45783          	lhu	a5,12(s0)
2001238c:	0807f793          	andi	a5,a5,128
20012390:	eb95                	bnez	a5,200123c4 <__swhatbuf_r+0x54>
20012392:	40000713          	li	a4,1024
20012396:	50b6                	lw	ra,108(sp)
20012398:	5426                	lw	s0,104(sp)
2001239a:	00f92023          	sw	a5,0(s2)
2001239e:	c098                	sw	a4,0(s1)
200123a0:	5906                	lw	s2,96(sp)
200123a2:	5496                	lw	s1,100(sp)
200123a4:	4501                	li	a0,0
200123a6:	6165                	addi	sp,sp,112
200123a8:	8082                	ret
200123aa:	0030                	addi	a2,sp,8
200123ac:	0d3000ef          	jal	ra,20012c7e <_fstat_r>
200123b0:	fc054ce3          	bltz	a0,20012388 <__swhatbuf_r+0x18>
200123b4:	4732                	lw	a4,12(sp)
200123b6:	67bd                	lui	a5,0xf
200123b8:	8ff9                	and	a5,a5,a4
200123ba:	7779                	lui	a4,0xffffe
200123bc:	97ba                	add	a5,a5,a4
200123be:	0017b793          	seqz	a5,a5
200123c2:	bfc1                	j	20012392 <__swhatbuf_r+0x22>
200123c4:	4781                	li	a5,0
200123c6:	04000713          	li	a4,64
200123ca:	b7f1                	j	20012396 <__swhatbuf_r+0x26>

200123cc <__smakebuf_r>:
200123cc:	00c5d783          	lhu	a5,12(a1)
200123d0:	7179                	addi	sp,sp,-48
200123d2:	d422                	sw	s0,40(sp)
200123d4:	d606                	sw	ra,44(sp)
200123d6:	d226                	sw	s1,36(sp)
200123d8:	d04a                	sw	s2,32(sp)
200123da:	ce4e                	sw	s3,28(sp)
200123dc:	8b89                	andi	a5,a5,2
200123de:	842e                	mv	s0,a1
200123e0:	cf91                	beqz	a5,200123fc <__smakebuf_r+0x30>
200123e2:	04740793          	addi	a5,s0,71
200123e6:	c01c                	sw	a5,0(s0)
200123e8:	c81c                	sw	a5,16(s0)
200123ea:	4785                	li	a5,1
200123ec:	c85c                	sw	a5,20(s0)
200123ee:	50b2                	lw	ra,44(sp)
200123f0:	5422                	lw	s0,40(sp)
200123f2:	5492                	lw	s1,36(sp)
200123f4:	5902                	lw	s2,32(sp)
200123f6:	49f2                	lw	s3,28(sp)
200123f8:	6145                	addi	sp,sp,48
200123fa:	8082                	ret
200123fc:	0074                	addi	a3,sp,12
200123fe:	0030                	addi	a2,sp,8
20012400:	84aa                	mv	s1,a0
20012402:	37bd                	jal	20012370 <__swhatbuf_r>
20012404:	49a2                	lw	s3,8(sp)
20012406:	892a                	mv	s2,a0
20012408:	8526                	mv	a0,s1
2001240a:	85ce                	mv	a1,s3
2001240c:	e38ff0ef          	jal	ra,20011a44 <_malloc_r>
20012410:	ed01                	bnez	a0,20012428 <__smakebuf_r+0x5c>
20012412:	00c41783          	lh	a5,12(s0)
20012416:	2007f713          	andi	a4,a5,512
2001241a:	fb71                	bnez	a4,200123ee <__smakebuf_r+0x22>
2001241c:	9bf1                	andi	a5,a5,-4
2001241e:	0027e793          	ori	a5,a5,2
20012422:	00f41623          	sh	a5,12(s0)
20012426:	bf75                	j	200123e2 <__smakebuf_r+0x16>
20012428:	200127b7          	lui	a5,0x20012
2001242c:	1ac78793          	addi	a5,a5,428 # 200121ac <_cleanup_r>
20012430:	d49c                	sw	a5,40(s1)
20012432:	00c45783          	lhu	a5,12(s0)
20012436:	c008                	sw	a0,0(s0)
20012438:	c808                	sw	a0,16(s0)
2001243a:	0807e793          	ori	a5,a5,128
2001243e:	00f41623          	sh	a5,12(s0)
20012442:	47b2                	lw	a5,12(sp)
20012444:	01342a23          	sw	s3,20(s0)
20012448:	cf91                	beqz	a5,20012464 <__smakebuf_r+0x98>
2001244a:	00e41583          	lh	a1,14(s0)
2001244e:	8526                	mv	a0,s1
20012450:	05f000ef          	jal	ra,20012cae <_isatty_r>
20012454:	c901                	beqz	a0,20012464 <__smakebuf_r+0x98>
20012456:	00c45783          	lhu	a5,12(s0)
2001245a:	9bf1                	andi	a5,a5,-4
2001245c:	0017e793          	ori	a5,a5,1
20012460:	00f41623          	sh	a5,12(s0)
20012464:	00c45783          	lhu	a5,12(s0)
20012468:	0127e533          	or	a0,a5,s2
2001246c:	00a41623          	sh	a0,12(s0)
20012470:	bfbd                	j	200123ee <__smakebuf_r+0x22>

20012472 <__malloc_lock>:
20012472:	8082                	ret

20012474 <__malloc_unlock>:
20012474:	8082                	ret

20012476 <__sfputc_r>:
20012476:	461c                	lw	a5,8(a2)
20012478:	17fd                	addi	a5,a5,-1
2001247a:	c61c                	sw	a5,8(a2)
2001247c:	0007da63          	bgez	a5,20012490 <__sfputc_r+0x1a>
20012480:	4e18                	lw	a4,24(a2)
20012482:	00e7c563          	blt	a5,a4,2001248c <__sfputc_r+0x16>
20012486:	47a9                	li	a5,10
20012488:	00f59463          	bne	a1,a5,20012490 <__sfputc_r+0x1a>
2001248c:	821ff06f          	j	20011cac <__swbuf_r>
20012490:	421c                	lw	a5,0(a2)
20012492:	852e                	mv	a0,a1
20012494:	00178713          	addi	a4,a5,1
20012498:	c218                	sw	a4,0(a2)
2001249a:	00b78023          	sb	a1,0(a5)
2001249e:	8082                	ret

200124a0 <__sfputs_r>:
200124a0:	1101                	addi	sp,sp,-32
200124a2:	cc22                	sw	s0,24(sp)
200124a4:	ca26                	sw	s1,20(sp)
200124a6:	c84a                	sw	s2,16(sp)
200124a8:	c64e                	sw	s3,12(sp)
200124aa:	c452                	sw	s4,8(sp)
200124ac:	ce06                	sw	ra,28(sp)
200124ae:	892a                	mv	s2,a0
200124b0:	89ae                	mv	s3,a1
200124b2:	8432                	mv	s0,a2
200124b4:	00d604b3          	add	s1,a2,a3
200124b8:	5a7d                	li	s4,-1
200124ba:	00941463          	bne	s0,s1,200124c2 <__sfputs_r+0x22>
200124be:	4501                	li	a0,0
200124c0:	a809                	j	200124d2 <__sfputs_r+0x32>
200124c2:	00044583          	lbu	a1,0(s0)
200124c6:	864e                	mv	a2,s3
200124c8:	854a                	mv	a0,s2
200124ca:	3775                	jal	20012476 <__sfputc_r>
200124cc:	0405                	addi	s0,s0,1
200124ce:	ff4516e3          	bne	a0,s4,200124ba <__sfputs_r+0x1a>
200124d2:	40f2                	lw	ra,28(sp)
200124d4:	4462                	lw	s0,24(sp)
200124d6:	44d2                	lw	s1,20(sp)
200124d8:	4942                	lw	s2,16(sp)
200124da:	49b2                	lw	s3,12(sp)
200124dc:	4a22                	lw	s4,8(sp)
200124de:	6105                	addi	sp,sp,32
200124e0:	8082                	ret

200124e2 <_vfiprintf_r>:
200124e2:	7171                	addi	sp,sp,-176
200124e4:	d522                	sw	s0,168(sp)
200124e6:	d326                	sw	s1,164(sp)
200124e8:	d14a                	sw	s2,160(sp)
200124ea:	cf4e                	sw	s3,156(sp)
200124ec:	d706                	sw	ra,172(sp)
200124ee:	cd52                	sw	s4,152(sp)
200124f0:	cb56                	sw	s5,148(sp)
200124f2:	c95a                	sw	s6,144(sp)
200124f4:	c75e                	sw	s7,140(sp)
200124f6:	c562                	sw	s8,136(sp)
200124f8:	c366                	sw	s9,132(sp)
200124fa:	c16a                	sw	s10,128(sp)
200124fc:	deee                	sw	s11,124(sp)
200124fe:	89aa                	mv	s3,a0
20012500:	84ae                	mv	s1,a1
20012502:	8932                	mv	s2,a2
20012504:	8436                	mv	s0,a3
20012506:	c501                	beqz	a0,2001250e <_vfiprintf_r+0x2c>
20012508:	4d1c                	lw	a5,24(a0)
2001250a:	e391                	bnez	a5,2001250e <_vfiprintf_r+0x2c>
2001250c:	39cd                	jal	200121fe <__sinit>
2001250e:	200137b7          	lui	a5,0x20013
20012512:	4ac78793          	addi	a5,a5,1196 # 200134ac <__sf_fake_stdin>
20012516:	0ef49463          	bne	s1,a5,200125fe <_vfiprintf_r+0x11c>
2001251a:	0049a483          	lw	s1,4(s3)
2001251e:	00c4d783          	lhu	a5,12(s1)
20012522:	8ba1                	andi	a5,a5,8
20012524:	0e078f63          	beqz	a5,20012622 <_vfiprintf_r+0x140>
20012528:	489c                	lw	a5,16(s1)
2001252a:	0e078c63          	beqz	a5,20012622 <_vfiprintf_r+0x140>
2001252e:	02000793          	li	a5,32
20012532:	02f104a3          	sb	a5,41(sp)
20012536:	03000793          	li	a5,48
2001253a:	d202                	sw	zero,36(sp)
2001253c:	02f10523          	sb	a5,42(sp)
20012540:	c622                	sw	s0,12(sp)
20012542:	02500c93          	li	s9,37
20012546:	20013b37          	lui	s6,0x20013
2001254a:	20013bb7          	lui	s7,0x20013
2001254e:	20013d37          	lui	s10,0x20013
20012552:	20012c37          	lui	s8,0x20012
20012556:	00000a93          	li	s5,0
2001255a:	844a                	mv	s0,s2
2001255c:	00044783          	lbu	a5,0(s0)
20012560:	c399                	beqz	a5,20012566 <_vfiprintf_r+0x84>
20012562:	0f979663          	bne	a5,s9,2001264e <_vfiprintf_r+0x16c>
20012566:	41240db3          	sub	s11,s0,s2
2001256a:	01240d63          	beq	s0,s2,20012584 <_vfiprintf_r+0xa2>
2001256e:	86ee                	mv	a3,s11
20012570:	864a                	mv	a2,s2
20012572:	85a6                	mv	a1,s1
20012574:	854e                	mv	a0,s3
20012576:	372d                	jal	200124a0 <__sfputs_r>
20012578:	57fd                	li	a5,-1
2001257a:	1ef50263          	beq	a0,a5,2001275e <_vfiprintf_r+0x27c>
2001257e:	5792                	lw	a5,36(sp)
20012580:	97ee                	add	a5,a5,s11
20012582:	d23e                	sw	a5,36(sp)
20012584:	00044783          	lbu	a5,0(s0)
20012588:	1c078b63          	beqz	a5,2001275e <_vfiprintf_r+0x27c>
2001258c:	57fd                	li	a5,-1
2001258e:	00140913          	addi	s2,s0,1
20012592:	c802                	sw	zero,16(sp)
20012594:	ce02                	sw	zero,28(sp)
20012596:	ca3e                	sw	a5,20(sp)
20012598:	cc02                	sw	zero,24(sp)
2001259a:	040109a3          	sb	zero,83(sp)
2001259e:	d482                	sw	zero,104(sp)
200125a0:	4d85                	li	s11,1
200125a2:	00094583          	lbu	a1,0(s2)
200125a6:	4615                	li	a2,5
200125a8:	4ccb0513          	addi	a0,s6,1228 # 200134cc <__sf_fake_stdin+0x20>
200125ac:	278d                	jal	20012d0e <memchr>
200125ae:	47c2                	lw	a5,16(sp)
200125b0:	00190413          	addi	s0,s2,1
200125b4:	ed59                	bnez	a0,20012652 <_vfiprintf_r+0x170>
200125b6:	0107f713          	andi	a4,a5,16
200125ba:	c709                	beqz	a4,200125c4 <_vfiprintf_r+0xe2>
200125bc:	02000713          	li	a4,32
200125c0:	04e109a3          	sb	a4,83(sp)
200125c4:	0087f713          	andi	a4,a5,8
200125c8:	c709                	beqz	a4,200125d2 <_vfiprintf_r+0xf0>
200125ca:	02b00713          	li	a4,43
200125ce:	04e109a3          	sb	a4,83(sp)
200125d2:	00094683          	lbu	a3,0(s2)
200125d6:	02a00713          	li	a4,42
200125da:	08e68563          	beq	a3,a4,20012664 <_vfiprintf_r+0x182>
200125de:	47f2                	lw	a5,28(sp)
200125e0:	844a                	mv	s0,s2
200125e2:	4681                	li	a3,0
200125e4:	4625                	li	a2,9
200125e6:	4529                	li	a0,10
200125e8:	00044703          	lbu	a4,0(s0)
200125ec:	00140593          	addi	a1,s0,1
200125f0:	fd070713          	addi	a4,a4,-48 # ffffdfd0 <_etext+0xdffeaa6c>
200125f4:	0ae67e63          	bgeu	a2,a4,200126b0 <_vfiprintf_r+0x1ce>
200125f8:	ceb5                	beqz	a3,20012674 <_vfiprintf_r+0x192>
200125fa:	ce3e                	sw	a5,28(sp)
200125fc:	a8a5                	j	20012674 <_vfiprintf_r+0x192>
200125fe:	200137b7          	lui	a5,0x20013
20012602:	48c78793          	addi	a5,a5,1164 # 2001348c <__sf_fake_stdout>
20012606:	00f49563          	bne	s1,a5,20012610 <_vfiprintf_r+0x12e>
2001260a:	0089a483          	lw	s1,8(s3)
2001260e:	bf01                	j	2001251e <_vfiprintf_r+0x3c>
20012610:	200137b7          	lui	a5,0x20013
20012614:	46c78793          	addi	a5,a5,1132 # 2001346c <__sf_fake_stderr>
20012618:	f0f493e3          	bne	s1,a5,2001251e <_vfiprintf_r+0x3c>
2001261c:	00c9a483          	lw	s1,12(s3)
20012620:	bdfd                	j	2001251e <_vfiprintf_r+0x3c>
20012622:	85a6                	mv	a1,s1
20012624:	854e                	mv	a0,s3
20012626:	f46ff0ef          	jal	ra,20011d6c <__swsetup_r>
2001262a:	f00502e3          	beqz	a0,2001252e <_vfiprintf_r+0x4c>
2001262e:	557d                	li	a0,-1
20012630:	50ba                	lw	ra,172(sp)
20012632:	542a                	lw	s0,168(sp)
20012634:	549a                	lw	s1,164(sp)
20012636:	590a                	lw	s2,160(sp)
20012638:	49fa                	lw	s3,156(sp)
2001263a:	4a6a                	lw	s4,152(sp)
2001263c:	4ada                	lw	s5,148(sp)
2001263e:	4b4a                	lw	s6,144(sp)
20012640:	4bba                	lw	s7,140(sp)
20012642:	4c2a                	lw	s8,136(sp)
20012644:	4c9a                	lw	s9,132(sp)
20012646:	4d0a                	lw	s10,128(sp)
20012648:	5df6                	lw	s11,124(sp)
2001264a:	614d                	addi	sp,sp,176
2001264c:	8082                	ret
2001264e:	0405                	addi	s0,s0,1
20012650:	b731                	j	2001255c <_vfiprintf_r+0x7a>
20012652:	4ccb0713          	addi	a4,s6,1228
20012656:	8d19                	sub	a0,a0,a4
20012658:	00ad9533          	sll	a0,s11,a0
2001265c:	8fc9                	or	a5,a5,a0
2001265e:	c83e                	sw	a5,16(sp)
20012660:	8922                	mv	s2,s0
20012662:	b781                	j	200125a2 <_vfiprintf_r+0xc0>
20012664:	4732                	lw	a4,12(sp)
20012666:	00470693          	addi	a3,a4,4
2001266a:	4318                	lw	a4,0(a4)
2001266c:	c636                	sw	a3,12(sp)
2001266e:	02074a63          	bltz	a4,200126a2 <_vfiprintf_r+0x1c0>
20012672:	ce3a                	sw	a4,28(sp)
20012674:	00044703          	lbu	a4,0(s0)
20012678:	02e00793          	li	a5,46
2001267c:	04f71f63          	bne	a4,a5,200126da <_vfiprintf_r+0x1f8>
20012680:	00144703          	lbu	a4,1(s0)
20012684:	02a00793          	li	a5,42
20012688:	02f71a63          	bne	a4,a5,200126bc <_vfiprintf_r+0x1da>
2001268c:	47b2                	lw	a5,12(sp)
2001268e:	0409                	addi	s0,s0,2
20012690:	00478713          	addi	a4,a5,4
20012694:	439c                	lw	a5,0(a5)
20012696:	c63a                	sw	a4,12(sp)
20012698:	0007d363          	bgez	a5,2001269e <_vfiprintf_r+0x1bc>
2001269c:	57fd                	li	a5,-1
2001269e:	ca3e                	sw	a5,20(sp)
200126a0:	a82d                	j	200126da <_vfiprintf_r+0x1f8>
200126a2:	40e00733          	neg	a4,a4
200126a6:	0027e793          	ori	a5,a5,2
200126aa:	ce3a                	sw	a4,28(sp)
200126ac:	c83e                	sw	a5,16(sp)
200126ae:	b7d9                	j	20012674 <_vfiprintf_r+0x192>
200126b0:	02a787b3          	mul	a5,a5,a0
200126b4:	842e                	mv	s0,a1
200126b6:	4685                	li	a3,1
200126b8:	97ba                	add	a5,a5,a4
200126ba:	b73d                	j	200125e8 <_vfiprintf_r+0x106>
200126bc:	0405                	addi	s0,s0,1
200126be:	ca02                	sw	zero,20(sp)
200126c0:	4681                	li	a3,0
200126c2:	4781                	li	a5,0
200126c4:	4625                	li	a2,9
200126c6:	4529                	li	a0,10
200126c8:	00044703          	lbu	a4,0(s0)
200126cc:	00140593          	addi	a1,s0,1
200126d0:	fd070713          	addi	a4,a4,-48
200126d4:	04e67d63          	bgeu	a2,a4,2001272e <_vfiprintf_r+0x24c>
200126d8:	f2f9                	bnez	a3,2001269e <_vfiprintf_r+0x1bc>
200126da:	00044583          	lbu	a1,0(s0)
200126de:	460d                	li	a2,3
200126e0:	4d4b8513          	addi	a0,s7,1236 # 200134d4 <__sf_fake_stdin+0x28>
200126e4:	252d                	jal	20012d0e <memchr>
200126e6:	cd01                	beqz	a0,200126fe <_vfiprintf_r+0x21c>
200126e8:	4d4b8793          	addi	a5,s7,1236
200126ec:	8d1d                	sub	a0,a0,a5
200126ee:	47c2                	lw	a5,16(sp)
200126f0:	04000713          	li	a4,64
200126f4:	00a71733          	sll	a4,a4,a0
200126f8:	8fd9                	or	a5,a5,a4
200126fa:	0405                	addi	s0,s0,1
200126fc:	c83e                	sw	a5,16(sp)
200126fe:	00044583          	lbu	a1,0(s0)
20012702:	4619                	li	a2,6
20012704:	4d8d0513          	addi	a0,s10,1240 # 200134d8 <__sf_fake_stdin+0x2c>
20012708:	00140913          	addi	s2,s0,1
2001270c:	02b10423          	sb	a1,40(sp)
20012710:	2bfd                	jal	20012d0e <memchr>
20012712:	cd31                	beqz	a0,2001276e <_vfiprintf_r+0x28c>
20012714:	020a9763          	bnez	s5,20012742 <_vfiprintf_r+0x260>
20012718:	4742                	lw	a4,16(sp)
2001271a:	47b2                	lw	a5,12(sp)
2001271c:	10077713          	andi	a4,a4,256
20012720:	cf09                	beqz	a4,2001273a <_vfiprintf_r+0x258>
20012722:	0791                	addi	a5,a5,4
20012724:	c63e                	sw	a5,12(sp)
20012726:	5792                	lw	a5,36(sp)
20012728:	97d2                	add	a5,a5,s4
2001272a:	d23e                	sw	a5,36(sp)
2001272c:	b53d                	j	2001255a <_vfiprintf_r+0x78>
2001272e:	02a787b3          	mul	a5,a5,a0
20012732:	842e                	mv	s0,a1
20012734:	4685                	li	a3,1
20012736:	97ba                	add	a5,a5,a4
20012738:	bf41                	j	200126c8 <_vfiprintf_r+0x1e6>
2001273a:	079d                	addi	a5,a5,7
2001273c:	9be1                	andi	a5,a5,-8
2001273e:	07a1                	addi	a5,a5,8
20012740:	b7d5                	j	20012724 <_vfiprintf_r+0x242>
20012742:	0078                	addi	a4,sp,12
20012744:	4a0c0693          	addi	a3,s8,1184 # 200124a0 <__sfputs_r>
20012748:	8626                	mv	a2,s1
2001274a:	080c                	addi	a1,sp,16
2001274c:	854e                	mv	a0,s3
2001274e:	00000097          	auipc	ra,0x0
20012752:	000000e7          	jalr	zero # 0 <_lma_vma_data_offset>
20012756:	57fd                	li	a5,-1
20012758:	8a2a                	mv	s4,a0
2001275a:	fcf516e3          	bne	a0,a5,20012726 <_vfiprintf_r+0x244>
2001275e:	00c4d783          	lhu	a5,12(s1)
20012762:	0407f793          	andi	a5,a5,64
20012766:	ec0794e3          	bnez	a5,2001262e <_vfiprintf_r+0x14c>
2001276a:	5512                	lw	a0,36(sp)
2001276c:	b5d1                	j	20012630 <_vfiprintf_r+0x14e>
2001276e:	0078                	addi	a4,sp,12
20012770:	4a0c0693          	addi	a3,s8,1184
20012774:	8626                	mv	a2,s1
20012776:	080c                	addi	a1,sp,16
20012778:	854e                	mv	a0,s3
2001277a:	2a11                	jal	2001288e <_printf_i>
2001277c:	bfe9                	j	20012756 <_vfiprintf_r+0x274>

2001277e <_printf_common>:
2001277e:	7179                	addi	sp,sp,-48
20012780:	ca56                	sw	s5,20(sp)
20012782:	499c                	lw	a5,16(a1)
20012784:	8aba                	mv	s5,a4
20012786:	4598                	lw	a4,8(a1)
20012788:	d422                	sw	s0,40(sp)
2001278a:	d04a                	sw	s2,32(sp)
2001278c:	ce4e                	sw	s3,28(sp)
2001278e:	cc52                	sw	s4,24(sp)
20012790:	d606                	sw	ra,44(sp)
20012792:	d226                	sw	s1,36(sp)
20012794:	c85a                	sw	s6,16(sp)
20012796:	c65e                	sw	s7,12(sp)
20012798:	89aa                	mv	s3,a0
2001279a:	842e                	mv	s0,a1
2001279c:	8932                	mv	s2,a2
2001279e:	8a36                	mv	s4,a3
200127a0:	00e7d363          	bge	a5,a4,200127a6 <_printf_common+0x28>
200127a4:	87ba                	mv	a5,a4
200127a6:	00f92023          	sw	a5,0(s2)
200127aa:	04344703          	lbu	a4,67(s0)
200127ae:	c701                	beqz	a4,200127b6 <_printf_common+0x38>
200127b0:	0785                	addi	a5,a5,1
200127b2:	00f92023          	sw	a5,0(s2)
200127b6:	401c                	lw	a5,0(s0)
200127b8:	0207f793          	andi	a5,a5,32
200127bc:	c791                	beqz	a5,200127c8 <_printf_common+0x4a>
200127be:	00092783          	lw	a5,0(s2)
200127c2:	0789                	addi	a5,a5,2
200127c4:	00f92023          	sw	a5,0(s2)
200127c8:	4004                	lw	s1,0(s0)
200127ca:	8899                	andi	s1,s1,6
200127cc:	e891                	bnez	s1,200127e0 <_printf_common+0x62>
200127ce:	01940b13          	addi	s6,s0,25
200127d2:	5bfd                	li	s7,-1
200127d4:	445c                	lw	a5,12(s0)
200127d6:	00092703          	lw	a4,0(s2)
200127da:	8f99                	sub	a5,a5,a4
200127dc:	04f4cc63          	blt	s1,a5,20012834 <_printf_common+0xb6>
200127e0:	04344783          	lbu	a5,67(s0)
200127e4:	00f036b3          	snez	a3,a5
200127e8:	401c                	lw	a5,0(s0)
200127ea:	0207f793          	andi	a5,a5,32
200127ee:	eba5                	bnez	a5,2001285e <_printf_common+0xe0>
200127f0:	04340613          	addi	a2,s0,67
200127f4:	85d2                	mv	a1,s4
200127f6:	854e                	mv	a0,s3
200127f8:	9a82                	jalr	s5
200127fa:	57fd                	li	a5,-1
200127fc:	04f50363          	beq	a0,a5,20012842 <_printf_common+0xc4>
20012800:	401c                	lw	a5,0(s0)
20012802:	4711                	li	a4,4
20012804:	4481                	li	s1,0
20012806:	8b99                	andi	a5,a5,6
20012808:	00e79963          	bne	a5,a4,2001281a <_printf_common+0x9c>
2001280c:	4444                	lw	s1,12(s0)
2001280e:	00092783          	lw	a5,0(s2)
20012812:	8c9d                	sub	s1,s1,a5
20012814:	0004d363          	bgez	s1,2001281a <_printf_common+0x9c>
20012818:	4481                	li	s1,0
2001281a:	441c                	lw	a5,8(s0)
2001281c:	4818                	lw	a4,16(s0)
2001281e:	00f75463          	bge	a4,a5,20012826 <_printf_common+0xa8>
20012822:	8f99                	sub	a5,a5,a4
20012824:	94be                	add	s1,s1,a5
20012826:	4901                	li	s2,0
20012828:	0469                	addi	s0,s0,26
2001282a:	5b7d                	li	s6,-1
2001282c:	05249863          	bne	s1,s2,2001287c <_printf_common+0xfe>
20012830:	4501                	li	a0,0
20012832:	a809                	j	20012844 <_printf_common+0xc6>
20012834:	4685                	li	a3,1
20012836:	865a                	mv	a2,s6
20012838:	85d2                	mv	a1,s4
2001283a:	854e                	mv	a0,s3
2001283c:	9a82                	jalr	s5
2001283e:	01751e63          	bne	a0,s7,2001285a <_printf_common+0xdc>
20012842:	557d                	li	a0,-1
20012844:	50b2                	lw	ra,44(sp)
20012846:	5422                	lw	s0,40(sp)
20012848:	5492                	lw	s1,36(sp)
2001284a:	5902                	lw	s2,32(sp)
2001284c:	49f2                	lw	s3,28(sp)
2001284e:	4a62                	lw	s4,24(sp)
20012850:	4ad2                	lw	s5,20(sp)
20012852:	4b42                	lw	s6,16(sp)
20012854:	4bb2                	lw	s7,12(sp)
20012856:	6145                	addi	sp,sp,48
20012858:	8082                	ret
2001285a:	0485                	addi	s1,s1,1
2001285c:	bfa5                	j	200127d4 <_printf_common+0x56>
2001285e:	00d40733          	add	a4,s0,a3
20012862:	03000613          	li	a2,48
20012866:	04c701a3          	sb	a2,67(a4)
2001286a:	04544703          	lbu	a4,69(s0)
2001286e:	00168793          	addi	a5,a3,1
20012872:	97a2                	add	a5,a5,s0
20012874:	0689                	addi	a3,a3,2
20012876:	04e781a3          	sb	a4,67(a5)
2001287a:	bf9d                	j	200127f0 <_printf_common+0x72>
2001287c:	4685                	li	a3,1
2001287e:	8622                	mv	a2,s0
20012880:	85d2                	mv	a1,s4
20012882:	854e                	mv	a0,s3
20012884:	9a82                	jalr	s5
20012886:	fb650ee3          	beq	a0,s6,20012842 <_printf_common+0xc4>
2001288a:	0905                	addi	s2,s2,1
2001288c:	b745                	j	2001282c <_printf_common+0xae>

2001288e <_printf_i>:
2001288e:	7179                	addi	sp,sp,-48
20012890:	d422                	sw	s0,40(sp)
20012892:	d226                	sw	s1,36(sp)
20012894:	d04a                	sw	s2,32(sp)
20012896:	ce4e                	sw	s3,28(sp)
20012898:	d606                	sw	ra,44(sp)
2001289a:	cc52                	sw	s4,24(sp)
2001289c:	ca56                	sw	s5,20(sp)
2001289e:	c85a                	sw	s6,16(sp)
200128a0:	0185c883          	lbu	a7,24(a1)
200128a4:	07800793          	li	a5,120
200128a8:	84aa                	mv	s1,a0
200128aa:	842e                	mv	s0,a1
200128ac:	8932                	mv	s2,a2
200128ae:	89b6                	mv	s3,a3
200128b0:	0117ee63          	bltu	a5,a7,200128cc <_printf_i+0x3e>
200128b4:	06200793          	li	a5,98
200128b8:	04358693          	addi	a3,a1,67
200128bc:	0117ed63          	bltu	a5,a7,200128d6 <_printf_i+0x48>
200128c0:	1c088d63          	beqz	a7,20012a9a <_printf_i+0x20c>
200128c4:	05800793          	li	a5,88
200128c8:	16f88663          	beq	a7,a5,20012a34 <_printf_i+0x1a6>
200128cc:	04240a93          	addi	s5,s0,66
200128d0:	05140123          	sb	a7,66(s0)
200128d4:	a80d                	j	20012906 <_printf_i+0x78>
200128d6:	f9d88793          	addi	a5,a7,-99
200128da:	0ff7f793          	zext.b	a5,a5
200128de:	4655                	li	a2,21
200128e0:	fef666e3          	bltu	a2,a5,200128cc <_printf_i+0x3e>
200128e4:	20013637          	lui	a2,0x20013
200128e8:	078a                	slli	a5,a5,0x2
200128ea:	50860613          	addi	a2,a2,1288 # 20013508 <__sf_fake_stdin+0x5c>
200128ee:	97b2                	add	a5,a5,a2
200128f0:	439c                	lw	a5,0(a5)
200128f2:	8782                	jr	a5
200128f4:	431c                	lw	a5,0(a4)
200128f6:	04258a93          	addi	s5,a1,66
200128fa:	00478693          	addi	a3,a5,4
200128fe:	439c                	lw	a5,0(a5)
20012900:	c314                	sw	a3,0(a4)
20012902:	04f58123          	sb	a5,66(a1)
20012906:	4785                	li	a5,1
20012908:	aa65                	j	20012ac0 <_printf_i+0x232>
2001290a:	4190                	lw	a2,0(a1)
2001290c:	431c                	lw	a5,0(a4)
2001290e:	08067513          	andi	a0,a2,128
20012912:	00478593          	addi	a1,a5,4
20012916:	c139                	beqz	a0,2001295c <_printf_i+0xce>
20012918:	439c                	lw	a5,0(a5)
2001291a:	c30c                	sw	a1,0(a4)
2001291c:	20013737          	lui	a4,0x20013
20012920:	404c                	lw	a1,4(s0)
20012922:	4e070813          	addi	a6,a4,1248 # 200134e0 <__sf_fake_stdin+0x34>
20012926:	1407d263          	bgez	a5,20012a6a <_printf_i+0x1dc>
2001292a:	02d00713          	li	a4,45
2001292e:	04e401a3          	sb	a4,67(s0)
20012932:	c40c                	sw	a1,8(s0)
20012934:	0205dc63          	bgez	a1,2001296c <_printf_i+0xde>
20012938:	40f007b3          	neg	a5,a5
2001293c:	4729                	li	a4,10
2001293e:	8ab6                	mv	s5,a3
20012940:	02e7f633          	remu	a2,a5,a4
20012944:	1afd                	addi	s5,s5,-1
20012946:	9642                	add	a2,a2,a6
20012948:	00064603          	lbu	a2,0(a2)
2001294c:	00ca8023          	sb	a2,0(s5)
20012950:	863e                	mv	a2,a5
20012952:	02e7d7b3          	divu	a5,a5,a4
20012956:	fee675e3          	bgeu	a2,a4,20012940 <_printf_i+0xb2>
2001295a:	a08d                	j	200129bc <_printf_i+0x12e>
2001295c:	439c                	lw	a5,0(a5)
2001295e:	04067513          	andi	a0,a2,64
20012962:	c30c                	sw	a1,0(a4)
20012964:	dd45                	beqz	a0,2001291c <_printf_i+0x8e>
20012966:	07c2                	slli	a5,a5,0x10
20012968:	87c1                	srai	a5,a5,0x10
2001296a:	bf4d                	j	2001291c <_printf_i+0x8e>
2001296c:	9a6d                	andi	a2,a2,-5
2001296e:	c010                	sw	a2,0(s0)
20012970:	b7e1                	j	20012938 <_printf_i+0xaa>
20012972:	4190                	lw	a2,0(a1)
20012974:	431c                	lw	a5,0(a4)
20012976:	08067513          	andi	a0,a2,128
2001297a:	00478593          	addi	a1,a5,4
2001297e:	c501                	beqz	a0,20012986 <_printf_i+0xf8>
20012980:	c30c                	sw	a1,0(a4)
20012982:	439c                	lw	a5,0(a5)
20012984:	a039                	j	20012992 <_printf_i+0x104>
20012986:	04067613          	andi	a2,a2,64
2001298a:	c30c                	sw	a1,0(a4)
2001298c:	da7d                	beqz	a2,20012982 <_printf_i+0xf4>
2001298e:	0007d783          	lhu	a5,0(a5)
20012992:	20013837          	lui	a6,0x20013
20012996:	06f00713          	li	a4,111
2001299a:	4e080813          	addi	a6,a6,1248 # 200134e0 <__sf_fake_stdin+0x34>
2001299e:	0ce89463          	bne	a7,a4,20012a66 <_printf_i+0x1d8>
200129a2:	4721                	li	a4,8
200129a4:	040401a3          	sb	zero,67(s0)
200129a8:	4050                	lw	a2,4(s0)
200129aa:	c410                	sw	a2,8(s0)
200129ac:	f80649e3          	bltz	a2,2001293e <_printf_i+0xb0>
200129b0:	400c                	lw	a1,0(s0)
200129b2:	99ed                	andi	a1,a1,-5
200129b4:	c00c                	sw	a1,0(s0)
200129b6:	f7c1                	bnez	a5,2001293e <_printf_i+0xb0>
200129b8:	8ab6                	mv	s5,a3
200129ba:	f251                	bnez	a2,2001293e <_printf_i+0xb0>
200129bc:	47a1                	li	a5,8
200129be:	00f71e63          	bne	a4,a5,200129da <_printf_i+0x14c>
200129c2:	401c                	lw	a5,0(s0)
200129c4:	8b85                	andi	a5,a5,1
200129c6:	cb91                	beqz	a5,200129da <_printf_i+0x14c>
200129c8:	4058                	lw	a4,4(s0)
200129ca:	481c                	lw	a5,16(s0)
200129cc:	00e7c763          	blt	a5,a4,200129da <_printf_i+0x14c>
200129d0:	03000793          	li	a5,48
200129d4:	fefa8fa3          	sb	a5,-1(s5)
200129d8:	1afd                	addi	s5,s5,-1
200129da:	415686b3          	sub	a3,a3,s5
200129de:	c814                	sw	a3,16(s0)
200129e0:	874e                	mv	a4,s3
200129e2:	86ca                	mv	a3,s2
200129e4:	0070                	addi	a2,sp,12
200129e6:	85a2                	mv	a1,s0
200129e8:	8526                	mv	a0,s1
200129ea:	3b51                	jal	2001277e <_printf_common>
200129ec:	5a7d                	li	s4,-1
200129ee:	0d451d63          	bne	a0,s4,20012ac8 <_printf_i+0x23a>
200129f2:	557d                	li	a0,-1
200129f4:	50b2                	lw	ra,44(sp)
200129f6:	5422                	lw	s0,40(sp)
200129f8:	5492                	lw	s1,36(sp)
200129fa:	5902                	lw	s2,32(sp)
200129fc:	49f2                	lw	s3,28(sp)
200129fe:	4a62                	lw	s4,24(sp)
20012a00:	4ad2                	lw	s5,20(sp)
20012a02:	4b42                	lw	s6,16(sp)
20012a04:	6145                	addi	sp,sp,48
20012a06:	8082                	ret
20012a08:	419c                	lw	a5,0(a1)
20012a0a:	0207e793          	ori	a5,a5,32
20012a0e:	c19c                	sw	a5,0(a1)
20012a10:	20013837          	lui	a6,0x20013
20012a14:	07800893          	li	a7,120
20012a18:	4f480813          	addi	a6,a6,1268 # 200134f4 <__sf_fake_stdin+0x48>
20012a1c:	4010                	lw	a2,0(s0)
20012a1e:	051402a3          	sb	a7,69(s0)
20012a22:	431c                	lw	a5,0(a4)
20012a24:	08067513          	andi	a0,a2,128
20012a28:	00478593          	addi	a1,a5,4
20012a2c:	c909                	beqz	a0,20012a3e <_printf_i+0x1b0>
20012a2e:	c30c                	sw	a1,0(a4)
20012a30:	439c                	lw	a5,0(a5)
20012a32:	a821                	j	20012a4a <_printf_i+0x1bc>
20012a34:	20013837          	lui	a6,0x20013
20012a38:	4e080813          	addi	a6,a6,1248 # 200134e0 <__sf_fake_stdin+0x34>
20012a3c:	b7c5                	j	20012a1c <_printf_i+0x18e>
20012a3e:	04067513          	andi	a0,a2,64
20012a42:	c30c                	sw	a1,0(a4)
20012a44:	d575                	beqz	a0,20012a30 <_printf_i+0x1a2>
20012a46:	0007d783          	lhu	a5,0(a5)
20012a4a:	00167713          	andi	a4,a2,1
20012a4e:	c701                	beqz	a4,20012a56 <_printf_i+0x1c8>
20012a50:	02066613          	ori	a2,a2,32
20012a54:	c010                	sw	a2,0(s0)
20012a56:	c399                	beqz	a5,20012a5c <_printf_i+0x1ce>
20012a58:	4741                	li	a4,16
20012a5a:	b7a9                	j	200129a4 <_printf_i+0x116>
20012a5c:	4018                	lw	a4,0(s0)
20012a5e:	fdf77713          	andi	a4,a4,-33
20012a62:	c018                	sw	a4,0(s0)
20012a64:	bfd5                	j	20012a58 <_printf_i+0x1ca>
20012a66:	4729                	li	a4,10
20012a68:	bf35                	j	200129a4 <_printf_i+0x116>
20012a6a:	4e070813          	addi	a6,a4,1248
20012a6e:	4729                	li	a4,10
20012a70:	bf25                	j	200129a8 <_printf_i+0x11a>
20012a72:	4190                	lw	a2,0(a1)
20012a74:	431c                	lw	a5,0(a4)
20012a76:	49cc                	lw	a1,20(a1)
20012a78:	08067813          	andi	a6,a2,128
20012a7c:	00478513          	addi	a0,a5,4
20012a80:	00080663          	beqz	a6,20012a8c <_printf_i+0x1fe>
20012a84:	c308                	sw	a0,0(a4)
20012a86:	439c                	lw	a5,0(a5)
20012a88:	c38c                	sw	a1,0(a5)
20012a8a:	a801                	j	20012a9a <_printf_i+0x20c>
20012a8c:	c308                	sw	a0,0(a4)
20012a8e:	04067613          	andi	a2,a2,64
20012a92:	439c                	lw	a5,0(a5)
20012a94:	da75                	beqz	a2,20012a88 <_printf_i+0x1fa>
20012a96:	00b79023          	sh	a1,0(a5)
20012a9a:	00042823          	sw	zero,16(s0)
20012a9e:	8ab6                	mv	s5,a3
20012aa0:	b781                	j	200129e0 <_printf_i+0x152>
20012aa2:	431c                	lw	a5,0(a4)
20012aa4:	41d0                	lw	a2,4(a1)
20012aa6:	4581                	li	a1,0
20012aa8:	00478693          	addi	a3,a5,4
20012aac:	c314                	sw	a3,0(a4)
20012aae:	0007aa83          	lw	s5,0(a5)
20012ab2:	8556                	mv	a0,s5
20012ab4:	2ca9                	jal	20012d0e <memchr>
20012ab6:	c501                	beqz	a0,20012abe <_printf_i+0x230>
20012ab8:	41550533          	sub	a0,a0,s5
20012abc:	c048                	sw	a0,4(s0)
20012abe:	405c                	lw	a5,4(s0)
20012ac0:	c81c                	sw	a5,16(s0)
20012ac2:	040401a3          	sb	zero,67(s0)
20012ac6:	bf29                	j	200129e0 <_printf_i+0x152>
20012ac8:	4814                	lw	a3,16(s0)
20012aca:	8656                	mv	a2,s5
20012acc:	85ca                	mv	a1,s2
20012ace:	8526                	mv	a0,s1
20012ad0:	9982                	jalr	s3
20012ad2:	f34500e3          	beq	a0,s4,200129f2 <_printf_i+0x164>
20012ad6:	401c                	lw	a5,0(s0)
20012ad8:	8b89                	andi	a5,a5,2
20012ada:	e78d                	bnez	a5,20012b04 <_printf_i+0x276>
20012adc:	47b2                	lw	a5,12(sp)
20012ade:	4448                	lw	a0,12(s0)
20012ae0:	f0f55ae3          	bge	a0,a5,200129f4 <_printf_i+0x166>
20012ae4:	853e                	mv	a0,a5
20012ae6:	b739                	j	200129f4 <_printf_i+0x166>
20012ae8:	4685                	li	a3,1
20012aea:	8656                	mv	a2,s5
20012aec:	85ca                	mv	a1,s2
20012aee:	8526                	mv	a0,s1
20012af0:	9982                	jalr	s3
20012af2:	f16500e3          	beq	a0,s6,200129f2 <_printf_i+0x164>
20012af6:	0a05                	addi	s4,s4,1
20012af8:	445c                	lw	a5,12(s0)
20012afa:	4732                	lw	a4,12(sp)
20012afc:	8f99                	sub	a5,a5,a4
20012afe:	fefa45e3          	blt	s4,a5,20012ae8 <_printf_i+0x25a>
20012b02:	bfe9                	j	20012adc <_printf_i+0x24e>
20012b04:	4a01                	li	s4,0
20012b06:	01940a93          	addi	s5,s0,25
20012b0a:	5b7d                	li	s6,-1
20012b0c:	b7f5                	j	20012af8 <_printf_i+0x26a>

20012b0e <_putc_r>:
20012b0e:	1101                	addi	sp,sp,-32
20012b10:	cc22                	sw	s0,24(sp)
20012b12:	ce06                	sw	ra,28(sp)
20012b14:	842a                	mv	s0,a0
20012b16:	c909                	beqz	a0,20012b28 <_putc_r+0x1a>
20012b18:	4d1c                	lw	a5,24(a0)
20012b1a:	e799                	bnez	a5,20012b28 <_putc_r+0x1a>
20012b1c:	c632                	sw	a2,12(sp)
20012b1e:	c42e                	sw	a1,8(sp)
20012b20:	edeff0ef          	jal	ra,200121fe <__sinit>
20012b24:	4632                	lw	a2,12(sp)
20012b26:	45a2                	lw	a1,8(sp)
20012b28:	200137b7          	lui	a5,0x20013
20012b2c:	4ac78793          	addi	a5,a5,1196 # 200134ac <__sf_fake_stdin>
20012b30:	02f61663          	bne	a2,a5,20012b5c <_putc_r+0x4e>
20012b34:	4050                	lw	a2,4(s0)
20012b36:	461c                	lw	a5,8(a2)
20012b38:	17fd                	addi	a5,a5,-1
20012b3a:	c61c                	sw	a5,8(a2)
20012b3c:	0407d063          	bgez	a5,20012b7c <_putc_r+0x6e>
20012b40:	4e18                	lw	a4,24(a2)
20012b42:	00e7c763          	blt	a5,a4,20012b50 <_putc_r+0x42>
20012b46:	0ff5f793          	zext.b	a5,a1
20012b4a:	4729                	li	a4,10
20012b4c:	02e79863          	bne	a5,a4,20012b7c <_putc_r+0x6e>
20012b50:	8522                	mv	a0,s0
20012b52:	4462                	lw	s0,24(sp)
20012b54:	40f2                	lw	ra,28(sp)
20012b56:	6105                	addi	sp,sp,32
20012b58:	954ff06f          	j	20011cac <__swbuf_r>
20012b5c:	200137b7          	lui	a5,0x20013
20012b60:	48c78793          	addi	a5,a5,1164 # 2001348c <__sf_fake_stdout>
20012b64:	00f61463          	bne	a2,a5,20012b6c <_putc_r+0x5e>
20012b68:	4410                	lw	a2,8(s0)
20012b6a:	b7f1                	j	20012b36 <_putc_r+0x28>
20012b6c:	200137b7          	lui	a5,0x20013
20012b70:	46c78793          	addi	a5,a5,1132 # 2001346c <__sf_fake_stderr>
20012b74:	fcf611e3          	bne	a2,a5,20012b36 <_putc_r+0x28>
20012b78:	4450                	lw	a2,12(s0)
20012b7a:	bf75                	j	20012b36 <_putc_r+0x28>
20012b7c:	421c                	lw	a5,0(a2)
20012b7e:	0ff5f513          	zext.b	a0,a1
20012b82:	00178713          	addi	a4,a5,1
20012b86:	c218                	sw	a4,0(a2)
20012b88:	00b78023          	sb	a1,0(a5)
20012b8c:	40f2                	lw	ra,28(sp)
20012b8e:	4462                	lw	s0,24(sp)
20012b90:	6105                	addi	sp,sp,32
20012b92:	8082                	ret

20012b94 <__sread>:
20012b94:	1141                	addi	sp,sp,-16
20012b96:	c422                	sw	s0,8(sp)
20012b98:	842e                	mv	s0,a1
20012b9a:	00e59583          	lh	a1,14(a1)
20012b9e:	c606                	sw	ra,12(sp)
20012ba0:	2261                	jal	20012d28 <_read_r>
20012ba2:	00054963          	bltz	a0,20012bb4 <__sread+0x20>
20012ba6:	487c                	lw	a5,84(s0)
20012ba8:	97aa                	add	a5,a5,a0
20012baa:	c87c                	sw	a5,84(s0)
20012bac:	40b2                	lw	ra,12(sp)
20012bae:	4422                	lw	s0,8(sp)
20012bb0:	0141                	addi	sp,sp,16
20012bb2:	8082                	ret
20012bb4:	00c45783          	lhu	a5,12(s0)
20012bb8:	777d                	lui	a4,0xfffff
20012bba:	177d                	addi	a4,a4,-1 # ffffefff <_etext+0xdffeba9b>
20012bbc:	8ff9                	and	a5,a5,a4
20012bbe:	00f41623          	sh	a5,12(s0)
20012bc2:	b7ed                	j	20012bac <__sread+0x18>

20012bc4 <__swrite>:
20012bc4:	00c5d783          	lhu	a5,12(a1)
20012bc8:	1101                	addi	sp,sp,-32
20012bca:	cc22                	sw	s0,24(sp)
20012bcc:	ca26                	sw	s1,20(sp)
20012bce:	c84a                	sw	s2,16(sp)
20012bd0:	c64e                	sw	s3,12(sp)
20012bd2:	ce06                	sw	ra,28(sp)
20012bd4:	1007f793          	andi	a5,a5,256
20012bd8:	84aa                	mv	s1,a0
20012bda:	842e                	mv	s0,a1
20012bdc:	8932                	mv	s2,a2
20012bde:	89b6                	mv	s3,a3
20012be0:	c791                	beqz	a5,20012bec <__swrite+0x28>
20012be2:	00e59583          	lh	a1,14(a1)
20012be6:	4689                	li	a3,2
20012be8:	4601                	li	a2,0
20012bea:	28cd                	jal	20012cdc <_lseek_r>
20012bec:	00c45783          	lhu	a5,12(s0)
20012bf0:	777d                	lui	a4,0xfffff
20012bf2:	177d                	addi	a4,a4,-1 # ffffefff <_etext+0xdffeba9b>
20012bf4:	8ff9                	and	a5,a5,a4
20012bf6:	00e41583          	lh	a1,14(s0)
20012bfa:	00f41623          	sh	a5,12(s0)
20012bfe:	4462                	lw	s0,24(sp)
20012c00:	40f2                	lw	ra,28(sp)
20012c02:	86ce                	mv	a3,s3
20012c04:	864a                	mv	a2,s2
20012c06:	49b2                	lw	s3,12(sp)
20012c08:	4942                	lw	s2,16(sp)
20012c0a:	8526                	mv	a0,s1
20012c0c:	44d2                	lw	s1,20(sp)
20012c0e:	6105                	addi	sp,sp,32
20012c10:	99dfe06f          	j	200115ac <_write_r>

20012c14 <__sseek>:
20012c14:	1141                	addi	sp,sp,-16
20012c16:	c422                	sw	s0,8(sp)
20012c18:	842e                	mv	s0,a1
20012c1a:	00e59583          	lh	a1,14(a1)
20012c1e:	c606                	sw	ra,12(sp)
20012c20:	2875                	jal	20012cdc <_lseek_r>
20012c22:	577d                	li	a4,-1
20012c24:	00c45783          	lhu	a5,12(s0)
20012c28:	00e51b63          	bne	a0,a4,20012c3e <__sseek+0x2a>
20012c2c:	777d                	lui	a4,0xfffff
20012c2e:	177d                	addi	a4,a4,-1 # ffffefff <_etext+0xdffeba9b>
20012c30:	8ff9                	and	a5,a5,a4
20012c32:	00f41623          	sh	a5,12(s0)
20012c36:	40b2                	lw	ra,12(sp)
20012c38:	4422                	lw	s0,8(sp)
20012c3a:	0141                	addi	sp,sp,16
20012c3c:	8082                	ret
20012c3e:	6705                	lui	a4,0x1
20012c40:	8fd9                	or	a5,a5,a4
20012c42:	00f41623          	sh	a5,12(s0)
20012c46:	c868                	sw	a0,84(s0)
20012c48:	b7fd                	j	20012c36 <__sseek+0x22>

20012c4a <__sclose>:
20012c4a:	00e59583          	lh	a1,14(a1)
20012c4e:	a009                	j	20012c50 <_close_r>

20012c50 <_close_r>:
20012c50:	1141                	addi	sp,sp,-16
20012c52:	c422                	sw	s0,8(sp)
20012c54:	c226                	sw	s1,4(sp)
20012c56:	842a                	mv	s0,a0
20012c58:	6485                	lui	s1,0x1
20012c5a:	852e                	mv	a0,a1
20012c5c:	c606                	sw	ra,12(sp)
20012c5e:	2c04a423          	sw	zero,712(s1) # 12c8 <errno>
20012c62:	89ffe0ef          	jal	ra,20011500 <_close>
20012c66:	57fd                	li	a5,-1
20012c68:	00f51663          	bne	a0,a5,20012c74 <_close_r+0x24>
20012c6c:	2c84a783          	lw	a5,712(s1)
20012c70:	c391                	beqz	a5,20012c74 <_close_r+0x24>
20012c72:	c01c                	sw	a5,0(s0)
20012c74:	40b2                	lw	ra,12(sp)
20012c76:	4422                	lw	s0,8(sp)
20012c78:	4492                	lw	s1,4(sp)
20012c7a:	0141                	addi	sp,sp,16
20012c7c:	8082                	ret

20012c7e <_fstat_r>:
20012c7e:	1141                	addi	sp,sp,-16
20012c80:	c422                	sw	s0,8(sp)
20012c82:	c226                	sw	s1,4(sp)
20012c84:	842a                	mv	s0,a0
20012c86:	6485                	lui	s1,0x1
20012c88:	852e                	mv	a0,a1
20012c8a:	85b2                	mv	a1,a2
20012c8c:	c606                	sw	ra,12(sp)
20012c8e:	2c04a423          	sw	zero,712(s1) # 12c8 <errno>
20012c92:	88dfe0ef          	jal	ra,2001151e <_fstat>
20012c96:	57fd                	li	a5,-1
20012c98:	00f51663          	bne	a0,a5,20012ca4 <_fstat_r+0x26>
20012c9c:	2c84a783          	lw	a5,712(s1)
20012ca0:	c391                	beqz	a5,20012ca4 <_fstat_r+0x26>
20012ca2:	c01c                	sw	a5,0(s0)
20012ca4:	40b2                	lw	ra,12(sp)
20012ca6:	4422                	lw	s0,8(sp)
20012ca8:	4492                	lw	s1,4(sp)
20012caa:	0141                	addi	sp,sp,16
20012cac:	8082                	ret

20012cae <_isatty_r>:
20012cae:	1141                	addi	sp,sp,-16
20012cb0:	c422                	sw	s0,8(sp)
20012cb2:	c226                	sw	s1,4(sp)
20012cb4:	842a                	mv	s0,a0
20012cb6:	6485                	lui	s1,0x1
20012cb8:	852e                	mv	a0,a1
20012cba:	c606                	sw	ra,12(sp)
20012cbc:	2c04a423          	sw	zero,712(s1) # 12c8 <errno>
20012cc0:	867fe0ef          	jal	ra,20011526 <_isatty>
20012cc4:	57fd                	li	a5,-1
20012cc6:	00f51663          	bne	a0,a5,20012cd2 <_isatty_r+0x24>
20012cca:	2c84a783          	lw	a5,712(s1)
20012cce:	c391                	beqz	a5,20012cd2 <_isatty_r+0x24>
20012cd0:	c01c                	sw	a5,0(s0)
20012cd2:	40b2                	lw	ra,12(sp)
20012cd4:	4422                	lw	s0,8(sp)
20012cd6:	4492                	lw	s1,4(sp)
20012cd8:	0141                	addi	sp,sp,16
20012cda:	8082                	ret

20012cdc <_lseek_r>:
20012cdc:	1141                	addi	sp,sp,-16
20012cde:	c422                	sw	s0,8(sp)
20012ce0:	c226                	sw	s1,4(sp)
20012ce2:	842a                	mv	s0,a0
20012ce4:	6485                	lui	s1,0x1
20012ce6:	852e                	mv	a0,a1
20012ce8:	85b2                	mv	a1,a2
20012cea:	8636                	mv	a2,a3
20012cec:	c606                	sw	ra,12(sp)
20012cee:	2c04a423          	sw	zero,712(s1) # 12c8 <errno>
20012cf2:	83dfe0ef          	jal	ra,2001152e <_lseek>
20012cf6:	57fd                	li	a5,-1
20012cf8:	00f51663          	bne	a0,a5,20012d04 <_lseek_r+0x28>
20012cfc:	2c84a783          	lw	a5,712(s1)
20012d00:	c391                	beqz	a5,20012d04 <_lseek_r+0x28>
20012d02:	c01c                	sw	a5,0(s0)
20012d04:	40b2                	lw	ra,12(sp)
20012d06:	4422                	lw	s0,8(sp)
20012d08:	4492                	lw	s1,4(sp)
20012d0a:	0141                	addi	sp,sp,16
20012d0c:	8082                	ret

20012d0e <memchr>:
20012d0e:	0ff5f593          	zext.b	a1,a1
20012d12:	962a                	add	a2,a2,a0
20012d14:	00c51463          	bne	a0,a2,20012d1c <memchr+0xe>
20012d18:	4501                	li	a0,0
20012d1a:	8082                	ret
20012d1c:	00054783          	lbu	a5,0(a0)
20012d20:	feb78de3          	beq	a5,a1,20012d1a <memchr+0xc>
20012d24:	0505                	addi	a0,a0,1
20012d26:	b7fd                	j	20012d14 <memchr+0x6>

20012d28 <_read_r>:
20012d28:	1141                	addi	sp,sp,-16
20012d2a:	c422                	sw	s0,8(sp)
20012d2c:	c226                	sw	s1,4(sp)
20012d2e:	842a                	mv	s0,a0
20012d30:	6485                	lui	s1,0x1
20012d32:	852e                	mv	a0,a1
20012d34:	85b2                	mv	a1,a2
20012d36:	8636                	mv	a2,a3
20012d38:	c606                	sw	ra,12(sp)
20012d3a:	2c04a423          	sw	zero,712(s1) # 12c8 <errno>
20012d3e:	ff4fe0ef          	jal	ra,20011532 <_read>
20012d42:	57fd                	li	a5,-1
20012d44:	00f51663          	bne	a0,a5,20012d50 <_read_r+0x28>
20012d48:	2c84a783          	lw	a5,712(s1)
20012d4c:	c391                	beqz	a5,20012d50 <_read_r+0x28>
20012d4e:	c01c                	sw	a5,0(s0)
20012d50:	40b2                	lw	ra,12(sp)
20012d52:	4422                	lw	s0,8(sp)
20012d54:	4492                	lw	s1,4(sp)
20012d56:	0141                	addi	sp,sp,16
20012d58:	8082                	ret
20012d5a:	0000                	unimp
20012d5c:	2ac4                	.2byte	0x2ac4
20012d5e:	331d                	jal	20012a84 <_printf_i+0x1f6>
20012d60:	2280                	.2byte	0x2280
20012d62:	2619                	jal	20013068 <_read_r+0x340>
20012d64:	0371                	addi	t1,t1,28
20012d66:	5ad5c2ef          	jal	t0,2006fb12 <_etext+0x5c5ae>
20012d6a:	c305                	beqz	a4,20012d8a <_read_r+0x62>
20012d6c:	3a65                	jal	20012724 <_vfiprintf_r+0x242>
20012d6e:	c44c                	sw	a1,12(s0)
20012d70:	db91                	beqz	a5,20012c84 <_fstat_r+0x6>
20012d72:	6825                	lui	a6,0x9
20012d74:	56ac                	lw	a1,104(a3)
20012d76:	0a94                	addi	a3,sp,336
20012d78:	be9558f7          	.4byte	0xbe9558f7
20012d7c:	14ec                	addi	a1,sp,620
20012d7e:	2001                	jal	20012d7e <_read_r+0x56>
20012d80:	14ec                	addi	a1,sp,620
20012d82:	2001                	jal	20012d82 <_read_r+0x5a>
20012d84:	14f0                	addi	a2,sp,620
20012d86:	2001                	jal	20012d86 <_read_r+0x5e>
20012d88:	14f4                	addi	a3,sp,620
20012d8a:	2001                	jal	20012d8a <_read_r+0x62>
20012d8c:	14c2                	slli	s1,s1,0x30
20012d8e:	2001                	jal	20012d8e <_read_r+0x66>
20012d90:	14c4                	addi	s1,sp,612
20012d92:	2001                	jal	20012d92 <_read_r+0x6a>
20012d94:	14c2                	slli	s1,s1,0x30
20012d96:	2001                	jal	20012d96 <_read_r+0x6e>
20012d98:	14c4                	addi	s1,sp,612
20012d9a:	2001                	jal	20012d9a <_read_r+0x72>
20012d9c:	14c2                	slli	s1,s1,0x30
20012d9e:	2001                	jal	20012d9e <_read_r+0x76>
20012da0:	14c2                	slli	s1,s1,0x30
20012da2:	2001                	jal	20012da2 <_read_r+0x7a>
20012da4:	14c2                	slli	s1,s1,0x30
20012da6:	2001                	jal	20012da6 <_read_r+0x7e>
20012da8:	14f8                	addi	a4,sp,620
20012daa:	2001                	jal	20012daa <_read_r+0x82>
20012dac:	5b0a                	lw	s6,160(sp)
20012dae:	55434553          	.4byte	0x55434553
20012db2:	4552                	lw	a0,20(sp)
20012db4:	4220                	lw	s0,64(a2)
20012db6:	5d544f4f          	.4byte	0x5d544f4f
20012dba:	2120                	.2byte	0x2120
20012dbc:	2121                	jal	200131c4 <_read_r+0x49c>
20012dbe:	4120                	lw	s0,64(a0)
20012dc0:	454c                	lw	a1,12(a0)
20012dc2:	5452                	lw	s0,52(sp)
20012dc4:	2041                	jal	20012e44 <_read_r+0x11c>
20012dc6:	4544                	lw	s1,12(a0)
20012dc8:	5320                	lw	s0,96(a4)
20012dca:	4745                	li	a4,17
20012dcc:	5255                	li	tp,-11
20012dce:	4449                	li	s0,18
20012dd0:	4441                	li	s0,16
20012dd2:	2120                	.2byte	0x2120
20012dd4:	2121                	jal	200131dc <_read_r+0x4b4>
20012dd6:	0000                	unimp
20012dd8:	4345535b          	.4byte	0x4345535b
20012ddc:	5255                	li	tp,-11
20012dde:	2045                	jal	20012e7e <_read_r+0x156>
20012de0:	4f42                	lw	t5,16(sp)
20012de2:	205d544f          	.4byte	0x205d544f
20012de6:	6f4d                	lui	t5,0x13
20012de8:	6974                	.2byte	0x6974
20012dea:	6f76                	.2byte	0x6f76
20012dec:	203a                	.2byte	0x203a
20012dee:	7325                	lui	t1,0xfffe9
20012df0:	000a                	c.slli	zero,0x2
20012df2:	0000                	unimp
20012df4:	4345535b          	.4byte	0x4345535b
20012df8:	5255                	li	tp,-11
20012dfa:	2045                	jal	20012e9a <_read_r+0x172>
20012dfc:	4f42                	lw	t5,16(sp)
20012dfe:	205d544f          	.4byte	0x205d544f
20012e02:	74736953          	.4byte	0x74736953
20012e06:	6d65                	lui	s10,0x19
20012e08:	2061                	jal	20012e90 <_read_r+0x168>
20012e0a:	6c62                	.2byte	0x6c62
20012e0c:	6575716f          	jal	sp,2006ac62 <_etext+0x576fe>
20012e10:	6461                	lui	s0,0x18
20012e12:	6570206f          	j	20015c68 <_etext+0x2704>
20012e16:	6d72                	.2byte	0x6d72
20012e18:	6e61                	lui	t3,0x18
20012e1a:	6e65                	lui	t3,0x19
20012e1c:	6574                	.2byte	0x6574
20012e1e:	656d                	lui	a0,0x1b
20012e20:	746e                	.2byte	0x746e
20012e22:	2e65                	jal	200131da <_read_r+0x4b2>
20012e24:	0000                	unimp
20012e26:	0000                	unimp
20012e28:	3d0a                	.2byte	0x3d0a
20012e2a:	3d3d                	jal	20012c68 <_close_r+0x18>
20012e2c:	3d3d                	jal	20012c6a <_close_r+0x1a>
20012e2e:	3d3d                	jal	20012c6c <_close_r+0x1c>
20012e30:	3d3d                	jal	20012c6e <_close_r+0x1e>
20012e32:	3d3d                	jal	20012c70 <_close_r+0x20>
20012e34:	3d3d                	jal	20012c72 <_close_r+0x22>
20012e36:	3d3d                	jal	20012c74 <_close_r+0x24>
20012e38:	3d3d                	jal	20012c76 <_close_r+0x26>
20012e3a:	3d3d                	jal	20012c78 <_close_r+0x28>
20012e3c:	3d3d                	jal	20012c7a <_close_r+0x2a>
20012e3e:	3d3d                	jal	20012c7c <_close_r+0x2c>
20012e40:	3d3d                	jal	20012c7e <_fstat_r>
20012e42:	3d3d                	jal	20012c80 <_fstat_r+0x2>
20012e44:	3d3d                	jal	20012c82 <_fstat_r+0x4>
20012e46:	3d3d                	jal	20012c84 <_fstat_r+0x6>
20012e48:	3d3d                	jal	20012c86 <_fstat_r+0x8>
20012e4a:	3d3d                	jal	20012c88 <_fstat_r+0xa>
20012e4c:	003d                	c.nop	15
20012e4e:	0000                	unimp
20012e50:	2d2d                	jal	2001348a <__sf_fake_stderr+0x1e>
20012e52:	202d                	jal	20012e7c <_read_r+0x154>
20012e54:	2d58                	.2byte	0x2d58
20012e56:	4548                	lw	a0,12(a0)
20012e58:	5045                	c.li	zero,-15
20012e5a:	5820                	lw	s0,112(s0)
20012e5c:	534d                	li	t1,-13
20012e5e:	45532053          	.4byte	0x45532053
20012e62:	45525543          	.4byte	0x45525543
20012e66:	4220                	lw	s0,64(a2)
20012e68:	20544f4f          	.4byte	0x20544f4f
20012e6c:	4f52                	lw	t5,20(sp)
20012e6e:	204d                	jal	20012f10 <_read_r+0x1e8>
20012e70:	2d20                	.2byte	0x2d20
20012e72:	2d2d                	jal	200134ac <__sf_fake_stdin>
20012e74:	0000                	unimp
20012e76:	0000                	unimp
20012e78:	3d3d                	jal	20012cb6 <_isatty_r+0x8>
20012e7a:	3d3d                	jal	20012cb8 <_isatty_r+0xa>
20012e7c:	3d3d                	jal	20012cba <_isatty_r+0xc>
20012e7e:	3d3d                	jal	20012cbc <_isatty_r+0xe>
20012e80:	3d3d                	jal	20012cbe <_isatty_r+0x10>
20012e82:	3d3d                	jal	20012cc0 <_isatty_r+0x12>
20012e84:	3d3d                	jal	20012cc2 <_isatty_r+0x14>
20012e86:	3d3d                	jal	20012cc4 <_isatty_r+0x16>
20012e88:	3d3d                	jal	20012cc6 <_isatty_r+0x18>
20012e8a:	3d3d                	jal	20012cc8 <_isatty_r+0x1a>
20012e8c:	3d3d                	jal	20012cca <_isatty_r+0x1c>
20012e8e:	3d3d                	jal	20012ccc <_isatty_r+0x1e>
20012e90:	3d3d                	jal	20012cce <_isatty_r+0x20>
20012e92:	3d3d                	jal	20012cd0 <_isatty_r+0x22>
20012e94:	3d3d                	jal	20012cd2 <_isatty_r+0x24>
20012e96:	3d3d                	jal	20012cd4 <_isatty_r+0x26>
20012e98:	3d3d                	jal	20012cd6 <_isatty_r+0x28>
20012e9a:	3d3d                	jal	20012cd8 <_isatty_r+0x2a>
20012e9c:	0000                	unimp
20012e9e:	0000                	unimp
20012ea0:	4345535b          	.4byte	0x4345535b
20012ea4:	5255                	li	tp,-11
20012ea6:	2045                	jal	20012f46 <_read_r+0x21e>
20012ea8:	4f42                	lw	t5,16(sp)
20012eaa:	205d544f          	.4byte	0x205d544f
20012eae:	6e49                	lui	t3,0x12
20012eb0:	6369                	lui	t1,0x1a
20012eb2:	6169                	addi	sp,sp,208
20012eb4:	696c                	.2byte	0x696c
20012eb6:	617a                	.2byte	0x617a
20012eb8:	646e                	.2byte	0x646e
20012eba:	7562206f          	j	20035610 <_etext+0x220ac>
20012ebe:	50532073          	csrs	0x505,t1
20012ec2:	2049                	jal	20012f44 <_read_r+0x21c>
20012ec4:	6c46                	.2byte	0x6c46
20012ec6:	7361                	lui	t1,0xffff8
20012ec8:	2e68                	.2byte	0x2e68
20012eca:	2e2e                	.2byte	0x2e2e
20012ecc:	0000                	unimp
20012ece:	0000                	unimp
20012ed0:	6146                	.2byte	0x6146
20012ed2:	6c6c                	.2byte	0x6c6c
20012ed4:	7263206f          	j	200455fa <_etext+0x32096>
20012ed8:	7469                	lui	s0,0xffffa
20012eda:	6369                	lui	t1,0x1a
20012edc:	6c61206f          	j	200255a2 <_etext+0x1203e>
20012ee0:	6920                	.2byte	0x6920
20012ee2:	696e                	.2byte	0x696e
20012ee4:	6c616963          	bltu	sp,t1,200135b6 <_etext+0x52>
20012ee8:	7a69                	lui	s4,0xffffa
20012eea:	7261                	lui	tp,0xffff8
20012eec:	5320                	lw	s0,96(a4)
20012eee:	4950                	lw	a2,20(a0)
20012ef0:	4620                	lw	s0,72(a2)
20012ef2:	616c                	.2byte	0x616c
20012ef4:	00006873          	csrrsi	a6,ustatus,0
20012ef8:	7245                	lui	tp,0xffff1
20012efa:	6f72                	.2byte	0x6f72
20012efc:	2072                	.2byte	0x2072
20012efe:	6564                	.2byte	0x6564
20012f00:	6820                	.2byte	0x6820
20012f02:	7261                	lui	tp,0xffff8
20012f04:	7764                	.2byte	0x7764
20012f06:	7261                	lui	tp,0xffff8
20012f08:	2065                	jal	20012fb0 <_read_r+0x288>
20012f0a:	6c61                	lui	s8,0x18
20012f0c:	6c20                	.2byte	0x6c20
20012f0e:	6565                	lui	a0,0x19
20012f10:	2072                	.2byte	0x2072
20012f12:	616c                	.2byte	0x616c
20012f14:	6320                	.2byte	0x6320
20012f16:	6261                	lui	tp,0x18
20012f18:	6365                	lui	t1,0x19
20012f1a:	7265                	lui	tp,0xffff9
20012f1c:	2061                	jal	20012fa4 <_read_r+0x27c>
20012f1e:	6564                	.2byte	0x6564
20012f20:	6c20                	.2byte	0x6c20
20012f22:	2061                	jal	20012faa <_read_r+0x282>
20012f24:	6c46                	.2byte	0x6c46
20012f26:	7361                	lui	t1,0xffff8
20012f28:	2e68                	.2byte	0x2e68
20012f2a:	0000                	unimp
20012f2c:	4345535b          	.4byte	0x4345535b
20012f30:	5255                	li	tp,-11
20012f32:	2045                	jal	20012fd2 <_read_r+0x2aa>
20012f34:	4f42                	lw	t5,16(sp)
20012f36:	205d544f          	.4byte	0x205d544f
20012f3a:	65626143          	.4byte	0x65626143
20012f3e:	61726563          	bltu	tp,s7,20013548 <__sf_fake_stdin+0x9c>
20012f42:	6c20                	.2byte	0x6c20
20012f44:	6965                	lui	s2,0x19
20012f46:	6164                	.2byte	0x6164
20012f48:	202e                	.2byte	0x202e
20012f4a:	6154                	.2byte	0x6154
20012f4c:	616d                	addi	sp,sp,240
20012f4e:	206fb1c3          	.4byte	0x206fb1c3
20012f52:	6564                	.2byte	0x6564
20012f54:	206c                	.2byte	0x206c
20012f56:	6966                	.2byte	0x6966
20012f58:	6d72                	.2byte	0x6d72
20012f5a:	65726177          	.4byte	0x65726177
20012f5e:	203a                	.2byte	0x203a
20012f60:	6425                	lui	s0,0x9
20012f62:	6220                	.2byte	0x6220
20012f64:	7479                	lui	s0,0xffffe
20012f66:	7365                	lui	t1,0xffff9
20012f68:	0a2e                	slli	s4,s4,0xb
20012f6a:	0000                	unimp
20012f6c:	4345535b          	.4byte	0x4345535b
20012f70:	5255                	li	tp,-11
20012f72:	2045                	jal	20013012 <_read_r+0x2ea>
20012f74:	4f42                	lw	t5,16(sp)
20012f76:	205d544f          	.4byte	0x205d544f
20012f7a:	654c                	.2byte	0x654c
20012f7c:	6579                	lui	a0,0x1e
20012f7e:	646e                	.2byte	0x646e
20012f80:	6966206f          	j	20075616 <_etext+0x620b2>
20012f84:	6d72                	.2byte	0x6d72
20012f86:	65726177          	.4byte	0x65726177
20012f8a:	6420                	.2byte	0x6420
20012f8c:	7365                	lui	t1,0xffff9
20012f8e:	6564                	.2byte	0x6564
20012f90:	6c20                	.2byte	0x6c20
20012f92:	2061                	jal	2001301a <_read_r+0x2f2>
20012f94:	6c46                	.2byte	0x6c46
20012f96:	7361                	lui	t1,0xffff8
20012f98:	2068                	.2byte	0x2068
20012f9a:	7865                	lui	a6,0xffff9
20012f9c:	6574                	.2byte	0x6574
20012f9e:	6e72                	.2byte	0x6e72
20012fa0:	2061                	jal	20013028 <_read_r+0x300>
20012fa2:	4f28                	lw	a0,88(a4)
20012fa4:	6666                	.2byte	0x6666
20012fa6:	20746573          	csrrsi	a0,0x207,8
20012faa:	7830                	.2byte	0x7830
20012fac:	3130                	.2byte	0x3130
20012fae:	3030                	.2byte	0x3030
20012fb0:	3430                	.2byte	0x3430
20012fb2:	2e29                	jal	200132cc <_read_r+0x5a4>
20012fb4:	2e2e                	.2byte	0x2e2e
20012fb6:	0000                	unimp
20012fb8:	7245                	lui	tp,0xffff1
20012fba:	6f72                	.2byte	0x6f72
20012fbc:	2072                	.2byte	0x2072
20012fbe:	6564                	.2byte	0x6564
20012fc0:	6820                	.2byte	0x6820
20012fc2:	7261                	lui	tp,0xffff8
20012fc4:	7764                	.2byte	0x7764
20012fc6:	7261                	lui	tp,0xffff8
20012fc8:	2065                	jal	20013070 <_read_r+0x348>
20012fca:	6c61                	lui	s8,0x18
20012fcc:	6c20                	.2byte	0x6c20
20012fce:	6565                	lui	a0,0x19
20012fd0:	2072                	.2byte	0x2072
20012fd2:	616c                	.2byte	0x616c
20012fd4:	6d20                	.2byte	0x6d20
20012fd6:	6d65                	lui	s10,0x19
20012fd8:	6169726f          	jal	tp,200aa5ee <_etext+0x9708a>
20012fdc:	4620                	lw	s0,72(a2)
20012fde:	616c                	.2byte	0x616c
20012fe0:	002e6873          	csrrsi	a6,frm,28
20012fe4:	4345535b          	.4byte	0x4345535b
20012fe8:	5255                	li	tp,-11
20012fea:	2045                	jal	2001308a <_read_r+0x362>
20012fec:	4f42                	lw	t5,16(sp)
20012fee:	205d544f          	.4byte	0x205d544f
20012ff2:	6544                	.2byte	0x6544
20012ff4:	72616373          	csrrsi	t1,mhpmevent6h,2
20012ff8:	63206167          	.4byte	0x63206167
20012ffc:	6c706d6f          	jal	s10,20019ec2 <_etext+0x695e>
20013000:	7465                	lui	s0,0xffff9
20013002:	6461                	lui	s0,0x18
20013004:	2e61                	jal	2001339c <_read_r+0x674>
20013006:	0000                	unimp
20013008:	5b0a                	lw	s6,160(sp)
2001300a:	4544                	lw	s1,12(a0)
2001300c:	5542                	lw	a0,48(sp)
2001300e:	56205d47          	.4byte	0x56205d47
20013012:	61636c6f          	jal	s8,20049628 <_etext+0x360c4>
20013016:	6f64                	.2byte	0x6f64
20013018:	6420                	.2byte	0x6420
2001301a:	2065                	jal	200130c2 <_read_r+0x39a>
2001301c:	6f6c                	.2byte	0x6f6c
2001301e:	72702073          	csrr	zero,mhpmevent7h
20013022:	6d69                	lui	s10,0x1a
20013024:	7265                	lui	tp,0xffff9
20013026:	3120736f          	jal	t1,2001a338 <_etext+0x6dd4>
2001302a:	2036                	.2byte	0x2036
2001302c:	7962                	.2byte	0x7962
2001302e:	6574                	.2byte	0x6574
20013030:	43282073          	csrs	0x432,a6
20013034:	616c                	.2byte	0x616c
20013036:	6576                	.2byte	0x6576
20013038:	5020                	lw	s0,96(s0)
2001303a:	6275                	lui	tp,0x1d
2001303c:	696c                	.2byte	0x696c
2001303e:	3a296163          	bltu	s2,sp,200133e0 <_read_r+0x6b8>
20013042:	0000                	unimp
20013044:	3025                	jal	2001286c <_printf_common+0xee>
20013046:	5832                	lw	a6,44(sp)
20013048:	0020                	addi	s0,sp,8
2001304a:	0000                	unimp
2001304c:	4345535b          	.4byte	0x4345535b
20013050:	5255                	li	tp,-11
20013052:	2045                	jal	200130f2 <_read_r+0x3ca>
20013054:	4f42                	lw	t5,16(sp)
20013056:	205d544f          	.4byte	0x205d544f
2001305a:	6156                	.2byte	0x6156
2001305c:	696c                	.2byte	0x696c
2001305e:	6164                	.2byte	0x6164
20013060:	646e                	.2byte	0x646e
20013062:	6c43206f          	j	20045726 <_etext+0x321c2>
20013066:	7661                	lui	a2,0xffff8
20013068:	2065                	jal	20013110 <_read_r+0x3e8>
2001306a:	7550                	.2byte	0x7550
2001306c:	6c62                	.2byte	0x6c62
2001306e:	6369                	lui	t1,0x1a
20013070:	2061                	jal	200130f8 <_read_r+0x3d0>
20013072:	5228                	lw	a0,96(a2)
20013074:	4b50546f          	jal	s0,20018d28 <_etext+0x57c4>
20013078:	2029                	jal	20013082 <_read_r+0x35a>
2001307a:	746e6f63          	bltu	t3,t1,200137d8 <_etext+0x274>
2001307e:	6172                	.2byte	0x6172
20013080:	6520                	.2byte	0x6520
20013082:	7546                	.2byte	0x7546
20013084:	20736573          	csrrsi	a0,0x207,6
20013088:	6f70                	.2byte	0x6f70
2001308a:	2072                	.2byte	0x2072
2001308c:	6148                	.2byte	0x6148
2001308e:	6472                	.2byte	0x6472
20013090:	65726177          	.4byte	0x65726177
20013094:	2e2e                	.2byte	0x2e2e
20013096:	002e                	c.slli	zero,0xb
20013098:	4245445b          	.4byte	0x4245445b
2001309c:	4755                	li	a4,21
2001309e:	205d                	jal	20013144 <_read_r+0x41c>
200130a0:	6f56                	.2byte	0x6f56
200130a2:	636c                	.2byte	0x636c
200130a4:	6461                	lui	s0,0x18
200130a6:	6564206f          	j	200556fc <_etext+0x42198>
200130aa:	6c20                	.2byte	0x6c20
200130ac:	2061                	jal	20013134 <_read_r+0x40c>
200130ae:	4f52                	lw	t5,20(sp)
200130b0:	204d                	jal	20013152 <_read_r+0x42a>
200130b2:	6f52                	.2byte	0x6f52
200130b4:	5054                	lw	a3,36(s0)
200130b6:	00003a4b          	.4byte	0x3a4b
200130ba:	0000                	unimp
200130bc:	3025                	jal	200128e4 <_printf_i+0x56>
200130be:	5838                	lw	a4,112(s0)
200130c0:	0020                	addi	s0,sp,8
200130c2:	0000                	unimp
200130c4:	6f52                	.2byte	0x6f52
200130c6:	5054                	lw	a3,36(s0)
200130c8:	6e49204b          	.4byte	0x6e49204b
200130cc:	6176                	.2byte	0x6176
200130ce:	696c                	.2byte	0x696c
200130d0:	6164                	.2byte	0x6164
200130d2:	203a                	.2byte	0x203a
200130d4:	614c                	.2byte	0x614c
200130d6:	6320                	.2byte	0x6320
200130d8:	616c                	.2byte	0x616c
200130da:	6576                	.2byte	0x6576
200130dc:	7020                	.2byte	0x7020
200130de:	6275                	lui	tp,0x1d
200130e0:	696c                	.2byte	0x696c
200130e2:	64206163          	bltu	zero,sp,20013724 <_etext+0x1c0>
200130e6:	2065                	jal	2001318e <_read_r+0x466>
200130e8:	616c                	.2byte	0x616c
200130ea:	4620                	lw	s0,72(a2)
200130ec:	616c                	.2byte	0x616c
200130ee:	6e206873          	csrrsi	a6,0x6e2,0
200130f2:	6f63206f          	j	200457e8 <_etext+0x32284>
200130f6:	6e69                	lui	t3,0x1a
200130f8:	65646963          	bltu	s0,s6,2001374a <_etext+0x1e6>
200130fc:	6320                	.2byte	0x6320
200130fe:	65206e6f          	jal	t3,20019750 <_etext+0x61ec>
20013102:	206c                	.2byte	0x206c
20013104:	6f52                	.2byte	0x6f52
20013106:	6f20746f          	jal	s0,2001a7f8 <_etext+0x7294>
2001310a:	2066                	.2byte	0x2066
2001310c:	7254                	.2byte	0x7254
2001310e:	7375                	lui	t1,0xffffd
20013110:	2074                	.2byte	0x2074
20013112:	4f28                	lw	a0,88(a4)
20013114:	5054                	lw	a3,36(s0)
20013116:	2e29                	jal	20013430 <_read_r+0x708>
20013118:	0000                	unimp
2001311a:	0000                	unimp
2001311c:	4345535b          	.4byte	0x4345535b
20013120:	5255                	li	tp,-11
20013122:	2045                	jal	200131c2 <_read_r+0x49a>
20013124:	4f42                	lw	t5,16(sp)
20013126:	205d544f          	.4byte	0x205d544f
2001312a:	76616c43          	.4byte	0x76616c43
2001312e:	2065                	jal	200131d6 <_read_r+0x4ae>
20013130:	7550                	.2byte	0x7550
20013132:	6c62                	.2byte	0x6c62
20013134:	6369                	lui	t1,0x1a
20013136:	2061                	jal	200131be <_read_r+0x496>
20013138:	5541                	li	a0,-16
2001313a:	4554                	lw	a3,12(a0)
2001313c:	544e                	lw	s0,240(sp)
2001313e:	4349                	li	t1,18
20013140:	4441                	li	s0,16
20013142:	2041                	jal	200131c2 <_read_r+0x49a>
20013144:	6f70                	.2byte	0x6f70
20013146:	2072                	.2byte	0x2072
20013148:	5748                	lw	a0,44(a4)
2001314a:	002e                	c.slli	zero,0xb
2001314c:	4345535b          	.4byte	0x4345535b
20013150:	5255                	li	tp,-11
20013152:	2045                	jal	200131f2 <_read_r+0x4ca>
20013154:	4f42                	lw	t5,16(sp)
20013156:	205d544f          	.4byte	0x205d544f
2001315a:	666e6f43          	.4byte	0x666e6f43
2001315e:	6769                	lui	a4,0x1a
20013160:	7275                	lui	tp,0xffffd
20013162:	6e61                	lui	t3,0x18
20013164:	6f64                	.2byte	0x6f64
20013166:	4120                	lw	s0,64(a0)
20013168:	656c6563          	bltu	s8,s6,200137b2 <_etext+0x24e>
2001316c:	6172                	.2byte	0x6172
2001316e:	6f64                	.2byte	0x6f64
20013170:	2072                	.2byte	0x2072
20013172:	6148                	.2byte	0x6148
20013174:	6472                	.2byte	0x6472
20013176:	65726177          	.4byte	0x65726177
2001317a:	7020                	.2byte	0x7020
2001317c:	7261                	lui	tp,0xffff8
2001317e:	2061                	jal	20013206 <_read_r+0x4de>
20013180:	6576                	.2byte	0x6576
20013182:	6972                	.2byte	0x6972
20013184:	6966                	.2byte	0x6966
20013186:	69636163          	bltu	t1,s6,20013808 <_etext+0x2a4>
2001318a:	2e2e6e6f          	jal	t3,200f946c <_etext+0xe5f08>
2001318e:	002e                	c.slli	zero,0xb
20013190:	4345535b          	.4byte	0x4345535b
20013194:	5255                	li	tp,-11
20013196:	2045                	jal	20013236 <_read_r+0x50e>
20013198:	4f42                	lw	t5,16(sp)
2001319a:	205d544f          	.4byte	0x205d544f
2001319e:	6a45                	lui	s4,0x11
200131a0:	6365                	lui	t1,0x19
200131a2:	7475                	lui	s0,0xffffd
200131a4:	6e61                	lui	t3,0x18
200131a6:	6f64                	.2byte	0x6f64
200131a8:	7620                	.2byte	0x7620
200131aa:	7265                	lui	tp,0xffff9
200131ac:	6669                	lui	a2,0x1a
200131ae:	6369                	lui	t1,0x1a
200131b0:	6361                	lui	t1,0x18
200131b2:	6f69                	lui	t5,0x1a
200131b4:	206e                	.2byte	0x206e
200131b6:	70697263          	bgeu	s2,t1,200138ba <_etext+0x356>
200131ba:	6f74                	.2byte	0x6f74
200131bc:	66617267          	.4byte	0x66617267
200131c0:	6369                	lui	t1,0x1a
200131c2:	2e61                	jal	2001355a <__sf_fake_stdin+0xae>
200131c4:	2e2e                	.2byte	0x2e2e
200131c6:	0000                	unimp
200131c8:	6946                	.2byte	0x6946
200131ca:	6d72                	.2byte	0x6d72
200131cc:	2061                	jal	20013254 <_read_r+0x52c>
200131ce:	4d58                	lw	a4,28(a0)
200131d0:	49205353          	.4byte	0x49205353
200131d4:	766e                	.2byte	0x766e
200131d6:	6c61                	lui	s8,0x18
200131d8:	6469                	lui	s0,0x1a
200131da:	2061                	jal	20013262 <_read_r+0x53a>
200131dc:	6942206f          	j	20035870 <_etext+0x2230c>
200131e0:	616e                	.2byte	0x616e
200131e2:	6972                	.2byte	0x6972
200131e4:	6f43206f          	j	200458d8 <_etext+0x32374>
200131e8:	7272                	.2byte	0x7272
200131ea:	7075                	c.lui	zero,0xffffd
200131ec:	6f74                	.2byte	0x6f74
200131ee:	002e                	c.slli	zero,0xb
200131f0:	4345535b          	.4byte	0x4345535b
200131f4:	5255                	li	tp,-11
200131f6:	2045                	jal	20013296 <_read_r+0x56e>
200131f8:	4f42                	lw	t5,16(sp)
200131fa:	205d544f          	.4byte	0x205d544f
200131fe:	7845                	lui	a6,0xffff1
20013200:	7469                	lui	s0,0xffffa
20013202:	46203a6f          	jal	s4,20016664 <_etext+0x3100>
20013206:	7269                	lui	tp,0xffffa
20013208:	616d                	addi	sp,sp,240
2001320a:	7620                	.2byte	0x7620
2001320c:	6c61                	lui	s8,0x18
2001320e:	6469                	lui	s0,0x1a
20013210:	6461                	lui	s0,0x18
20013212:	2061                	jal	2001329a <_read_r+0x572>
20013214:	72726f63          	bltu	tp,t2,20013952 <_etext+0x3ee>
20013218:	6365                	lui	t1,0x19
2001321a:	6174                	.2byte	0x6174
2001321c:	656d                	lui	a0,0x1b
2001321e:	746e                	.2byte	0x746e
20013220:	2e65                	jal	200135d8 <_etext+0x74>
20013222:	0000                	unimp
20013224:	4345535b          	.4byte	0x4345535b
20013228:	5255                	li	tp,-11
2001322a:	2045                	jal	200132ca <_read_r+0x5a2>
2001322c:	4f42                	lw	t5,16(sp)
2001322e:	205d544f          	.4byte	0x205d544f
20013232:	6552                	.2byte	0x6552
20013234:	6275                	lui	tp,0x1d
20013236:	6369                	lui	t1,0x1a
20013238:	6e61                	lui	t3,0x18
2001323a:	6f64                	.2byte	0x6f64
2001323c:	6c20                	.2byte	0x6c20
2001323e:	2061                	jal	200132c6 <_read_r+0x59e>
20013240:	7061                	c.lui	zero,0xffff8
20013242:	696c                	.2byte	0x696c
20013244:	69636163          	bltu	t1,s6,200138c6 <_etext+0x362>
20013248:	61206e6f          	jal	t3,2001985a <_etext+0x62f6>
2001324c:	7320                	.2byte	0x7320
2001324e:	2075                	jal	200132fa <_read_r+0x5d2>
20013250:	6964                	.2byte	0x6964
20013252:	6572                	.2byte	0x6572
20013254:	6f696363          	bltu	s2,s6,2001393a <_etext+0x3d6>
20013258:	206e                	.2byte	0x206e
2001325a:	6162                	.2byte	0x6162
2001325c:	28206573          	csrrsi	a0,0x282,0
20013260:	7830                	.2byte	0x7830
20013262:	3025                	jal	20012a8a <_printf_i+0x1fc>
20013264:	5838                	lw	a4,112(s0)
20013266:	2e29                	jal	20013580 <_etext+0x1c>
20013268:	2e2e                	.2byte	0x2e2e
2001326a:	000a                	c.slli	zero,0x2
2001326c:	4345535b          	.4byte	0x4345535b
20013270:	5255                	li	tp,-11
20013272:	2045                	jal	20013312 <_read_r+0x5ea>
20013274:	4f42                	lw	t5,16(sp)
20013276:	205d544f          	.4byte	0x205d544f
2001327a:	6552                	.2byte	0x6552
2001327c:	6275                	lui	tp,0x1d
2001327e:	6369                	lui	t1,0x1a
20013280:	6361                	lui	t1,0x18
20013282:	6f69                	lui	t5,0x1a
20013284:	206e                	.2byte	0x206e
20013286:	706d6f63          	bltu	s10,t1,200139a4 <_etext+0x440>
2001328a:	656c                	.2byte	0x656c
2001328c:	6174                	.2byte	0x6174
2001328e:	6164                	.2byte	0x6164
20013290:	6520                	.2byte	0x6520
20013292:	6978                	.2byte	0x6978
20013294:	6f74                	.2byte	0x6f74
20013296:	656d6173          	csrrsi	sp,0x656,26
2001329a:	746e                	.2byte	0x746e
2001329c:	2e65                	jal	20013654 <_etext+0xf0>
2001329e:	0000                	unimp
200132a0:	4345535b          	.4byte	0x4345535b
200132a4:	5255                	li	tp,-11
200132a6:	2045                	jal	20013346 <_read_r+0x61e>
200132a8:	4f42                	lw	t5,16(sp)
200132aa:	205d544f          	.4byte	0x205d544f
200132ae:	7250                	.2byte	0x7250
200132b0:	7065                	c.lui	zero,0xffff9
200132b2:	7261                	lui	tp,0xffff8
200132b4:	6e61                	lui	t3,0x18
200132b6:	6f64                	.2byte	0x6f64
200132b8:	7320                	.2byte	0x7320
200132ba:	6c61                	lui	s8,0x18
200132bc:	6f74                	.2byte	0x6f74
200132be:	6420                	.2byte	0x6420
200132c0:	2065                	jal	20013368 <_read_r+0x640>
200132c2:	7250                	.2byte	0x7250
200132c4:	6172676f          	jal	a4,2003a0da <_etext+0x26b76>
200132c8:	616d                	addi	sp,sp,240
200132ca:	2e2e                	.2byte	0x2e2e
200132cc:	002e                	c.slli	zero,0xb
200132ce:	0000                	unimp
200132d0:	4345535b          	.4byte	0x4345535b
200132d4:	5255                	li	tp,-11
200132d6:	2045                	jal	20013376 <_read_r+0x64e>
200132d8:	4f42                	lw	t5,16(sp)
200132da:	205d544f          	.4byte	0x205d544f
200132de:	3d3d                	jal	2001311c <_read_r+0x3f4>
200132e0:	203d                	jal	2001330e <_read_r+0x5e6>
200132e2:	4e49                	li	t3,18
200132e4:	4349                	li	t1,18
200132e6:	4149                	li	sp,18
200132e8:	444e                	lw	s0,208(sp)
200132ea:	5041204f          	.4byte	0x5041204f
200132ee:	494c                	lw	a1,20(a0)
200132f0:	49434143          	.4byte	0x49434143
200132f4:	44204e4f          	.4byte	0x44204e4f
200132f8:	2045                	jal	20013398 <_read_r+0x670>
200132fa:	5355                	li	t1,-11
200132fc:	4155                	li	sp,21
200132fe:	4952                	lw	s2,20(sp)
20013300:	3d3d204f          	.4byte	0x3d3d204f
20013304:	0a3d                	addi	s4,s4,15 # 1100f <_sp+0xed3f>
20013306:	0000                	unimp
20013308:	544d                	li	s0,-13
2001330a:	4156                	lw	sp,84(sp)
2001330c:	204c                	.2byte	0x204c
2001330e:	6176                	.2byte	0x6176
20013310:	756c                	.2byte	0x756c
20013312:	2065                	jal	200133ba <_read_r+0x692>
20013314:	7369                	lui	t1,0xffffa
20013316:	0020                	addi	s0,sp,8
20013318:	74666f53          	.4byte	0x74666f53
2001331c:	65726177          	.4byte	0x65726177
20013320:	4920                	lw	s0,80(a0)
20013322:	5152                	lw	sp,52(sp)
20013324:	7420                	.2byte	0x7420
20013326:	6972                	.2byte	0x6972
20013328:	72656767          	.4byte	0x72656767
2001332c:	6465                	lui	s0,0x19
2001332e:	0a21                	addi	s4,s4,8
20013330:	0000                	unimp
20013332:	0000                	unimp
20013334:	6954                	.2byte	0x6954
20013336:	656d                	lui	a0,0x1b
20013338:	2072                	.2byte	0x2072
2001333a:	5249                	li	tp,-14
2001333c:	2051                	jal	200133c0 <_read_r+0x698>
2001333e:	7274                	.2byte	0x7274
20013340:	6769                	lui	a4,0x1a
20013342:	65726567          	.4byte	0x65726567
20013346:	2164                	.2byte	0x2164
20013348:	000a                	c.slli	zero,0x2
2001334a:	0000                	unimp
2001334c:	7845                	lui	a6,0xffff1
2001334e:	6574                	.2byte	0x6574
20013350:	6e72                	.2byte	0x6e72
20013352:	6c61                	lui	s8,0x18
20013354:	4920                	lw	s0,80(a0)
20013356:	5152                	lw	sp,52(sp)
20013358:	7420                	.2byte	0x7420
2001335a:	6972                	.2byte	0x6972
2001335c:	72656767          	.4byte	0x72656767
20013360:	6465                	lui	s0,0x19
20013362:	0a21                	addi	s4,s4,8
20013364:	0000                	unimp
20013366:	0000                	unimp
20013368:	6e49                	lui	t3,0x12
2001336a:	75727473          	csrrci	s0,0x757,4
2001336e:	6f697463          	bgeu	s2,s6,20013a56 <_etext+0x4f2>
20013372:	206e                	.2byte	0x206e
20013374:	6361                	lui	t1,0x18
20013376:	73736563          	bltu	t1,s7,20013aa0 <_etext+0x53c>
2001337a:	6620                	.2byte	0x6620
2001337c:	7561                	lui	a0,0xffff8
2001337e:	746c                	.2byte	0x746c
20013380:	202c                	.2byte	0x202c
20013382:	746d                	lui	s0,0xffffb
20013384:	6176                	.2byte	0x6176
20013386:	206c                	.2byte	0x206c
20013388:	776f6873          	csrrsi	a6,0x776,30
2001338c:	61662073          	csrs	0x616,a2
20013390:	6c75                	lui	s8,0x1d
20013392:	2074                	.2byte	0x2074
20013394:	6461                	lui	s0,0x18
20013396:	7264                	.2byte	0x7264
20013398:	7365                	lui	t1,0xffff9
2001339a:	00000a73          	.4byte	0xa73
2001339e:	0000                	unimp
200133a0:	6c49                	lui	s8,0x12
200133a2:	656c                	.2byte	0x656c
200133a4:	206c6167          	.4byte	0x206c6167
200133a8:	6e49                	lui	t3,0x12
200133aa:	75727473          	csrrci	s0,0x757,4
200133ae:	6f697463          	bgeu	s2,s6,20013a96 <_etext+0x532>
200133b2:	206e                	.2byte	0x206e
200133b4:	6166                	.2byte	0x6166
200133b6:	6c75                	lui	s8,0x1d
200133b8:	2c74                	.2byte	0x2c74
200133ba:	6d20                	.2byte	0x6d20
200133bc:	7674                	.2byte	0x7674
200133be:	6c61                	lui	s8,0x18
200133c0:	7320                	.2byte	0x7320
200133c2:	6f68                	.2byte	0x6f68
200133c4:	69207377          	.4byte	0x69207377
200133c8:	736e                	.2byte	0x736e
200133ca:	7274                	.2byte	0x7274
200133cc:	6375                	lui	t1,0x1d
200133ce:	6974                	.2byte	0x6974
200133d0:	63206e6f          	jal	t3,20019a02 <_etext+0x649e>
200133d4:	65746e6f          	jal	t3,2005a22a <_etext+0x46cc6>
200133d8:	746e                	.2byte	0x746e
200133da:	000a                	c.slli	zero,0x2
200133dc:	7242                	.2byte	0x7242
200133de:	6165                	addi	sp,sp,112
200133e0:	696f706b          	.4byte	0x696f706b
200133e4:	746e                	.2byte	0x746e
200133e6:	7420                	.2byte	0x7420
200133e8:	6972                	.2byte	0x6972
200133ea:	72656767          	.4byte	0x72656767
200133ee:	2c64                	.2byte	0x2c64
200133f0:	6d20                	.2byte	0x6d20
200133f2:	7674                	.2byte	0x7674
200133f4:	6c61                	lui	s8,0x18
200133f6:	7320                	.2byte	0x7320
200133f8:	6f68                	.2byte	0x6f68
200133fa:	74207377          	.4byte	0x74207377
200133fe:	6568                	.2byte	0x6568
20013400:	6220                	.2byte	0x6220
20013402:	6572                	.2byte	0x6572
20013404:	6b61                	lui	s6,0x18
20013406:	6f70                	.2byte	0x6f70
20013408:	6e69                	lui	t3,0x1a
2001340a:	2074                	.2byte	0x2074
2001340c:	6461                	lui	s0,0x18
2001340e:	7264                	.2byte	0x7264
20013410:	7365                	lui	t1,0xffff9
20013412:	00000a73          	.4byte	0xa73
20013416:	0000                	unimp
20013418:	6f4c                	.2byte	0x6f4c
2001341a:	6461                	lui	s0,0x18
2001341c:	6f74532f          	.4byte	0x6f74532f
20013420:	6572                	.2byte	0x6572
20013422:	6620                	.2byte	0x6620
20013424:	7561                	lui	a0,0xffff8
20013426:	746c                	.2byte	0x746c
20013428:	202c                	.2byte	0x202c
2001342a:	746d                	lui	s0,0xffffb
2001342c:	6176                	.2byte	0x6176
2001342e:	206c                	.2byte	0x206c
20013430:	776f6873          	csrrsi	a6,0x776,30
20013434:	68742073          	csrs	0x687,s0
20013438:	2065                	jal	200134e0 <__sf_fake_stdin+0x34>
2001343a:	6166                	.2byte	0x6166
2001343c:	6c75                	lui	s8,0x1d
2001343e:	2074                	.2byte	0x2074
20013440:	6461                	lui	s0,0x18
20013442:	7264                	.2byte	0x7264
20013444:	7365                	lui	t1,0xffff9
20013446:	00000a73          	.4byte	0xa73
2001344a:	0000                	unimp
2001344c:	6e45                	lui	t3,0x11
2001344e:	6976                	.2byte	0x6976
20013450:	6f72                	.2byte	0x6f72
20013452:	6d6e                	.2byte	0x6d6e
20013454:	6e65                	lui	t3,0x19
20013456:	2074                	.2byte	0x2074
20013458:	6c6c6163          	bltu	s8,t1,20013b1a <_etext+0x5b6>
2001345c:	6520                	.2byte	0x6520
2001345e:	636e                	.2byte	0x636e
20013460:	746e756f          	jal	a0,200faba6 <_etext+0xe7642>
20013464:	7265                	lui	tp,0xffff9
20013466:	6465                	lui	s0,0x19
20013468:	000a                	c.slli	zero,0x2
	...

2001346c <__sf_fake_stderr>:
	...

2001348c <__sf_fake_stdout>:
	...

200134ac <__sf_fake_stdin>:
	...
200134cc:	2d23 2b30 0020 0000 6c68 004c 6665 4567     #-0+ ...hlL.efgE
200134dc:	4746 0000 3130 3332 3534 3736 3938 4241     FG..0123456789AB
200134ec:	4443 4645 0000 0000 3130 3332 3534 3736     CDEF....01234567
200134fc:	3938 6261 6463 6665 0000 0000 28f4 2001     89abcdef.....(. 
2001350c:	290a 2001 28cc 2001 28cc 2001 28cc 2001     .). .(. .(. .(. 
2001351c:	28cc 2001 290a 2001 28cc 2001 28cc 2001     .(. .). .(. .(. 
2001352c:	28cc 2001 28cc 2001 2a72 2001 2972 2001     .(. .(. r*. r). 
2001353c:	2a08 2001 28cc 2001 28cc 2001 2aa2 2001     .*. .(. .(. .*. 
2001354c:	28cc 2001 2972 2001 28cc 2001 28cc 2001     .(. r). .(. .(. 
2001355c:	2a10 2001                                   .*. 

20013560 <_global_impure_ptr>:
20013560:	00dc 0000                                   ....
