
main.elf:     file format elf32-littleriscv


Disassembly of section .init:

20010000 <_start>:

_start:
/* initialize global pointer */
.option push
.option norelax
1: auipc gp, %pcrel_hi(__global_pointer$)
20010000:	e0011197          	auipc	gp,0xe0011
   addi  gp, gp, %pcrel_lo(1b)
20010004:	80018193          	addi	gp,gp,-2048 # 20800 <__global_pointer$>
.option pop

/* initialize stack pointer */
   la sp, _sp
20010008:	e0011117          	auipc	sp,0xe0011
2001000c:	41810113          	addi	sp,sp,1048 # 21420 <_sp>

/* set the frequency */
   li a0, SOC_CTRL_START_ADDRESS
20010010:	20000537          	lui	a0,0x20000
   li a2, REFERENCE_CLOCK_Hz
20010014:	05f5e637          	lui	a2,0x5f5e
20010018:	10060613          	addi	a2,a2,256 # 5f5e100 <_sp+0x5f3cce0>
   sw a2, SOC_CTRL_SYSTEM_FREQUENCY_HZ_REG_OFFSET(a0)
2001001c:	cd50                	sw	a2,28(a0)

2001001e <_init_bss>:

#endif

/* clear the bss segment */
_init_bss:
    la     a0, __bss_start
2001001e:	a4418513          	addi	a0,gp,-1468 # 20244 <dma_subsys_per>
    la     a2, __bss_end
20010022:	c1418613          	addi	a2,gp,-1004 # 20414 <__BSS_END__>
    sub    a2, a2, a0
20010026:	8e09                	sub	a2,a2,a0
    li     a1, 0
20010028:	4581                	li	a1,0
    call   memset
2001002a:	22b5                	jal	20010196 <memset>

#ifdef FLASH_EXEC
/* copy initialized data sections from flash to ram (to be verified, copied from picosoc)*/
    la a0, _sidata
2001002c:	00003517          	auipc	a0,0x3
20010030:	4ec50513          	addi	a0,a0,1260 # 20013518 <_etext>
    la a1, _sdata
20010034:	e0010597          	auipc	a1,0xe0010
20010038:	fcc58593          	addi	a1,a1,-52 # 20000 <peripherals>
    la a2, _edata
2001003c:	94018613          	addi	a2,gp,-1728 # 20140 <spi>
    bge a1, a2, end_init_data
20010040:	00c5d863          	bge	a1,a2,20010050 <end_init_data>

20010044 <loop_init_data>:
    loop_init_data:
    lw a3, 0(a0)
20010044:	4114                	lw	a3,0(a0)
    sw a3, 0(a1)
20010046:	c194                	sw	a3,0(a1)
    addi a0, a0, 4
20010048:	0511                	addi	a0,a0,4
    addi a1, a1, 4
2001004a:	0591                	addi	a1,a1,4
    blt a1, a2, loop_init_data
2001004c:	fec5cce3          	blt	a1,a2,20010044 <loop_init_data>

20010050 <end_init_data>:
    end_init_data:
#endif

/* set vector table address and vectored mode */
    la a0, __vector_start
20010050:	00000517          	auipc	a0,0x0
20010054:	0b050513          	addi	a0,a0,176 # 20010100 <__vector_start>
    ori a0, a0, 0x1
20010058:	00156513          	ori	a0,a0,1
    csrw mtvec, a0
2001005c:	30551073          	csrw	mtvec,a0

/* new-style constructors and destructors */
    la a0, __libc_fini_array
20010060:	00001517          	auipc	a0,0x1
20010064:	78850513          	addi	a0,a0,1928 # 200117e8 <__libc_fini_array>
    call atexit
20010068:	74e010ef          	jal	ra,200117b6 <atexit>
    call __libc_init_array
2001006c:	7ae010ef          	jal	ra,2001181a <__libc_init_array>

/* call main */
    lw a0, 0(sp)                    /* a0 = argc */
20010070:	4502                	lw	a0,0(sp)
    addi a1, sp, __SIZEOF_POINTER__ /* a1 = argv */
20010072:	004c                	addi	a1,sp,4
    li a2, 0                        /* a2 = envp = NULL */
20010074:	4601                	li	a2,0
    call main
20010076:	2a4d                	jal	20010228 <main>
    tail exit
20010078:	7480106f          	j	200117c0 <exit>

2001007c <_init>:
.global _init
.type   _init, @function
.global _fini
.type   _fini, @function
_init:
    call init
2001007c:	37c010ef          	jal	ra,200113f8 <init>

20010080 <_fini>:
_fini:
 /* These don't have to do anything since we use init_array/fini_array. Prevent
    missing symbol error */
    ret
20010080:	8082                	ret

Disassembly of section .vectors:

20010100 <__vector_start>:

.section .vectors, "ax"
.option norvc
vector_table:
	//  0 : exception Handler and user software interrupt
	j handler_exception
20010100:	1020006f          	j	20010202 <handler_exception>
	//  1 : supervisor software interrupt
	j __no_irq_handler
20010104:	47e0006f          	j	20010582 <__no_irq_handler>
	//  2 : unmapped
	j __no_irq_handler
20010108:	47a0006f          	j	20010582 <__no_irq_handler>
	//  3 : machine software interrupt handler
	j handler_irq_software
2001010c:	28c0106f          	j	20011398 <handler_irq_software>
	//  4 : user timer interrupt
	j __no_irq_handler
20010110:	4720006f          	j	20010582 <__no_irq_handler>
	//  5 : supervisor timer interrupt
	j __no_irq_handler
20010114:	46e0006f          	j	20010582 <__no_irq_handler>
	//  6 : unmapped
	j __no_irq_handler
20010118:	46a0006f          	j	20010582 <__no_irq_handler>
	//  7 : machine timer interrupt handler
	j handler_irq_timer
2001011c:	2ac0106f          	j	200113c8 <handler_irq_timer>
	//  8 : user external interrupt
	j __no_irq_handler
20010120:	4620006f          	j	20010582 <__no_irq_handler>
	//  9 : supervisor external interrupt
	j __no_irq_handler
20010124:	45e0006f          	j	20010582 <__no_irq_handler>
	// 10 : unmapped
	j __no_irq_handler
20010128:	45a0006f          	j	20010582 <__no_irq_handler>
	// 11 : machine external interrupt handler
	j handler_irq_external
2001012c:	6c10006f          	j	20010fec <handler_irq_external>
	// 12 : unmapped
	j __no_irq_handler
20010130:	4520006f          	j	20010582 <__no_irq_handler>
	// 13 : unmapped
	j __no_irq_handler
20010134:	44e0006f          	j	20010582 <__no_irq_handler>
	// 14 : unmapped
	j __no_irq_handler
20010138:	44a0006f          	j	20010582 <__no_irq_handler>
	// 15 : unmapped
	j __no_irq_handler
2001013c:	4460006f          	j	20010582 <__no_irq_handler>
	// 16 : fast interrupt - timer_1
	j handler_irq_fast_timer_1
20010140:	1650006f          	j	20010aa4 <handler_irq_fast_timer_1>
	// 17 : fast interrupt - timer_2
	j handler_irq_fast_timer_2
20010144:	1b50006f          	j	20010af8 <handler_irq_fast_timer_2>
	// 18 : fast interrupt - timer_3
	j handler_irq_fast_timer_3
20010148:	2050006f          	j	20010b4c <handler_irq_fast_timer_3>
#ifdef DMA_IS_INCLUDED
	// 19 : fast interrupt - dma_done
	j handler_irq_fast_dma_done
2001014c:	2550006f          	j	20010ba0 <handler_irq_fast_dma_done>
#else
	j __no_irq_handler
#endif
#ifdef SPI_HOST_IS_INCLUDED
	// 20 : fast interrupt - spi
	j handler_irq_fast_spi
20010150:	3510006f          	j	20010ca0 <handler_irq_fast_spi>
#else
	j __no_irq_handler
#endif
#ifdef SPI_FLASH_IS_INCLUDED
	// 21 : fast interrupt - spi_flash
	j handler_irq_fast_spi_flash
20010154:	3a10006f          	j	20010cf4 <handler_irq_fast_spi_flash>
#else
	j __no_irq_handler
#endif
	// 22 : fast interrupt - gpio_0
	j handler_irq_fast_gpio_0
20010158:	3f10006f          	j	20010d48 <handler_irq_fast_gpio_0>
	// 23 : fast interrupt - gpio_1
	j handler_irq_fast_gpio_1
2001015c:	4410006f          	j	20010d9c <handler_irq_fast_gpio_1>
	// 24 : fast interrupt - gpio_2
	j handler_irq_fast_gpio_2
20010160:	4910006f          	j	20010df0 <handler_irq_fast_gpio_2>
	// 25 : fast interrupt - gpio_3
	j handler_irq_fast_gpio_3
20010164:	4e10006f          	j	20010e44 <handler_irq_fast_gpio_3>
	// 26 : fast interrupt - gpio_4
	j handler_irq_fast_gpio_4
20010168:	5310006f          	j	20010e98 <handler_irq_fast_gpio_4>
	// 27 : fast interrupt - gpio_5
	j handler_irq_fast_gpio_5
2001016c:	5810006f          	j	20010eec <handler_irq_fast_gpio_5>
	// 28 : fast interrupt - gpio_6
	j handler_irq_fast_gpio_6
20010170:	5d50006f          	j	20010f44 <handler_irq_fast_gpio_6>
	// 29 : fast interrupt - gpio_7
	j handler_irq_fast_gpio_7
20010174:	6250006f          	j	20010f98 <handler_irq_fast_gpio_7>
#ifdef DMA_IS_INCLUDED
	// 30 : fast interrupt - dma_window
	j handler_irq_fast_dma_window
20010178:	27d0006f          	j	20010bf4 <handler_irq_fast_dma_window>
#else
	j __no_irq_handler
#endif
	// 31 : fast interrupt - external peripheral
	j handler_irq_fast_external_peripheral
2001017c:	2cd0006f          	j	20010c48 <handler_irq_fast_external_peripheral>

Disassembly of section .text:

20010180 <memcpy>:
20010180:	832a                	mv	t1,a0
20010182:	ca09                	beqz	a2,20010194 <memcpy+0x14>
20010184:	00058383          	lb	t2,0(a1)
20010188:	00730023          	sb	t2,0(t1)
2001018c:	167d                	addi	a2,a2,-1
2001018e:	0305                	addi	t1,t1,1
20010190:	0585                	addi	a1,a1,1
20010192:	fa6d                	bnez	a2,20010184 <memcpy+0x4>
20010194:	8082                	ret

20010196 <memset>:
20010196:	832a                	mv	t1,a0
20010198:	c611                	beqz	a2,200101a4 <memset+0xe>
2001019a:	00b30023          	sb	a1,0(t1)
2001019e:	167d                	addi	a2,a2,-1
200101a0:	0305                	addi	t1,t1,1
200101a2:	fe65                	bnez	a2,2001019a <memset+0x4>
200101a4:	8082                	ret

200101a6 <__bswapsi2>:
__bswapsi2 (SItype u)
{
  return ((((u) & 0xff000000u) >> 24)
	  | (((u) & 0x00ff0000u) >>  8)
	  | (((u) & 0x0000ff00u) <<  8)
	  | (((u) & 0x000000ffu) << 24));
200101a6:	01851713          	slli	a4,a0,0x18
  return ((((u) & 0xff000000u) >> 24)
200101aa:	01855793          	srli	a5,a0,0x18
	  | (((u) & 0x00ff0000u) >>  8)
200101ae:	66c1                	lui	a3,0x10
	  | (((u) & 0x000000ffu) << 24));
200101b0:	8fd9                	or	a5,a5,a4
	  | (((u) & 0x00ff0000u) >>  8)
200101b2:	f0068693          	addi	a3,a3,-256 # ff00 <__heap_size+0xf700>
200101b6:	00855713          	srli	a4,a0,0x8
200101ba:	8f75                	and	a4,a4,a3
	  | (((u) & 0x000000ffu) << 24));
200101bc:	8fd9                	or	a5,a5,a4
	  | (((u) & 0x0000ff00u) <<  8)
200101be:	0522                	slli	a0,a0,0x8
200101c0:	00ff0737          	lui	a4,0xff0
200101c4:	8d79                	and	a0,a0,a4
}
200101c6:	8d5d                	or	a0,a0,a5
200101c8:	8082                	ret

200101ca <fic_irq_ext_peripheral>:
    volatile uint32_t *ptr = (volatile uint32_t *)(XMSS_PERIPH_START_ADDRESS + offset);
    return *ptr;
}

void fic_irq_ext_peripheral(void) {
    xmss_finished = true;
200101ca:	4705                	li	a4,1
200101cc:	c0e18023          	sb	a4,-1024(gp) # 20400 <xmss_finished>
    *ptr = value;
200101d0:	200707b7          	lui	a5,0x20070
200101d4:	4709                	li	a4,2
200101d6:	c398                	sw	a4,0(a5)
    xmss_write32(XMSS_CTRL_OFFSET, 0x02); // ACK
}
200101d8:	8082                	ret

200101da <secure_halt>:

void secure_halt(const char* reason) {
200101da:	85aa                	mv	a1,a0
    PRINTF("\n[ZSBL ERROR CRITICO] %s\n", reason);
200101dc:	20013537          	lui	a0,0x20013
void secure_halt(const char* reason) {
200101e0:	1141                	addi	sp,sp,-16
    PRINTF("\n[ZSBL ERROR CRITICO] %s\n", reason);
200101e2:	c5850513          	addi	a0,a0,-936 # 20012c58 <_read_r+0x50>
void secure_halt(const char* reason) {
200101e6:	c606                	sw	ra,12(sp)
    PRINTF("\n[ZSBL ERROR CRITICO] %s\n", reason);
200101e8:	027010ef          	jal	ra,20011a0e <iprintf>
    PRINTF("[ZSBL] Sistema bloqueado permanentemente.\n");
200101ec:	20013537          	lui	a0,0x20013
200101f0:	c7450513          	addi	a0,a0,-908 # 20012c74 <_read_r+0x6c>
200101f4:	161010ef          	jal	ra,20011b54 <puts>
    while(1) { __asm__ volatile ("wfi"); }
200101f8:	10500073          	wfi
200101fc:	10500073          	wfi
20010200:	bfe5                	j	200101f8 <secure_halt+0x1e>

20010202 <handler_exception>:
}

// Exception handlers para depuración
void handler_exception(void) {
20010202:	1141                	addi	sp,sp,-16
20010204:	c606                	sw	ra,12(sp)
    uint32_t mcause, mepc, mtval;
    CSR_READ(CSR_REG_MCAUSE, &mcause);
20010206:	342025f3          	csrr	a1,mcause
    CSR_READ(CSR_REG_MEPC, &mepc);
2001020a:	34102673          	csrr	a2,mepc
    CSR_READ(CSR_REG_MTVAL, &mtval);
2001020e:	343026f3          	csrr	a3,mtval
    PRINTF("\n[ZSBL TRAP] Excepcion detectada! mcause=0x%08X, mepc=0x%08X, mtval=0x%08X\n", mcause, mepc, mtval);
20010212:	20013537          	lui	a0,0x20013
20010216:	ca050513          	addi	a0,a0,-864 # 20012ca0 <_read_r+0x98>
2001021a:	7f4010ef          	jal	ra,20011a0e <iprintf>
    secure_halt("Excepcion no controlada en ZSBL.");
2001021e:	20013537          	lui	a0,0x20013
20010222:	cec50513          	addi	a0,a0,-788 # 20012cec <_read_r+0xe4>
20010226:	3f55                	jal	200101da <secure_halt>

20010228 <main>:
// ============================================================================
// ZERO-STAGE BOOTLOADER (ZSBL - ETAPA 0)
// ============================================================================
int main(void) {

    PRINTF("\n==============================================\n");
20010228:	20013537          	lui	a0,0x20013
int main(void) {
2001022c:	7135                	addi	sp,sp,-160
    PRINTF("\n==============================================\n");
2001022e:	d6850513          	addi	a0,a0,-664 # 20012d68 <_read_r+0x160>
int main(void) {
20010232:	cf06                	sw	ra,156(sp)
20010234:	cd22                	sw	s0,152(sp)
20010236:	cb26                	sw	s1,148(sp)
20010238:	c94a                	sw	s2,144(sp)
2001023a:	c74e                	sw	s3,140(sp)
2001023c:	c552                	sw	s4,136(sp)
2001023e:	c356                	sw	s5,132(sp)
20010240:	c15a                	sw	s6,128(sp)
20010242:	dede                	sw	s7,124(sp)
20010244:	dce2                	sw	s8,120(sp)
    PRINTF("\n==============================================\n");
20010246:	10f010ef          	jal	ra,20011b54 <puts>
    PRINTF("---   X-HEEP ZSBL (ETAPA 0 - BOOT ROM)     ---\n");
2001024a:	20013537          	lui	a0,0x20013
2001024e:	d9850513          	addi	a0,a0,-616 # 20012d98 <_read_r+0x190>
20010252:	103010ef          	jal	ra,20011b54 <puts>
    PRINTF("==============================================\n");
20010256:	20013537          	lui	a0,0x20013
2001025a:	dc850513          	addi	a0,a0,-568 # 20012dc8 <_read_r+0x1c0>
2001025e:	0f7010ef          	jal	ra,20011b54 <puts>

    // 1. CONFIGURACIÓN DE INTERRUPCIONES
    enable_fast_interrupt(kExt_peri_fic_e, true);
20010262:	4585                	li	a1,1
20010264:	453d                	li	a0,15
20010266:	01d000ef          	jal	ra,20010a82 <enable_fast_interrupt>
    CSR_SET_BITS(CSR_REG_MSTATUS, 0x8);
2001026a:	47a1                	li	a5,8
2001026c:	3007a073          	csrs	mstatus,a5
    
    // Habilitamos solo la interrupción del XMSS (bit 31)
    uint32_t intr_mask = (1u << 31);
    CSR_SET_BITS(CSR_REG_MIE, intr_mask);
20010270:	800007b7          	lui	a5,0x80000
20010274:	3047a073          	csrs	mie,a5

    // ========================================================================
    // 2. LECTURA FÍSICA DESDE LA SPI FLASH A LA SRAM
    // ========================================================================
    PRINTF("[ZSBL] Inicializando bus SPI Flash...\n");
20010278:	20013537          	lui	a0,0x20013
2001027c:	df850513          	addi	a0,a0,-520 # 20012df8 <_read_r+0x1f0>
20010280:	0d5010ef          	jal	ra,20011b54 <puts>
    
    if (w25q128jw_init(spi_flash) != FLASH_OK) {
20010284:	20020537          	lui	a0,0x20020
20010288:	21f5                	jal	20010774 <w25q128jw_init>
2001028a:	c511                	beqz	a0,20010296 <main+0x6e>
        secure_halt("Fallo critico al inicializar SPI Flash.");
2001028c:	20013537          	lui	a0,0x20013
20010290:	e2050513          	addi	a0,a0,-480 # 20012e20 <_read_r+0x218>
20010294:	3799                	jal	200101da <secure_halt>
    }

    uint32_t firmware_total_size = 0;
    
    // Leemos los primeros 4 bytes de la cabecera (offset 0x000000)
    if (w25q128jw_read_quad(0x000000, &firmware_total_size, 4) != FLASH_OK) {
20010296:	4611                	li	a2,4
20010298:	006c                	addi	a1,sp,12
    uint32_t firmware_total_size = 0;
2001029a:	c602                	sw	zero,12(sp)
    if (w25q128jw_read_quad(0x000000, &firmware_total_size, 4) != FLASH_OK) {
2001029c:	259d                	jal	20010902 <w25q128jw_read_quad>
2001029e:	c511                	beqz	a0,200102aa <main+0x82>
        secure_halt("Error de hardware al leer la cabecera del FSBL de la Flash.");
200102a0:	20013537          	lui	a0,0x20013
200102a4:	e4850513          	addi	a0,a0,-440 # 20012e48 <_read_r+0x240>
200102a8:	3f0d                	jal	200101da <secure_halt>
    }

    PRINTF("[ZSBL] Cabecera leida. Tamaño total FSBL: %d bytes.\n", firmware_total_size);
200102aa:	45b2                	lw	a1,12(sp)
200102ac:	20013537          	lui	a0,0x20013
200102b0:	e8450513          	addi	a0,a0,-380 # 20012e84 <_read_r+0x27c>
200102b4:	75a010ef          	jal	ra,20011a0e <iprintf>
    
    uint32_t pk_ptr  = SRAM_AUTH_META_ADDR;              // 68 bytes
    uint32_t sig_ptr = SRAM_AUTH_META_ADDR + 68;         // 4768 bytes
    uint32_t fsbl_ptr = SRAM_FSBL_ADDR;                  // payload_size bytes (destino final directo en 0x00000000)

    PRINTF("[ZSBL] Leyendo metadatos de autenticacion (PK + Firma, 4836 bytes)...\n");
200102b8:	20013537          	lui	a0,0x20013
200102bc:	ebc50513          	addi	a0,a0,-324 # 20012ebc <_read_r+0x2b4>
    uint32_t payload_size = firmware_total_size - 68 - 4768;
200102c0:	4432                	lw	s0,12(sp)
    if (w25q128jw_read_quad(0x000004, (uint32_t*)SRAM_AUTH_META_ADDR, 68 + 4768) != FLASH_OK) {
200102c2:	6485                	lui	s1,0x1
    PRINTF("[ZSBL] Leyendo metadatos de autenticacion (PK + Firma, 4836 bytes)...\n");
200102c4:	091010ef          	jal	ra,20011b54 <puts>
    if (w25q128jw_read_quad(0x000004, (uint32_t*)SRAM_AUTH_META_ADDR, 68 + 4768) != FLASH_OK) {
200102c8:	2e448613          	addi	a2,s1,740 # 12e4 <__heap_size+0xae4>
200102cc:	000245b7          	lui	a1,0x24
200102d0:	4511                	li	a0,4
200102d2:	2d05                	jal	20010902 <w25q128jw_read_quad>
200102d4:	e905                	bnez	a0,20010304 <main+0xdc>
    uint32_t payload_size = firmware_total_size - 68 - 4768;
200102d6:	77fd                	lui	a5,0xfffff
200102d8:	d1c78793          	addi	a5,a5,-740 # ffffed1c <_etext+0xdffeb804>
200102dc:	943e                	add	s0,s0,a5
        secure_halt("Error de hardware al leer metadatos de autenticacion.");
    }

    PRINTF("[ZSBL] Leyendo Payload directamente a 0x%08X (%d bytes)...\n", SRAM_FSBL_ADDR, payload_size);
200102de:	20013537          	lui	a0,0x20013
200102e2:	4581                	li	a1,0
200102e4:	8622                	mv	a2,s0
200102e6:	f3c50513          	addi	a0,a0,-196 # 20012f3c <_read_r+0x334>
200102ea:	724010ef          	jal	ra,20011a0e <iprintf>
    if (w25q128jw_read_quad(0x000004 + 68 + 4768, (uint32_t*)SRAM_FSBL_ADDR, payload_size) != FLASH_OK) {
200102ee:	8622                	mv	a2,s0
200102f0:	4581                	li	a1,0
200102f2:	2e848513          	addi	a0,s1,744
200102f6:	2531                	jal	20010902 <w25q128jw_read_quad>
200102f8:	c919                	beqz	a0,2001030e <main+0xe6>
        secure_halt("Error de hardware al leer payload del FSBL de la Flash.");
200102fa:	20013537          	lui	a0,0x20013
200102fe:	f7850513          	addi	a0,a0,-136 # 20012f78 <_read_r+0x370>
20010302:	3de1                	jal	200101da <secure_halt>
        secure_halt("Error de hardware al leer metadatos de autenticacion.");
20010304:	20013537          	lui	a0,0x20013
20010308:	f0450513          	addi	a0,a0,-252 # 20012f04 <_read_r+0x2fc>
2001030c:	35f9                	jal	200101da <secure_halt>
    }
    
    PRINTF("[ZSBL] Descarga completada.\n");
2001030e:	20013537          	lui	a0,0x20013
20010312:	fb050513          	addi	a0,a0,-80 # 20012fb0 <_read_r+0x3a8>
20010316:	03f010ef          	jal	ra,20011b54 <puts>

    // --- BLOQUE DE DEPURACIÓN ---
    PRINTF("\n[DEBUG] Volcado de los primeros 16 bytes (Clave Publica RoT):\n");
2001031a:	20013537          	lui	a0,0x20013
2001031e:	fcc50513          	addi	a0,a0,-52 # 20012fcc <_read_r+0x3c4>
20010322:	000244b7          	lui	s1,0x24
20010326:	02f010ef          	jal	ra,20011b54 <puts>
    uint8_t *mem_ptr = (uint8_t *)pk_ptr;
    for(int i = 0; i < 16; i++) {
2001032a:	200139b7          	lui	s3,0x20013
2001032e:	01048913          	addi	s2,s1,16 # 24010 <_sp+0x2bf0>
        PRINTF("%02X ", mem_ptr[i]);
20010332:	0004c583          	lbu	a1,0(s1)
20010336:	00c98513          	addi	a0,s3,12 # 2001300c <_read_r+0x404>
    for(int i = 0; i < 16; i++) {
2001033a:	0485                	addi	s1,s1,1
        PRINTF("%02X ", mem_ptr[i]);
2001033c:	6d2010ef          	jal	ra,20011a0e <iprintf>
    for(int i = 0; i < 16; i++) {
20010340:	ff2499e3          	bne	s1,s2,20010332 <main+0x10a>
    }
    PRINTF("\n\n");
20010344:	20013537          	lui	a0,0x20013
20010348:	2fc50513          	addi	a0,a0,764 # 200132fc <_read_r+0x6f4>
2001034c:	009010ef          	jal	ra,20011b54 <puts>

    // ========================================================================
    // 3. VALIDACIÓN DE LA CLAVE PÚBLICA (ROOT OF TRUST) POR HARDWARE
    // ========================================================================
    PRINTF("[ZSBL] Validando Clave Publica (RoTPK) contra eFuses por Hardware...\n");
20010350:	20013537          	lui	a0,0x20013
20010354:	01450513          	addi	a0,a0,20 # 20013014 <_read_r+0x40c>
20010358:	7fc010ef          	jal	ra,20011b54 <puts>
    *ptr = value;
2001035c:	200707b7          	lui	a5,0x20070
20010360:	00024737          	lui	a4,0x24
20010364:	cf98                	sw	a4,24(a5)
20010366:	22000713          	li	a4,544
2001036a:	cbd8                	sw	a4,20(a5)
2001036c:	4711                	li	a4,4
    
    xmss_write32(XMSS_PK_ADDR_OFFSET, pk_ptr);
    xmss_write32(XMSS_MLEN_OFFSET, 68 * 8); // 544 bits
    
    xmss_finished = false;
2001036e:	c0018023          	sb	zero,-1024(gp) # 20400 <xmss_finished>
    *ptr = value;
20010372:	c398                	sw	a4,0(a5)
    xmss_write32(XMSS_CTRL_OFFSET, 0x04); // Start HASH_ONLY
    
    while (!xmss_finished) {
        CSR_CLEAR_BITS(CSR_REG_MSTATUS, 0x8);
20010374:	4721                	li	a4,8
}
20010376:	a811                	j	2001038a <main+0x162>
        CSR_CLEAR_BITS(CSR_REG_MSTATUS, 0x8);
20010378:	30073073          	csrc	mstatus,a4
        if (!xmss_finished) {
2001037c:	c001c783          	lbu	a5,-1024(gp) # 20400 <xmss_finished>
20010380:	e399                	bnez	a5,20010386 <main+0x15e>
 * Hints to the processor that we don't have anything better to be doing, and to
 * go into low-power mode until an interrupt is serviced.
 *
 * This function may behave as if it is a no-op.
 */
static inline void wait_for_interrupt(void) { asm volatile("wfi"); }
20010382:	10500073          	wfi
            wait_for_interrupt();
        }
        CSR_SET_BITS(CSR_REG_MSTATUS, 0x8);
20010386:	30072073          	csrs	mstatus,a4
    while (!xmss_finished) {
2001038a:	c001c783          	lbu	a5,-1024(gp) # 20400 <xmss_finished>
2001038e:	d7ed                	beqz	a5,20010378 <main+0x150>
20010390:	20070837          	lui	a6,0x20070
    }
    
    uint8_t calculated_pk_hash[32];
    for (int i = 0; i < 8; i++) {
        uint32_t word = xmss_read32(0x20 + (i * 4));
        calculated_pk_hash[i*4 + 0] = (word >> 24) & 0xFF;
20010394:	7e41                	lui	t3,0xffff0
20010396:	ff010337          	lui	t1,0xff010
2001039a:	010008b7          	lui	a7,0x1000
    while (!xmss_finished) {
2001039e:	02080593          	addi	a1,a6,32 # 20070020 <_etext+0x5cb08>
200103a2:	0808                	addi	a0,sp,16
        calculated_pk_hash[i*4 + 0] = (word >> 24) & 0xFF;
200103a4:	0ffe0e13          	addi	t3,t3,255 # ffff00ff <_etext+0xdffdcbe7>
200103a8:	137d                	addi	t1,t1,-1 # ff00ffff <_etext+0xdeffcae7>
200103aa:	18fd                	addi	a7,a7,-1 # ffffff <_sp+0xfdebdf>
    for (int i = 0; i < 8; i++) {
200103ac:	04080813          	addi	a6,a6,64
    return *ptr;
200103b0:	4198                	lw	a4,0(a1)
    for (int i = 0; i < 8; i++) {
200103b2:	0591                	addi	a1,a1,4 # 24004 <_sp+0x2be4>
        calculated_pk_hash[i*4 + 1] = (word >> 16) & 0xFF;
200103b4:	01075613          	srli	a2,a4,0x10
        calculated_pk_hash[i*4 + 0] = (word >> 24) & 0xFF;
200103b8:	01875793          	srli	a5,a4,0x18
200103bc:	0ff67613          	zext.b	a2,a2
        calculated_pk_hash[i*4 + 2] = (word >> 8) & 0xFF;
200103c0:	00875693          	srli	a3,a4,0x8
        calculated_pk_hash[i*4 + 0] = (word >> 24) & 0xFF;
200103c4:	0622                	slli	a2,a2,0x8
200103c6:	01c7f7b3          	and	a5,a5,t3
200103ca:	8fd1                	or	a5,a5,a2
200103cc:	0ff6f693          	zext.b	a3,a3
200103d0:	06c2                	slli	a3,a3,0x10
200103d2:	0067f7b3          	and	a5,a5,t1
200103d6:	8fd5                	or	a5,a5,a3
200103d8:	0762                	slli	a4,a4,0x18
200103da:	0117f7b3          	and	a5,a5,a7
200103de:	8fd9                	or	a5,a5,a4
200103e0:	c11c                	sw	a5,0(a0)
    for (int i = 0; i < 8; i++) {
200103e2:	0511                	addi	a0,a0,4
200103e4:	fd0596e3          	bne	a1,a6,200103b0 <main+0x188>
        calculated_pk_hash[i*4 + 3] = word & 0xFF;
    }
    
    // Hash SHA-256 de rot_key.pk
    const uint32_t bootrom_rotpk_ptr[8] = {
200103e8:	200137b7          	lui	a5,0x20013
200103ec:	c3878793          	addi	a5,a5,-968 # 20012c38 <_read_r+0x30>
200103f0:	0007a303          	lw	t1,0(a5)
200103f4:	0047a883          	lw	a7,4(a5)
200103f8:	0087a803          	lw	a6,8(a5)
200103fc:	47cc                	lw	a1,12(a5)
200103fe:	4b90                	lw	a2,16(a5)
20010400:	4bd4                	lw	a3,20(a5)
20010402:	4f98                	lw	a4,24(a5)
20010404:	4fdc                	lw	a5,28(a5)
        0x46AA3916, 0x8FF90E7D, 0x27A38210, 0x881991E3,
        0x7F641135, 0xDBA9D5B7, 0x91E6581A, 0x95C1DDDA
    };
    
    uint8_t expected_pk_hash[32];
    PRINTF("[DEBUG] Volcado de la ROM RoTPK:\n");
20010406:	20013537          	lui	a0,0x20013
2001040a:	05c50513          	addi	a0,a0,92 # 2001305c <_read_r+0x454>
    for (int i = 0; i < 8; i++) {
        uint32_t expected_word = bootrom_rotpk_ptr[i];
        PRINTF("%08X ", expected_word);
        expected_pk_hash[i*4 + 0] = (expected_word >> 24) & 0xFF;
2001040e:	79c1                	lui	s3,0xffff0
20010410:	ff010937          	lui	s2,0xff010
20010414:	010004b7          	lui	s1,0x1000
    const uint32_t bootrom_rotpk_ptr[8] = {
20010418:	d81a                	sw	t1,48(sp)
2001041a:	da46                	sw	a7,52(sp)
2001041c:	dc42                	sw	a6,56(sp)
2001041e:	de2e                	sw	a1,60(sp)
20010420:	c0b2                	sw	a2,64(sp)
20010422:	c2b6                	sw	a3,68(sp)
20010424:	c4ba                	sw	a4,72(sp)
20010426:	c6be                	sw	a5,76(sp)
    PRINTF("[DEBUG] Volcado de la ROM RoTPK:\n");
20010428:	4c01                	li	s8,0
2001042a:	72a010ef          	jal	ra,20011b54 <puts>
    for (int i = 0; i < 8; i++) {
2001042e:	20013ab7          	lui	s5,0x20013
        expected_pk_hash[i*4 + 0] = (expected_word >> 24) & 0xFF;
20010432:	0ff98993          	addi	s3,s3,255 # ffff00ff <_etext+0xdffdcbe7>
20010436:	197d                	addi	s2,s2,-1 # ff00ffff <_etext+0xdeffcae7>
20010438:	14fd                	addi	s1,s1,-1 # ffffff <_sp+0xfdebdf>
    for (int i = 0; i < 8; i++) {
2001043a:	02000a13          	li	s4,32
        uint32_t expected_word = bootrom_rotpk_ptr[i];
2001043e:	181c                	addi	a5,sp,48
20010440:	97e2                	add	a5,a5,s8
20010442:	0007ab03          	lw	s6,0(a5)
        PRINTF("%08X ", expected_word);
20010446:	080a8513          	addi	a0,s5,128 # 20013080 <_read_r+0x478>
2001044a:	85da                	mv	a1,s6
2001044c:	5c2010ef          	jal	ra,20011a0e <iprintf>
        expected_pk_hash[i*4 + 1] = (expected_word >> 16) & 0xFF;
20010450:	010b5693          	srli	a3,s6,0x10
        expected_pk_hash[i*4 + 0] = (expected_word >> 24) & 0xFF;
20010454:	018b5793          	srli	a5,s6,0x18
20010458:	0ff6f693          	zext.b	a3,a3
        expected_pk_hash[i*4 + 2] = (expected_word >> 8) & 0xFF;
2001045c:	008b5713          	srli	a4,s6,0x8
        expected_pk_hash[i*4 + 0] = (expected_word >> 24) & 0xFF;
20010460:	06a2                	slli	a3,a3,0x8
20010462:	0137f7b3          	and	a5,a5,s3
20010466:	8fd5                	or	a5,a5,a3
20010468:	0ff77713          	zext.b	a4,a4
2001046c:	0742                	slli	a4,a4,0x10
2001046e:	0127f7b3          	and	a5,a5,s2
20010472:	8fd9                	or	a5,a5,a4
20010474:	0b62                	slli	s6,s6,0x18
20010476:	8fe5                	and	a5,a5,s1
20010478:	0898                	addi	a4,sp,80
2001047a:	9762                	add	a4,a4,s8
2001047c:	0167e7b3          	or	a5,a5,s6
20010480:	c31c                	sw	a5,0(a4)
    for (int i = 0; i < 8; i++) {
20010482:	0c11                	addi	s8,s8,4
20010484:	fb4c1de3          	bne	s8,s4,2001043e <main+0x216>
        expected_pk_hash[i*4 + 3] = expected_word & 0xFF;
    }
    PRINTF("\n");
20010488:	4529                	li	a0,10
2001048a:	5be010ef          	jal	ra,20011a48 <putchar>
    
    if (memcmp(calculated_pk_hash, expected_pk_hash, 32) != 0) {
2001048e:	02000613          	li	a2,32
20010492:	088c                	addi	a1,sp,80
20010494:	0808                	addi	a0,sp,16
20010496:	3da010ef          	jal	ra,20011870 <memcmp>
2001049a:	e949                	bnez	a0,2001052c <main+0x304>
        secure_halt("RoTPK Invalida: La clave publica de la Flash no coincide con el Root of Trust (OTP).");
    }
    
    PRINTF("[ZSBL] Clave Publica de RoT AUTENTICADA con exito.\n");
2001049c:	20013537          	lui	a0,0x20013
200104a0:	0e050513          	addi	a0,a0,224 # 200130e0 <_read_r+0x4d8>
200104a4:	6b0010ef          	jal	ra,20011b54 <puts>

    // ========================================================================
    // 4. PARSEO Y CONFIGURACIÓN DEL ACELERADOR XMSS PARA VERIFICACIÓN DEL FSBL
    // ========================================================================
    PRINTF("[ZSBL] Configurando Acelerador Hardware para verificacion de firma...\n");
200104a8:	20013537          	lui	a0,0x20013
200104ac:	11450513          	addi	a0,a0,276 # 20013114 <_read_r+0x50c>
200104b0:	6a4010ef          	jal	ra,20011b54 <puts>
    *ptr = value;
200104b4:	000247b7          	lui	a5,0x24
200104b8:	200704b7          	lui	s1,0x20070
200104bc:	04478793          	addi	a5,a5,68 # 24044 <_sp+0x2c24>
200104c0:	c49c                	sw	a5,8(s1)
200104c2:	0004a823          	sw	zero,16(s1) # 20070010 <_etext+0x5caf8>
    xmss_write32(XMSS_SIG_ADDR_OFFSET, sig_ptr);
    xmss_write32(XMSS_MSG_ADDR_OFFSET, fsbl_ptr);
    xmss_write32(XMSS_MLEN_OFFSET,     payload_size * 8);
200104c6:	040e                	slli	s0,s0,0x3

    // 5. LANZAR VERIFICACIÓN
    PRINTF("[ZSBL] Ejecutando verificacion criptografica XMSS del FSBL por Hardware...\n");
200104c8:	20013537          	lui	a0,0x20013
    *ptr = value;
200104cc:	c8c0                	sw	s0,20(s1)
    PRINTF("[ZSBL] Ejecutando verificacion criptografica XMSS del FSBL por Hardware...\n");
200104ce:	15c50513          	addi	a0,a0,348 # 2001315c <_read_r+0x554>
200104d2:	682010ef          	jal	ra,20011b54 <puts>
    *ptr = value;
200104d6:	4785                	li	a5,1
    xmss_finished = false;
200104d8:	c0018023          	sb	zero,-1024(gp) # 20400 <xmss_finished>
    *ptr = value;
200104dc:	c09c                	sw	a5,0(s1)
    xmss_write32(XMSS_CTRL_OFFSET, 1u);

    while (!xmss_finished) {
        CSR_CLEAR_BITS(CSR_REG_MSTATUS, 0x8);
200104de:	4721                	li	a4,8
}
200104e0:	a811                	j	200104f4 <main+0x2cc>
        CSR_CLEAR_BITS(CSR_REG_MSTATUS, 0x8);
200104e2:	30073073          	csrc	mstatus,a4
        if (!xmss_finished) {
200104e6:	c001c783          	lbu	a5,-1024(gp) # 20400 <xmss_finished>
200104ea:	e399                	bnez	a5,200104f0 <main+0x2c8>
200104ec:	10500073          	wfi
            wait_for_interrupt();
        }
        CSR_SET_BITS(CSR_REG_MSTATUS, 0x8);
200104f0:	30072073          	csrs	mstatus,a4
    while (!xmss_finished) {
200104f4:	c001c783          	lbu	a5,-1024(gp) # 20400 <xmss_finished>
200104f8:	d7ed                	beqz	a5,200104e2 <main+0x2ba>
    return *ptr;
200104fa:	200707b7          	lui	a5,0x20070
200104fe:	43c0                	lw	s0,4(a5)
    }

    // 6. TOMA DE DECISIÓN CRÍTICA
    uint32_t status = xmss_read32(XMSS_STATUS_OFFSET);
    uint16_t valid_code = (uint16_t)(status & 0xFFFFu);
    PRINTF("[DEBUG] Codigo de estado devuelto por HW: 0x%08X (valid_code=0x%04X)\n", status, valid_code);
20010500:	20013537          	lui	a0,0x20013
20010504:	1a850513          	addi	a0,a0,424 # 200131a8 <_read_r+0x5a0>
20010508:	01041613          	slli	a2,s0,0x10
2001050c:	85a2                	mv	a1,s0
2001050e:	8241                	srli	a2,a2,0x10
20010510:	4fe010ef          	jal	ra,20011a0e <iprintf>

    if (valid_code != SECURE_VALID_CODE) {
20010514:	0442                	slli	s0,s0,0x10
20010516:	6791                	lui	a5,0x4
20010518:	8041                	srli	s0,s0,0x10
2001051a:	c5a78793          	addi	a5,a5,-934 # 3c5a <__heap_size+0x345a>
2001051e:	00f40c63          	beq	s0,a5,20010536 <main+0x30e>
        secure_halt("Firma XMSS del FSBL Invalida o Binario Corrupto.");
20010522:	20013537          	lui	a0,0x20013
20010526:	1f050513          	addi	a0,a0,496 # 200131f0 <_read_r+0x5e8>
2001052a:	3945                	jal	200101da <secure_halt>
        secure_halt("RoTPK Invalida: La clave publica de la Flash no coincide con el Root of Trust (OTP).");
2001052c:	20013537          	lui	a0,0x20013
20010530:	08850513          	addi	a0,a0,136 # 20013088 <_read_r+0x480>
20010534:	315d                	jal	200101da <secure_halt>
    }

    PRINTF("[ZSBL] Exito: Firma del FSBL validada correctamente por HW.\n");
20010536:	20013537          	lui	a0,0x20013
2001053a:	22450513          	addi	a0,a0,548 # 20013224 <_read_r+0x61c>
2001053e:	616010ef          	jal	ra,20011b54 <puts>

    // Limpieza de interrupciones de forma inmediata
    CSR_CLEAR_BITS(CSR_REG_MSTATUS, 0x8);
20010542:	47a1                	li	a5,8
20010544:	3007b073          	csrc	mstatus,a5
    CSR_CLEAR_BITS(CSR_REG_MIE, intr_mask);
20010548:	800007b7          	lui	a5,0x80000
2001054c:	3047b073          	csrc	mie,a5
    enable_fast_interrupt(kExt_peri_fic_e, false);
20010550:	4581                	li	a1,0
20010552:	453d                	li	a0,15
20010554:	233d                	jal	20010a82 <enable_fast_interrupt>

    PRINTF("[ZSBL] Preparando salto a FSBL (Etapa 1)...\n");
20010556:	20013537          	lui	a0,0x20013
2001055a:	26050513          	addi	a0,a0,608 # 20013260 <_read_r+0x658>
2001055e:	5f6010ef          	jal	ra,20011b54 <puts>
    
    // Sincronizar memoria de instrucciones
    __asm__ volatile ("fence.i");
20010562:	0000100f          	fence.i

    PRINTF("[ZSBL] === SALTANDO A FSBL (0x00000180) ===\n\n");
20010566:	20013537          	lui	a0,0x20013
2001056a:	28c50513          	addi	a0,a0,652 # 2001328c <_read_r+0x684>
2001056e:	5e6010ef          	jal	ra,20011b54 <puts>
    
    typedef void (*fsbl_entry_t)(void);
    fsbl_entry_t fsbl_entry = (fsbl_entry_t)(SRAM_FSBL_ADDR + 0x180);
    fsbl_entry();
20010572:	18000793          	li	a5,384
20010576:	9782                	jalr	a5

    while(1) { __asm__ volatile("wfi"); }
20010578:	10500073          	wfi
2001057c:	10500073          	wfi
20010580:	bfe5                	j	20010578 <main+0x350>

20010582 <__no_irq_handler>:
	This will not print an error message in case of not finding
	the proper handler to manage an interrupt.
	la a0, no_exception_handler_msg
	jal ra, puts
	*/
	j __no_irq_handler
20010582:	0000006f          	j	20010582 <__no_irq_handler>

20010586 <flash_write_enable>:
        spi_write_word(spi, last_word);
    }
    return FLASH_OK;
}

static void flash_write_enable(void) {
20010586:	1141                	addi	sp,sp,-16
20010588:	c422                	sw	s0,8(sp)
    spi_write_word(spi, FC_WE);
2001058a:	94018413          	addi	s0,gp,-1728 # 20140 <spi>
2001058e:	4008                	lw	a0,0(s0)
20010590:	4599                	li	a1,6
static void flash_write_enable(void) {
20010592:	c606                	sw	ra,12(sp)
    spi_write_word(spi, FC_WE);
20010594:	451000ef          	jal	ra,200111e4 <spi_write_word>
        .len        = 0,
        .csaat      = false,
        .speed      = SPI_SPEED_STANDARD,
        .direction  = SPI_DIR_TX_ONLY
    });
    spi_set_command(spi, cmd_write_en);
20010598:	4008                	lw	a0,0(s0)
2001059a:	100005b7          	lui	a1,0x10000
2001059e:	409000ef          	jal	ra,200111a6 <spi_set_command>
    spi_wait_for_ready(spi);
200105a2:	4018                	lw	a4,0(s0)
 * @return SPI_FLAG_OK       if success.
 */
static inline __attribute__((always_inline)) 
spi_return_flags_e spi_wait_for_ready(spi_host_t* spi)
{
    SPI_NULL_CHECK(spi, SPI_FLAG_NULL_PTR)
200105a4:	c701                	beqz	a4,200105ac <flash_write_enable+0x26>
    status.value = SPI_HW(spi)->STATUS; // Assuming SPI_HW(spi)->STATUS returns a uint32_t value representing the status
200105a6:	4b5c                	lw	a5,20(a4)
    return spi_get_status(spi).ready ? SPI_TRISTATE_TRUE : SPI_TRISTATE_FALSE;
200105a8:	fe07dfe3          	bgez	a5,200105a6 <flash_write_enable+0x20>
}
200105ac:	40b2                	lw	ra,12(sp)
200105ae:	4422                	lw	s0,8(sp)
200105b0:	0141                	addi	sp,sp,16
200105b2:	8082                	ret

200105b4 <flash_wait>:
static void flash_wait(void) {
200105b4:	1101                	addi	sp,sp,-32
200105b6:	ca26                	sw	s1,20(sp)
    spi_set_rx_watermark(spi,1);
200105b8:	94018493          	addi	s1,gp,-1728 # 20140 <spi>
200105bc:	4088                	lw	a0,0(s1)
200105be:	4585                	li	a1,1
static void flash_wait(void) {
200105c0:	cc22                	sw	s0,24(sp)
200105c2:	ce06                	sw	ra,28(sp)
    spi_set_rx_watermark(spi,1);
200105c4:	391000ef          	jal	ra,20011154 <spi_set_rx_watermark>
    uint8_t flash_resp[4] = {0xff,0xff,0xff,0xff};
200105c8:	57fd                	li	a5,-1
200105ca:	c63e                	sw	a5,12(sp)
 */
static inline __attribute__((always_inline)) 
spi_return_flags_e spi_wait_for_rx_watermark(spi_host_t* spi)
{
    SPI_NULL_CHECK(spi, SPI_FLAG_NULL_PTR)
    while (!spi_get_status(spi).rxwm);
200105cc:	00100437          	lui	s0,0x100
        spi_write_word(spi, flash_cmd); // Push TX buffer
200105d0:	4088                	lw	a0,0(s1)
200105d2:	4595                	li	a1,5
200105d4:	411000ef          	jal	ra,200111e4 <spi_write_word>
        spi_set_command(spi, spi_status_cmd);
200105d8:	4088                	lw	a0,0(s1)
200105da:	110005b7          	lui	a1,0x11000
200105de:	3c9000ef          	jal	ra,200111a6 <spi_set_command>
        spi_wait_for_ready(spi);
200105e2:	4088                	lw	a0,0(s1)
    SPI_NULL_CHECK(spi, SPI_FLAG_NULL_PTR)
200105e4:	c501                	beqz	a0,200105ec <flash_wait+0x38>
    status.value = SPI_HW(spi)->STATUS; // Assuming SPI_HW(spi)->STATUS returns a uint32_t value representing the status
200105e6:	495c                	lw	a5,20(a0)
    return spi_get_status(spi).ready ? SPI_TRISTATE_TRUE : SPI_TRISTATE_FALSE;
200105e8:	fe07dfe3          	bgez	a5,200105e6 <flash_wait+0x32>
        spi_set_command(spi, spi_status_read_cmd);
200105ec:	080005b7          	lui	a1,0x8000
200105f0:	3b7000ef          	jal	ra,200111a6 <spi_set_command>
        spi_wait_for_ready(spi);
200105f4:	4088                	lw	a0,0(s1)
    SPI_NULL_CHECK(spi, SPI_FLAG_NULL_PTR)
200105f6:	c519                	beqz	a0,20010604 <flash_wait+0x50>
    status.value = SPI_HW(spi)->STATUS; // Assuming SPI_HW(spi)->STATUS returns a uint32_t value representing the status
200105f8:	495c                	lw	a5,20(a0)
    return spi_get_status(spi).ready ? SPI_TRISTATE_TRUE : SPI_TRISTATE_FALSE;
200105fa:	fe07dfe3          	bgez	a5,200105f8 <flash_wait+0x44>
    status.value = SPI_HW(spi)->STATUS; // Assuming SPI_HW(spi)->STATUS returns a uint32_t value representing the status
200105fe:	495c                	lw	a5,20(a0)
    while (!spi_get_status(spi).rxwm);
20010600:	8fe1                	and	a5,a5,s0
20010602:	dff5                	beqz	a5,200105fe <flash_wait+0x4a>
        spi_read_word(spi, (uint32_t *)flash_resp);
20010604:	006c                	addi	a1,sp,12
20010606:	3ff000ef          	jal	ra,20011204 <spi_read_word>
    while(flash_busy){
2001060a:	00c14783          	lbu	a5,12(sp)
2001060e:	8b85                	andi	a5,a5,1
20010610:	f3e1                	bnez	a5,200105d0 <flash_wait+0x1c>
}
20010612:	40f2                	lw	ra,28(sp)
20010614:	4462                	lw	s0,24(sp)
20010616:	44d2                	lw	s1,20(sp)
20010618:	6105                	addi	sp,sp,32
2001061a:	8082                	ret

2001061c <w25q128jw_read_quad.part.0>:
w25q_error_codes_t w25q128jw_read_quad(uint32_t addr, void *data, uint32_t length) {
2001061c:	715d                	addi	sp,sp,-80
2001061e:	c2a6                	sw	s1,68(sp)
    spi_write_word(spi, cmd_read_quadIO);
20010620:	94018493          	addi	s1,gp,-1728 # 20140 <spi>
w25q_error_codes_t w25q128jw_read_quad(uint32_t addr, void *data, uint32_t length) {
20010624:	c0ca                	sw	s2,64(sp)
20010626:	892a                	mv	s2,a0
    spi_write_word(spi, cmd_read_quadIO);
20010628:	4088                	lw	a0,0(s1)
w25q_error_codes_t w25q128jw_read_quad(uint32_t addr, void *data, uint32_t length) {
2001062a:	d462                	sw	s8,40(sp)
2001062c:	8c2e                	mv	s8,a1
    spi_write_word(spi, cmd_read_quadIO);
2001062e:	0eb00593          	li	a1,235
w25q_error_codes_t w25q128jw_read_quad(uint32_t addr, void *data, uint32_t length) {
20010632:	c686                	sw	ra,76(sp)
20010634:	c4a2                	sw	s0,72(sp)
20010636:	d06a                	sw	s10,32(sp)
20010638:	de4e                	sw	s3,60(sp)
2001063a:	8d32                	mv	s10,a2
2001063c:	dc52                	sw	s4,56(sp)
2001063e:	da56                	sw	s5,52(sp)
20010640:	d85a                	sw	s6,48(sp)
20010642:	d65e                	sw	s7,44(sp)
20010644:	d266                	sw	s9,36(sp)
20010646:	ce6e                	sw	s11,28(sp)
    spi_write_word(spi, cmd_read_quadIO);
20010648:	39d000ef          	jal	ra,200111e4 <spi_write_word>
    spi_set_command(spi, cmd_read);
2001064c:	4088                	lw	a0,0(s1)
2001064e:	110005b7          	lui	a1,0x11000
20010652:	355000ef          	jal	ra,200111a6 <spi_set_command>
    spi_wait_for_ready(spi);
20010656:	4080                	lw	s0,0(s1)
    SPI_NULL_CHECK(spi, SPI_FLAG_NULL_PTR)
20010658:	c401                	beqz	s0,20010660 <w25q128jw_read_quad.part.0+0x44>
    status.value = SPI_HW(spi)->STATUS; // Assuming SPI_HW(spi)->STATUS returns a uint32_t value representing the status
2001065a:	485c                	lw	a5,20(s0)
    return spi_get_status(spi).ready ? SPI_TRISTATE_TRUE : SPI_TRISTATE_FALSE;
2001065c:	fe07dfe3          	bgez	a5,2001065a <w25q128jw_read_quad.part.0+0x3e>
 * @param bitfield Bitfield to reverse bytes of.
 * @return `bitfield` with the order of bytes reversed.
 */
BITFIELD_WARN_UNUSED_RESULT
static inline uint32_t bitfield_byteswap32(uint32_t bitfield) {
  return __builtin_bswap32(bitfield);
20010660:	854a                	mv	a0,s2
20010662:	3691                	jal	200101a6 <__bswapsi2>
    uint32_t read_byte_cmd = (REVERT_24b_ADDR(addr) | (0xFF << 24));
20010664:	8121                	srli	a0,a0,0x8
20010666:	ff0005b7          	lui	a1,0xff000
    spi_write_word(spi, read_byte_cmd);
2001066a:	8dc9                	or	a1,a1,a0
2001066c:	8522                	mv	a0,s0
2001066e:	377000ef          	jal	ra,200111e4 <spi_write_word>
    spi_set_command(spi, cmd_address);
20010672:	4088                	lw	a0,0(s1)
20010674:	150005b7          	lui	a1,0x15000
20010678:	058d                	addi	a1,a1,3 # 15000003 <_sp+0x14fdebe3>
2001067a:	32d000ef          	jal	ra,200111a6 <spi_set_command>
    spi_wait_for_ready(spi);
2001067e:	4088                	lw	a0,0(s1)
    SPI_NULL_CHECK(spi, SPI_FLAG_NULL_PTR)
20010680:	c501                	beqz	a0,20010688 <w25q128jw_read_quad.part.0+0x6c>
    status.value = SPI_HW(spi)->STATUS; // Assuming SPI_HW(spi)->STATUS returns a uint32_t value representing the status
20010682:	495c                	lw	a5,20(a0)
    return spi_get_status(spi).ready ? SPI_TRISTATE_TRUE : SPI_TRISTATE_FALSE;
20010684:	fe07dfe3          	bgez	a5,20010682 <w25q128jw_read_quad.part.0+0x66>
    spi_set_command(spi, dummy_clocks_cmd);
20010688:	050005b7          	lui	a1,0x5000
2001068c:	058d                	addi	a1,a1,3 # 5000003 <_sp+0x4fdebe3>
2001068e:	319000ef          	jal	ra,200111a6 <spi_set_command>
    spi_wait_for_ready(spi);
20010692:	4088                	lw	a0,0(s1)
    SPI_NULL_CHECK(spi, SPI_FLAG_NULL_PTR)
20010694:	c501                	beqz	a0,2001069c <w25q128jw_read_quad.part.0+0x80>
    status.value = SPI_HW(spi)->STATUS; // Assuming SPI_HW(spi)->STATUS returns a uint32_t value representing the status
20010696:	495c                	lw	a5,20(a0)
    return spi_get_status(spi).ready ? SPI_TRISTATE_TRUE : SPI_TRISTATE_FALSE;
20010698:	fe07dfe3          	bgez	a5,20010696 <w25q128jw_read_quad.part.0+0x7a>
        .len        = length-1,        // 32 Byte
2001069c:	fffd0793          	addi	a5,s10,-1
  bitfield |= (value & mask) << index;
200106a0:	07a2                	slli	a5,a5,0x8
200106a2:	83a1                	srli	a5,a5,0x8
200106a4:	0c0005b7          	lui	a1,0xc000
    spi_set_command(spi, cmd_read_rx);
200106a8:	8ddd                	or	a1,a1,a5
200106aa:	2fd000ef          	jal	ra,200111a6 <spi_set_command>
    spi_wait_for_ready(spi);
200106ae:	4088                	lw	a0,0(s1)
    SPI_NULL_CHECK(spi, SPI_FLAG_NULL_PTR)
200106b0:	c501                	beqz	a0,200106b8 <w25q128jw_read_quad.part.0+0x9c>
    status.value = SPI_HW(spi)->STATUS; // Assuming SPI_HW(spi)->STATUS returns a uint32_t value representing the status
200106b2:	495c                	lw	a5,20(a0)
    return spi_get_status(spi).ready ? SPI_TRISTATE_TRUE : SPI_TRISTATE_FALSE;
200106b4:	fe07dfe3          	bgez	a5,200106b2 <w25q128jw_read_quad.part.0+0x96>
w25q_error_codes_t w25q128jw_read_quad(uint32_t addr, void *data, uint32_t length) {
200106b8:	89ea                	mv	s3,s10
        if (length >= SPI_HOST_PARAM_RX_DEPTH) {
200106ba:	03f00c93          	li	s9,63
w25q_error_codes_t w25q128jw_read_quad(uint32_t addr, void *data, uint32_t length) {
200106be:	8b62                	mv	s6,s8
    int i_start = 0;
200106c0:	4a01                	li	s4,0
    int to_read = 0;
200106c2:	4a81                	li	s5,0
    while (!spi_get_status(spi).rxwm);
200106c4:	00100937          	lui	s2,0x100
        if (length >= SPI_HOST_PARAM_RX_DEPTH) {
200106c8:	053ced63          	bltu	s9,s3,20010722 <w25q128jw_read_quad.part.0+0x106>
            spi_set_rx_watermark(spi, (length%4==0 ? length>>2 : (length>>2)+1));
200106cc:	0029d593          	srli	a1,s3,0x2
200106d0:	0039f793          	andi	a5,s3,3
200106d4:	0ff5f593          	zext.b	a1,a1
200106d8:	c781                	beqz	a5,200106e0 <w25q128jw_read_quad.part.0+0xc4>
200106da:	0585                	addi	a1,a1,1 # c000001 <_sp+0xbfdebe1>
200106dc:	0ff5f593          	zext.b	a1,a1
200106e0:	275000ef          	jal	ra,20011154 <spi_set_rx_watermark>
            to_read += length;
200106e4:	9ace                	add	s5,s5,s3
            flag = 0;
200106e6:	4b81                	li	s7,0
        spi_wait_for_rx_watermark(spi);
200106e8:	4088                	lw	a0,0(s1)
    SPI_NULL_CHECK(spi, SPI_FLAG_NULL_PTR)
200106ea:	c509                	beqz	a0,200106f4 <w25q128jw_read_quad.part.0+0xd8>
    status.value = SPI_HW(spi)->STATUS; // Assuming SPI_HW(spi)->STATUS returns a uint32_t value representing the status
200106ec:	495c                	lw	a5,20(a0)
    while (!spi_get_status(spi).rxwm);
200106ee:	0127f7b3          	and	a5,a5,s2
200106f2:	dfed                	beqz	a5,200106ec <w25q128jw_read_quad.part.0+0xd0>
        for (int i = i_start; i < to_read>>2; i++) {
200106f4:	402add93          	srai	s11,s5,0x2
200106f8:	01ba5d63          	bge	s4,s11,20010712 <w25q128jw_read_quad.part.0+0xf6>
200106fc:	0d8a                	slli	s11,s11,0x2
200106fe:	9de2                	add	s11,s11,s8
20010700:	845a                	mv	s0,s6
20010702:	a011                	j	20010706 <w25q128jw_read_quad.part.0+0xea>
            spi_read_word(spi, &data_32bit[i]); // Writes a full word
20010704:	4088                	lw	a0,0(s1)
20010706:	85a2                	mv	a1,s0
        for (int i = i_start; i < to_read>>2; i++) {
20010708:	0411                	addi	s0,s0,4 # 100004 <_sp+0xdebe4>
            spi_read_word(spi, &data_32bit[i]); // Writes a full word
2001070a:	2fb000ef          	jal	ra,20011204 <spi_read_word>
        for (int i = i_start; i < to_read>>2; i++) {
2001070e:	fe8d9be3          	bne	s11,s0,20010704 <w25q128jw_read_quad.part.0+0xe8>
        i_start += SPI_HOST_PARAM_RX_DEPTH>>2;
20010712:	0a41                	addi	s4,s4,16
    while (flag) {
20010714:	040b0b13          	addi	s6,s6,64
20010718:	000b8e63          	beqz	s7,20010734 <w25q128jw_read_quad.part.0+0x118>
            spi_set_rx_watermark(spi, SPI_HOST_PARAM_RX_DEPTH>>2);
2001071c:	4088                	lw	a0,0(s1)
        if (length >= SPI_HOST_PARAM_RX_DEPTH) {
2001071e:	fb3cf7e3          	bgeu	s9,s3,200106cc <w25q128jw_read_quad.part.0+0xb0>
            spi_set_rx_watermark(spi, SPI_HOST_PARAM_RX_DEPTH>>2);
20010722:	45c1                	li	a1,16
20010724:	231000ef          	jal	ra,20011154 <spi_set_rx_watermark>
            length -= SPI_HOST_PARAM_RX_DEPTH;
20010728:	fc098993          	addi	s3,s3,-64
            to_read += SPI_HOST_PARAM_RX_DEPTH;
2001072c:	040a8a93          	addi	s5,s5,64
20010730:	4b85                	li	s7,1
20010732:	bf5d                	j	200106e8 <w25q128jw_read_quad.part.0+0xcc>
    if (length_original%4 != 0) {
20010734:	003d7793          	andi	a5,s10,3
20010738:	e38d                	bnez	a5,2001075a <w25q128jw_read_quad.part.0+0x13e>
}
2001073a:	40b6                	lw	ra,76(sp)
2001073c:	4426                	lw	s0,72(sp)
2001073e:	4496                	lw	s1,68(sp)
20010740:	4906                	lw	s2,64(sp)
20010742:	59f2                	lw	s3,60(sp)
20010744:	5a62                	lw	s4,56(sp)
20010746:	5ad2                	lw	s5,52(sp)
20010748:	5b42                	lw	s6,48(sp)
2001074a:	5bb2                	lw	s7,44(sp)
2001074c:	5c22                	lw	s8,40(sp)
2001074e:	5c92                	lw	s9,36(sp)
20010750:	5d02                	lw	s10,32(sp)
20010752:	4df2                	lw	s11,28(sp)
20010754:	4501                	li	a0,0
20010756:	6161                	addi	sp,sp,80
20010758:	8082                	ret
        spi_read_word(spi, &last_word);
2001075a:	4088                	lw	a0,0(s1)
2001075c:	006c                	addi	a1,sp,12
        uint32_t last_word = 0;
2001075e:	c602                	sw	zero,12(sp)
        spi_read_word(spi, &last_word);
20010760:	2a5000ef          	jal	ra,20011204 <spi_read_word>
        memcpy(&data_32bit[length_original>>2], &last_word, length%4);
20010764:	ffcd7513          	andi	a0,s10,-4
20010768:	0039f613          	andi	a2,s3,3
2001076c:	006c                	addi	a1,sp,12
2001076e:	9562                	add	a0,a0,s8
20010770:	3c01                	jal	20010180 <memcpy>
20010772:	b7e1                	j	2001073a <w25q128jw_read_quad.part.0+0x11e>

20010774 <w25q128jw_init>:
w25q_error_codes_t w25q128jw_init(spi_host_t* spi_host) {
20010774:	1101                	addi	sp,sp,-32
20010776:	ca26                	sw	s1,20(sp)
    if (soc_ctrl_peri->USE_SPIMEMIO == 1) {
20010778:	200004b7          	lui	s1,0x20000
2001077c:	48d4                	lw	a3,20(s1)
w25q_error_codes_t w25q128jw_init(spi_host_t* spi_host) {
2001077e:	ce06                	sw	ra,28(sp)
20010780:	cc22                	sw	s0,24(sp)
    if (soc_ctrl_peri->USE_SPIMEMIO == 1) {
20010782:	4705                	li	a4,1
20010784:	14e68563          	beq	a3,a4,200108ce <w25q128jw_init+0x15a>
    spi = spi_host;
20010788:	87aa                	mv	a5,a0
2001078a:	94018413          	addi	s0,gp,-1728 # 20140 <spi>
    soc_ctrl_select_spi_host((soc_ctrl_t*)soc_ctrl_peri);
2001078e:	20000537          	lui	a0,0x20000
    spi = spi_host;
20010792:	c01c                	sw	a5,0(s0)
    soc_ctrl_select_spi_host((soc_ctrl_t*)soc_ctrl_peri);
20010794:	0db000ef          	jal	ra,2001106e <soc_ctrl_select_spi_host>
    spi_set_enable(spi, true);
20010798:	4008                	lw	a0,0(s0)
2001079a:	4585                	li	a1,1
2001079c:	17b000ef          	jal	ra,20011116 <spi_set_enable>
    spi_output_enable(spi, true);
200107a0:	4008                	lw	a0,0(s0)
200107a2:	4585                	li	a1,1
200107a4:	2ab000ef          	jal	ra,2001124e <spi_output_enable>
    uint32_t core_clk = soc_ctrl_peri->SYSTEM_FREQUENCY_HZ;
200107a8:	4cd8                	lw	a4,28(s1)
    if(FLASH_CLK_MAX_HZ < core_clk/2){
200107aa:	0fdad7b7          	lui	a5,0xfdad
200107ae:	68178793          	addi	a5,a5,1665 # fdad681 <_sp+0xfd8c261>
200107b2:	0fff0637          	lui	a2,0xfff0
200107b6:	12e7e263          	bltu	a5,a4,200108da <w25q128jw_init+0x166>
    spi_set_configopts(spi, 0, chip_cfg);
200107ba:	4008                	lw	a0,0(s0)
200107bc:	4581                	li	a1,0
200107be:	1b7000ef          	jal	ra,20011174 <spi_set_configopts>
    spi_set_csid(spi, 0);
200107c2:	4008                	lw	a0,0(s0)
200107c4:	4581                	li	a1,0
200107c6:	1cb000ef          	jal	ra,20011190 <spi_set_csid>
    spi_write_word(spi, FC_RPD);
200107ca:	4008                	lw	a0,0(s0)
200107cc:	0ab00593          	li	a1,171
200107d0:	215000ef          	jal	ra,200111e4 <spi_write_word>
    spi_wait_for_ready(spi);
200107d4:	4008                	lw	a0,0(s0)
    SPI_NULL_CHECK(spi, SPI_FLAG_NULL_PTR)
200107d6:	c501                	beqz	a0,200107de <w25q128jw_init+0x6a>
    status.value = SPI_HW(spi)->STATUS; // Assuming SPI_HW(spi)->STATUS returns a uint32_t value representing the status
200107d8:	495c                	lw	a5,20(a0)
    return spi_get_status(spi).ready ? SPI_TRISTATE_TRUE : SPI_TRISTATE_FALSE;
200107da:	fe07dfe3          	bgez	a5,200107d8 <w25q128jw_init+0x64>
    spi_set_command(spi, cmd_powerup);
200107de:	100005b7          	lui	a1,0x10000
200107e2:	1c5000ef          	jal	ra,200111a6 <spi_set_command>
    spi_wait_for_ready(spi);
200107e6:	4008                	lw	a0,0(s0)
    SPI_NULL_CHECK(spi, SPI_FLAG_NULL_PTR)
200107e8:	c501                	beqz	a0,200107f0 <w25q128jw_init+0x7c>
    status.value = SPI_HW(spi)->STATUS; // Assuming SPI_HW(spi)->STATUS returns a uint32_t value representing the status
200107ea:	495c                	lw	a5,20(a0)
    return spi_get_status(spi).ready ? SPI_TRISTATE_TRUE : SPI_TRISTATE_FALSE;
200107ec:	fe07dfe3          	bgez	a5,200107ea <w25q128jw_init+0x76>
    spi_set_rx_watermark(spi,1);
200107f0:	4585                	li	a1,1
200107f2:	163000ef          	jal	ra,20011154 <spi_set_rx_watermark>
    spi_write_word(spi, reg2_read_cmd);
200107f6:	4008                	lw	a0,0(s0)
200107f8:	03500593          	li	a1,53
200107fc:	1e9000ef          	jal	ra,200111e4 <spi_write_word>
    spi_set_command(spi, reg2_read_1);
20010800:	4008                	lw	a0,0(s0)
20010802:	110005b7          	lui	a1,0x11000
20010806:	1a1000ef          	jal	ra,200111a6 <spi_set_command>
    spi_wait_for_ready(spi);
2001080a:	4008                	lw	a0,0(s0)
    SPI_NULL_CHECK(spi, SPI_FLAG_NULL_PTR)
2001080c:	c501                	beqz	a0,20010814 <w25q128jw_init+0xa0>
    status.value = SPI_HW(spi)->STATUS; // Assuming SPI_HW(spi)->STATUS returns a uint32_t value representing the status
2001080e:	495c                	lw	a5,20(a0)
    return spi_get_status(spi).ready ? SPI_TRISTATE_TRUE : SPI_TRISTATE_FALSE;
20010810:	fe07dfe3          	bgez	a5,2001080e <w25q128jw_init+0x9a>
    spi_set_command(spi, reg2_read_2);
20010814:	080005b7          	lui	a1,0x8000
20010818:	18f000ef          	jal	ra,200111a6 <spi_set_command>
    spi_wait_for_ready(spi);
2001081c:	4008                	lw	a0,0(s0)
    SPI_NULL_CHECK(spi, SPI_FLAG_NULL_PTR)
2001081e:	c909                	beqz	a0,20010830 <w25q128jw_init+0xbc>
    status.value = SPI_HW(spi)->STATUS; // Assuming SPI_HW(spi)->STATUS returns a uint32_t value representing the status
20010820:	495c                	lw	a5,20(a0)
    return spi_get_status(spi).ready ? SPI_TRISTATE_TRUE : SPI_TRISTATE_FALSE;
20010822:	fe07dfe3          	bgez	a5,20010820 <w25q128jw_init+0xac>
    while (!spi_get_status(spi).rxwm);
20010826:	00100737          	lui	a4,0x100
    status.value = SPI_HW(spi)->STATUS; // Assuming SPI_HW(spi)->STATUS returns a uint32_t value representing the status
2001082a:	495c                	lw	a5,20(a0)
    while (!spi_get_status(spi).rxwm);
2001082c:	8ff9                	and	a5,a5,a4
2001082e:	dff5                	beqz	a5,2001082a <w25q128jw_init+0xb6>
    spi_read_word(spi, &reg2_data);
20010830:	002c                	addi	a1,sp,8
20010832:	1d3000ef          	jal	ra,20011204 <spi_read_word>
    reg2_data |= 0x2;
20010836:	47a2                	lw	a5,8(sp)
20010838:	0027e793          	ori	a5,a5,2
2001083c:	c43e                	sw	a5,8(sp)
    flash_write_enable();
2001083e:	33a1                	jal	20010586 <flash_write_enable>
    spi_write_word(spi, reg2_write_cmd);
20010840:	4008                	lw	a0,0(s0)
20010842:	03100593          	li	a1,49
20010846:	19f000ef          	jal	ra,200111e4 <spi_write_word>
    spi_set_command(spi, reg2_write_1);
2001084a:	4008                	lw	a0,0(s0)
2001084c:	110005b7          	lui	a1,0x11000
20010850:	157000ef          	jal	ra,200111a6 <spi_set_command>
    spi_wait_for_ready(spi);
20010854:	4008                	lw	a0,0(s0)
    SPI_NULL_CHECK(spi, SPI_FLAG_NULL_PTR)
20010856:	c501                	beqz	a0,2001085e <w25q128jw_init+0xea>
    status.value = SPI_HW(spi)->STATUS; // Assuming SPI_HW(spi)->STATUS returns a uint32_t value representing the status
20010858:	495c                	lw	a5,20(a0)
    return spi_get_status(spi).ready ? SPI_TRISTATE_TRUE : SPI_TRISTATE_FALSE;
2001085a:	fe07dfe3          	bgez	a5,20010858 <w25q128jw_init+0xe4>
    spi_write_word(spi, reg2_data);
2001085e:	45a2                	lw	a1,8(sp)
20010860:	185000ef          	jal	ra,200111e4 <spi_write_word>
    spi_set_command(spi, reg2_write_2);
20010864:	4008                	lw	a0,0(s0)
20010866:	100005b7          	lui	a1,0x10000
2001086a:	13d000ef          	jal	ra,200111a6 <spi_set_command>
    spi_wait_for_ready(spi);
2001086e:	4018                	lw	a4,0(s0)
    SPI_NULL_CHECK(spi, SPI_FLAG_NULL_PTR)
20010870:	c701                	beqz	a4,20010878 <w25q128jw_init+0x104>
    status.value = SPI_HW(spi)->STATUS; // Assuming SPI_HW(spi)->STATUS returns a uint32_t value representing the status
20010872:	4b5c                	lw	a5,20(a4)
    return spi_get_status(spi).ready ? SPI_TRISTATE_TRUE : SPI_TRISTATE_FALSE;
20010874:	fe07dfe3          	bgez	a5,20010872 <w25q128jw_init+0xfe>
    flash_wait();
20010878:	3b35                	jal	200105b4 <flash_wait>
    spi_write_word(spi, reg2_read_cmd);
2001087a:	4008                	lw	a0,0(s0)
2001087c:	03500593          	li	a1,53
20010880:	165000ef          	jal	ra,200111e4 <spi_write_word>
    spi_set_command(spi, reg2_read_1);
20010884:	4008                	lw	a0,0(s0)
20010886:	110005b7          	lui	a1,0x11000
2001088a:	11d000ef          	jal	ra,200111a6 <spi_set_command>
    spi_wait_for_ready(spi);
2001088e:	4008                	lw	a0,0(s0)
    SPI_NULL_CHECK(spi, SPI_FLAG_NULL_PTR)
20010890:	c501                	beqz	a0,20010898 <w25q128jw_init+0x124>
    status.value = SPI_HW(spi)->STATUS; // Assuming SPI_HW(spi)->STATUS returns a uint32_t value representing the status
20010892:	495c                	lw	a5,20(a0)
    return spi_get_status(spi).ready ? SPI_TRISTATE_TRUE : SPI_TRISTATE_FALSE;
20010894:	fe07dfe3          	bgez	a5,20010892 <w25q128jw_init+0x11e>
    spi_set_command(spi, reg2_read_2);
20010898:	080005b7          	lui	a1,0x8000
2001089c:	10b000ef          	jal	ra,200111a6 <spi_set_command>
    spi_wait_for_ready(spi);
200108a0:	4008                	lw	a0,0(s0)
    SPI_NULL_CHECK(spi, SPI_FLAG_NULL_PTR)
200108a2:	c909                	beqz	a0,200108b4 <w25q128jw_init+0x140>
    status.value = SPI_HW(spi)->STATUS; // Assuming SPI_HW(spi)->STATUS returns a uint32_t value representing the status
200108a4:	495c                	lw	a5,20(a0)
    return spi_get_status(spi).ready ? SPI_TRISTATE_TRUE : SPI_TRISTATE_FALSE;
200108a6:	fe07dfe3          	bgez	a5,200108a4 <w25q128jw_init+0x130>
    while (!spi_get_status(spi).rxwm);
200108aa:	00100737          	lui	a4,0x100
    status.value = SPI_HW(spi)->STATUS; // Assuming SPI_HW(spi)->STATUS returns a uint32_t value representing the status
200108ae:	495c                	lw	a5,20(a0)
    while (!spi_get_status(spi).rxwm);
200108b0:	8ff9                	and	a5,a5,a4
200108b2:	dff5                	beqz	a5,200108ae <w25q128jw_init+0x13a>
    spi_read_word(spi, &reg2_data_check);
200108b4:	006c                	addi	a1,sp,12
    uint32_t reg2_data_check = 0x00;
200108b6:	c602                	sw	zero,12(sp)
    spi_read_word(spi, &reg2_data_check);
200108b8:	14d000ef          	jal	ra,20011204 <spi_read_word>
    if ((reg2_data_check & 0x2) == 0) return FLASH_ERROR;
200108bc:	47b2                	lw	a5,12(sp)
    return FLASH_OK; // Success
200108be:	4501                	li	a0,0
    if ((reg2_data_check & 0x2) == 0) return FLASH_ERROR;
200108c0:	8b89                	andi	a5,a5,2
200108c2:	c791                	beqz	a5,200108ce <w25q128jw_init+0x15a>
}
200108c4:	40f2                	lw	ra,28(sp)
200108c6:	4462                	lw	s0,24(sp)
200108c8:	44d2                	lw	s1,20(sp)
200108ca:	6105                	addi	sp,sp,32
200108cc:	8082                	ret
200108ce:	40f2                	lw	ra,28(sp)
200108d0:	4462                	lw	s0,24(sp)
200108d2:	44d2                	lw	s1,20(sp)
        return FLASH_ERROR; // Error
200108d4:	4505                	li	a0,1
}
200108d6:	6105                	addi	sp,sp,32
200108d8:	8082                	ret
        clk_div = (core_clk/(FLASH_CLK_MAX_HZ) - 2)/2; // The value is truncated
200108da:	07ed76b7          	lui	a3,0x7ed7
200108de:	b4068693          	addi	a3,a3,-1216 # 7ed6b40 <_sp+0x7eb5720>
200108e2:	02d757b3          	divu	a5,a4,a3
200108e6:	17f9                	addi	a5,a5,-2
200108e8:	8385                	srli	a5,a5,0x1
        if (core_clk/(2 + 2 * clk_div) > FLASH_CLK_MAX_HZ) clk_div += 1; // Adjust if the truncation was not 0
200108ea:	00178593          	addi	a1,a5,1
200108ee:	0586                	slli	a1,a1,0x1
200108f0:	02b75733          	divu	a4,a4,a1
200108f4:	00e6f563          	bgeu	a3,a4,200108fe <w25q128jw_init+0x18a>
200108f8:	0785                	addi	a5,a5,1
 */
static inline __attribute__((always_inline)) __attribute__((const))
uint32_t spi_create_configopts(const spi_configopts_t configopts)
{
    uint32_t conf_reg = 0;
    conf_reg = bitfield_write(conf_reg, SPI_HOST_CONFIGOPTS_0_CLKDIV_0_MASK, 
200108fa:	07c2                	slli	a5,a5,0x10
200108fc:	83c1                	srli	a5,a5,0x10
200108fe:	8e5d                	or	a2,a2,a5
20010900:	bd6d                	j	200107ba <w25q128jw_init+0x46>

20010902 <w25q128jw_read_quad>:

    // Note: In bare-metal RISC-V SRAM, 0x00000000 is valid RAM start address (not NULL pointer).
    // (void)data;

    // Check if length is 0
    if (length <= 0) return FLASH_ERROR;
20010902:	ca09                	beqz	a2,20010914 <w25q128jw_read_quad+0x12>

    // Check if current address + length is out of range
    if (addr + length > MAX_FLASH_ADDR) return FLASH_ERROR;
20010904:	00c507b3          	add	a5,a0,a2
20010908:	8fc9                	or	a5,a5,a0
2001090a:	01000737          	lui	a4,0x1000
2001090e:	00e7f363          	bgeu	a5,a4,20010914 <w25q128jw_read_quad+0x12>
20010912:	b329                	j	2001061c <w25q128jw_read_quad.part.0>
}
20010914:	4505                	li	a0,1
20010916:	8082                	ret

20010918 <fic_irq_dma_window>:
/*                           EXPORTED FUNCTIONS                             */
/**                                                                        **/
/****************************************************************************/

void fic_irq_dma_window(void)
{
20010918:	1101                	addi	sp,sp,-32
2001091a:	ce06                	sw	ra,28(sp)
2001091c:	cc22                	sw	s0,24(sp)
2001091e:	1000                	addi	s0,sp,32
     * Find out which channel raised the interrupt and call
     * either the weak implementation provided in this module,
     * or the non-weak implementation.
     */

    for (int i = 0; i < DMA_CH_NUM; i++)
20010920:	fe042623          	sw	zero,-20(s0)
20010924:	a815                	j	20010958 <fic_irq_dma_window+0x40>
    {
        if (dma_subsys_per[i].peri->WINDOW_IFR == 1)
20010926:	a4418693          	addi	a3,gp,-1468 # 20244 <dma_subsys_per>
2001092a:	fec42703          	lw	a4,-20(s0)
2001092e:	87ba                	mv	a5,a4
20010930:	0786                	slli	a5,a5,0x1
20010932:	97ba                	add	a5,a5,a4
20010934:	078a                	slli	a5,a5,0x2
20010936:	97b6                	add	a5,a5,a3
20010938:	479c                	lw	a5,8(a5)
2001093a:	57b8                	lw	a4,104(a5)
2001093c:	4785                	li	a5,1
2001093e:	00f71863          	bne	a4,a5,2001094e <fic_irq_dma_window+0x36>
        {
            dma_intr_handler_window_done(i);
20010942:	fec42783          	lw	a5,-20(s0)
20010946:	0ff7f793          	zext.b	a5,a5
2001094a:	853e                	mv	a0,a5
2001094c:	2045                	jal	200109ec <dma_intr_handler_window_done>
    for (int i = 0; i < DMA_CH_NUM; i++)
2001094e:	fec42783          	lw	a5,-20(s0)
20010952:	0785                	addi	a5,a5,1
20010954:	fef42623          	sw	a5,-20(s0)
20010958:	fec42703          	lw	a4,-20(s0)
2001095c:	478d                	li	a5,3
2001095e:	fce7d4e3          	bge	a5,a4,20010926 <fic_irq_dma_window+0xe>
            #endif

            #endif
        }
    }
    return;
20010962:	0001                	nop
}
20010964:	40f2                	lw	ra,28(sp)
20010966:	4462                	lw	s0,24(sp)
20010968:	6105                	addi	sp,sp,32
2001096a:	8082                	ret

2001096c <fic_irq_dma_done>:

void fic_irq_dma_done(void)
{
2001096c:	1101                	addi	sp,sp,-32
2001096e:	ce06                	sw	ra,28(sp)
20010970:	cc22                	sw	s0,24(sp)
20010972:	1000                	addi	s0,sp,32
     * Find out which channel raised the interrupt and call
     * either the weak implementation provided in this module,
     * or the non-weak implementation.
     */
    
    for (int i = 0; i < DMA_CH_NUM; i++)
20010974:	fe042623          	sw	zero,-20(s0)
20010978:	a0b1                	j	200109c4 <fic_irq_dma_done+0x58>
    {
        if (dma_subsys_per[i].peri->TRANSACTION_IFR == 1)
2001097a:	a4418693          	addi	a3,gp,-1468 # 20244 <dma_subsys_per>
2001097e:	fec42703          	lw	a4,-20(s0)
20010982:	87ba                	mv	a5,a4
20010984:	0786                	slli	a5,a5,0x1
20010986:	97ba                	add	a5,a5,a4
20010988:	078a                	slli	a5,a5,0x2
2001098a:	97b6                	add	a5,a5,a3
2001098c:	479c                	lw	a5,8(a5)
2001098e:	53f8                	lw	a4,100(a5)
20010990:	4785                	li	a5,1
20010992:	02f71463          	bne	a4,a5,200109ba <fic_irq_dma_done+0x4e>
        {
            dma_subsys_per[i].intrFlag = 1;
20010996:	a4418693          	addi	a3,gp,-1468 # 20244 <dma_subsys_per>
2001099a:	fec42703          	lw	a4,-20(s0)
2001099e:	87ba                	mv	a5,a4
200109a0:	0786                	slli	a5,a5,0x1
200109a2:	97ba                	add	a5,a5,a4
200109a4:	078a                	slli	a5,a5,0x2
200109a6:	97b6                	add	a5,a5,a3
200109a8:	4705                	li	a4,1
200109aa:	00e78223          	sb	a4,4(a5)
            dma_intr_handler_trans_done(i);
200109ae:	fec42783          	lw	a5,-20(s0)
200109b2:	0ff7f793          	zext.b	a5,a5
200109b6:	853e                	mv	a0,a5
200109b8:	2005                	jal	200109d8 <dma_intr_handler_trans_done>
    for (int i = 0; i < DMA_CH_NUM; i++)
200109ba:	fec42783          	lw	a5,-20(s0)
200109be:	0785                	addi	a5,a5,1
200109c0:	fef42623          	sw	a5,-20(s0)
200109c4:	fec42703          	lw	a4,-20(s0)
200109c8:	478d                	li	a5,3
200109ca:	fae7d8e3          	bge	a5,a4,2001097a <fic_irq_dma_done+0xe>
            #endif

            #endif
        }
    }
    return;
200109ce:	0001                	nop
}
200109d0:	40f2                	lw	ra,28(sp)
200109d2:	4462                	lw	s0,24(sp)
200109d4:	6105                	addi	sp,sp,32
200109d6:	8082                	ret

200109d8 <dma_intr_handler_trans_done>:
    dma_subsys_per[channel].peri->MODE = DMA_TRANS_MODE_SINGLE;
}


__attribute__((weak, optimize("O0"))) void dma_intr_handler_trans_done(uint8_t channel)
{
200109d8:	1101                	addi	sp,sp,-32
200109da:	ce22                	sw	s0,28(sp)
200109dc:	1000                	addi	s0,sp,32
200109de:	87aa                	mv	a5,a0
200109e0:	fef407a3          	sb	a5,-17(s0)
     * This is a weak implementation.
     * Create your own function called
     * void dma_intr_handler_trans_done()
     * to override this one.
     */
}
200109e4:	0001                	nop
200109e6:	4472                	lw	s0,28(sp)
200109e8:	6105                	addi	sp,sp,32
200109ea:	8082                	ret

200109ec <dma_intr_handler_window_done>:

__attribute__((weak, optimize("O0"))) void dma_intr_handler_window_done(uint8_t channel)
200109ec:	1141                	addi	sp,sp,-16
200109ee:	c622                	sw	s0,12(sp)
200109f0:	0800                	addi	s0,sp,16
200109f2:	87aa                	mv	a5,a0
200109f4:	853e                	mv	a0,a5
200109f6:	4432                	lw	s0,12(sp)
200109f8:	0141                	addi	sp,sp,16
200109fa:	bff9                	j	200109d8 <dma_intr_handler_trans_done>

200109fc <fic_irq_timer_1>:
    fast_intr_ctrl_peri->FAST_INTR_CLEAR = reg;
    return kFastIntrCtrlOk_e;
}

__attribute__((weak, optimize("O0"))) void fic_irq_timer_1(void)
{
200109fc:	1141                	addi	sp,sp,-16
200109fe:	c622                	sw	s0,12(sp)
20010a00:	0800                	addi	s0,sp,16
    /* Users should implement their non-weak version */
}
20010a02:	0001                	nop
20010a04:	4432                	lw	s0,12(sp)
20010a06:	0141                	addi	sp,sp,16
20010a08:	8082                	ret

20010a0a <fic_irq_timer_2>:

__attribute__((weak, optimize("O0"))) void fic_irq_timer_2(void)
20010a0a:	1141                	addi	sp,sp,-16
20010a0c:	c622                	sw	s0,12(sp)
20010a0e:	0800                	addi	s0,sp,16
20010a10:	4432                	lw	s0,12(sp)
20010a12:	0141                	addi	sp,sp,16
20010a14:	b7e5                	j	200109fc <fic_irq_timer_1>

20010a16 <fic_irq_timer_3>:
{
    /* Users should implement their non-weak version */
}

__attribute__((weak, optimize("O0"))) void fic_irq_timer_3(void)
20010a16:	1141                	addi	sp,sp,-16
20010a18:	c622                	sw	s0,12(sp)
20010a1a:	0800                	addi	s0,sp,16
20010a1c:	4432                	lw	s0,12(sp)
20010a1e:	0141                	addi	sp,sp,16
20010a20:	bff1                	j	200109fc <fic_irq_timer_1>

20010a22 <fic_irq_gpio_0>:
__attribute__((weak, optimize("O0"))) void fic_irq_spi_flash(void)
{
    /* Users should implement their non-weak version */
}

__attribute__((weak, optimize("O0"))) void fic_irq_gpio_0(void)
20010a22:	1141                	addi	sp,sp,-16
20010a24:	c622                	sw	s0,12(sp)
20010a26:	0800                	addi	s0,sp,16
20010a28:	4432                	lw	s0,12(sp)
20010a2a:	0141                	addi	sp,sp,16
20010a2c:	bfc1                	j	200109fc <fic_irq_timer_1>

20010a2e <fic_irq_gpio_1>:
{
    /* Users should implement their non-weak version */
}

__attribute__((weak, optimize("O0"))) void fic_irq_gpio_1(void)
20010a2e:	1141                	addi	sp,sp,-16
20010a30:	c622                	sw	s0,12(sp)
20010a32:	0800                	addi	s0,sp,16
20010a34:	4432                	lw	s0,12(sp)
20010a36:	0141                	addi	sp,sp,16
20010a38:	b7d1                	j	200109fc <fic_irq_timer_1>

20010a3a <fic_irq_gpio_2>:
{
    /* Users should implement their non-weak version */
}

__attribute__((weak, optimize("O0"))) void fic_irq_gpio_2(void)
20010a3a:	1141                	addi	sp,sp,-16
20010a3c:	c622                	sw	s0,12(sp)
20010a3e:	0800                	addi	s0,sp,16
20010a40:	4432                	lw	s0,12(sp)
20010a42:	0141                	addi	sp,sp,16
20010a44:	bf65                	j	200109fc <fic_irq_timer_1>

20010a46 <fic_irq_gpio_3>:
{
    /* Users should implement their non-weak version */
}

__attribute__((weak, optimize("O0"))) void fic_irq_gpio_3(void)
20010a46:	1141                	addi	sp,sp,-16
20010a48:	c622                	sw	s0,12(sp)
20010a4a:	0800                	addi	s0,sp,16
20010a4c:	4432                	lw	s0,12(sp)
20010a4e:	0141                	addi	sp,sp,16
20010a50:	b775                	j	200109fc <fic_irq_timer_1>

20010a52 <fic_irq_gpio_4>:
{
    /* Users should implement their non-weak version */
}

__attribute__((weak, optimize("O0"))) void fic_irq_gpio_4(void)
20010a52:	1141                	addi	sp,sp,-16
20010a54:	c622                	sw	s0,12(sp)
20010a56:	0800                	addi	s0,sp,16
20010a58:	4432                	lw	s0,12(sp)
20010a5a:	0141                	addi	sp,sp,16
20010a5c:	b745                	j	200109fc <fic_irq_timer_1>

20010a5e <fic_irq_gpio_5>:
{
    /* Users should implement their non-weak version */
}

__attribute__((weak, optimize("O0"))) void fic_irq_gpio_5(void)
20010a5e:	1141                	addi	sp,sp,-16
20010a60:	c622                	sw	s0,12(sp)
20010a62:	0800                	addi	s0,sp,16
20010a64:	4432                	lw	s0,12(sp)
20010a66:	0141                	addi	sp,sp,16
20010a68:	bf51                	j	200109fc <fic_irq_timer_1>

20010a6a <fic_irq_gpio_6>:
{
    /* Users should implement their non-weak version */
}

__attribute__((weak, optimize("O0"))) void fic_irq_gpio_6(void)
20010a6a:	1141                	addi	sp,sp,-16
20010a6c:	c622                	sw	s0,12(sp)
20010a6e:	0800                	addi	s0,sp,16
20010a70:	4432                	lw	s0,12(sp)
20010a72:	0141                	addi	sp,sp,16
20010a74:	b761                	j	200109fc <fic_irq_timer_1>

20010a76 <fic_irq_gpio_7>:
{
    /* Users should implement their non-weak version */
}

__attribute__((weak, optimize("O0"))) void fic_irq_gpio_7(void)
20010a76:	1141                	addi	sp,sp,-16
20010a78:	c622                	sw	s0,12(sp)
20010a7a:	0800                	addi	s0,sp,16
20010a7c:	4432                	lw	s0,12(sp)
20010a7e:	0141                	addi	sp,sp,16
20010a80:	bfb5                	j	200109fc <fic_irq_timer_1>

20010a82 <enable_fast_interrupt>:
    uint32_t reg = fast_intr_ctrl_peri->FAST_INTR_ENABLE;
20010a82:	20060737          	lui	a4,0x20060
20010a86:	4714                	lw	a3,8(a4)
  bitfield &= ~(field.mask << field.index);
20010a88:	4785                	li	a5,1
20010a8a:	00a797b3          	sll	a5,a5,a0
20010a8e:	fff7c793          	not	a5,a5
  return bitfield_field32_write(bitfield, bitfield_bit32_to_field32(bit_index),
20010a92:	00b035b3          	snez	a1,a1
  bitfield &= ~(field.mask << field.index);
20010a96:	8ff5                	and	a5,a5,a3
  bitfield |= (value & field.mask) << field.index;
20010a98:	00a595b3          	sll	a1,a1,a0
20010a9c:	8ddd                	or	a1,a1,a5
    fast_intr_ctrl_peri->FAST_INTR_ENABLE = reg;
20010a9e:	c70c                	sw	a1,8(a4)
}
20010aa0:	4501                	li	a0,0
20010aa2:	8082                	ret

20010aa4 <handler_irq_fast_timer_1>:
/*                            LOCAL FUNCTIONS                               */
/**                                                                        **/
/****************************************************************************/

void handler_irq_fast_timer_1(void)
{
20010aa4:	7139                	addi	sp,sp,-64
20010aa6:	ce3a                	sw	a4,28(sp)
20010aa8:	cc3e                	sw	a5,24(sp)
20010aaa:	de06                	sw	ra,60(sp)
20010aac:	dc16                	sw	t0,56(sp)
20010aae:	da1a                	sw	t1,52(sp)
20010ab0:	d81e                	sw	t2,48(sp)
20010ab2:	d62a                	sw	a0,44(sp)
20010ab4:	d42e                	sw	a1,40(sp)
20010ab6:	d232                	sw	a2,36(sp)
20010ab8:	d036                	sw	a3,32(sp)
20010aba:	ca42                	sw	a6,20(sp)
20010abc:	c846                	sw	a7,16(sp)
20010abe:	c672                	sw	t3,12(sp)
20010ac0:	c476                	sw	t4,8(sp)
20010ac2:	c27a                	sw	t5,4(sp)
20010ac4:	c07e                	sw	t6,0(sp)
    fast_intr_ctrl_peri->FAST_INTR_CLEAR = reg;
20010ac6:	200607b7          	lui	a5,0x20060
20010aca:	4705                	li	a4,1
20010acc:	c3d8                	sw	a4,4(a5)
    // The interrupt is cleared.
    clear_fast_interrupt(kTimer_1_fic_e);
    // call the weak fic handler
    fic_irq_timer_1();
20010ace:	373d                	jal	200109fc <fic_irq_timer_1>
}
20010ad0:	50f2                	lw	ra,60(sp)
20010ad2:	52e2                	lw	t0,56(sp)
20010ad4:	5352                	lw	t1,52(sp)
20010ad6:	53c2                	lw	t2,48(sp)
20010ad8:	5532                	lw	a0,44(sp)
20010ada:	55a2                	lw	a1,40(sp)
20010adc:	5612                	lw	a2,36(sp)
20010ade:	5682                	lw	a3,32(sp)
20010ae0:	4772                	lw	a4,28(sp)
20010ae2:	47e2                	lw	a5,24(sp)
20010ae4:	4852                	lw	a6,20(sp)
20010ae6:	48c2                	lw	a7,16(sp)
20010ae8:	4e32                	lw	t3,12(sp)
20010aea:	4ea2                	lw	t4,8(sp)
20010aec:	4f12                	lw	t5,4(sp)
20010aee:	4f82                	lw	t6,0(sp)
20010af0:	6121                	addi	sp,sp,64
20010af2:	30200073          	mret
	...

20010af8 <handler_irq_fast_timer_2>:

void handler_irq_fast_timer_2(void)
{
20010af8:	7139                	addi	sp,sp,-64
20010afa:	ce3a                	sw	a4,28(sp)
20010afc:	cc3e                	sw	a5,24(sp)
20010afe:	de06                	sw	ra,60(sp)
20010b00:	dc16                	sw	t0,56(sp)
20010b02:	da1a                	sw	t1,52(sp)
20010b04:	d81e                	sw	t2,48(sp)
20010b06:	d62a                	sw	a0,44(sp)
20010b08:	d42e                	sw	a1,40(sp)
20010b0a:	d232                	sw	a2,36(sp)
20010b0c:	d036                	sw	a3,32(sp)
20010b0e:	ca42                	sw	a6,20(sp)
20010b10:	c846                	sw	a7,16(sp)
20010b12:	c672                	sw	t3,12(sp)
20010b14:	c476                	sw	t4,8(sp)
20010b16:	c27a                	sw	t5,4(sp)
20010b18:	c07e                	sw	t6,0(sp)
    fast_intr_ctrl_peri->FAST_INTR_CLEAR = reg;
20010b1a:	200607b7          	lui	a5,0x20060
20010b1e:	4709                	li	a4,2
20010b20:	c3d8                	sw	a4,4(a5)
    // The interrupt is cleared.
    clear_fast_interrupt(kTimer_2_fic_e);
    // call the weak fic handler
    fic_irq_timer_2();
20010b22:	35e5                	jal	20010a0a <fic_irq_timer_2>
}
20010b24:	50f2                	lw	ra,60(sp)
20010b26:	52e2                	lw	t0,56(sp)
20010b28:	5352                	lw	t1,52(sp)
20010b2a:	53c2                	lw	t2,48(sp)
20010b2c:	5532                	lw	a0,44(sp)
20010b2e:	55a2                	lw	a1,40(sp)
20010b30:	5612                	lw	a2,36(sp)
20010b32:	5682                	lw	a3,32(sp)
20010b34:	4772                	lw	a4,28(sp)
20010b36:	47e2                	lw	a5,24(sp)
20010b38:	4852                	lw	a6,20(sp)
20010b3a:	48c2                	lw	a7,16(sp)
20010b3c:	4e32                	lw	t3,12(sp)
20010b3e:	4ea2                	lw	t4,8(sp)
20010b40:	4f12                	lw	t5,4(sp)
20010b42:	4f82                	lw	t6,0(sp)
20010b44:	6121                	addi	sp,sp,64
20010b46:	30200073          	mret
	...

20010b4c <handler_irq_fast_timer_3>:

void handler_irq_fast_timer_3(void)
{
20010b4c:	7139                	addi	sp,sp,-64
20010b4e:	ce3a                	sw	a4,28(sp)
20010b50:	cc3e                	sw	a5,24(sp)
20010b52:	de06                	sw	ra,60(sp)
20010b54:	dc16                	sw	t0,56(sp)
20010b56:	da1a                	sw	t1,52(sp)
20010b58:	d81e                	sw	t2,48(sp)
20010b5a:	d62a                	sw	a0,44(sp)
20010b5c:	d42e                	sw	a1,40(sp)
20010b5e:	d232                	sw	a2,36(sp)
20010b60:	d036                	sw	a3,32(sp)
20010b62:	ca42                	sw	a6,20(sp)
20010b64:	c846                	sw	a7,16(sp)
20010b66:	c672                	sw	t3,12(sp)
20010b68:	c476                	sw	t4,8(sp)
20010b6a:	c27a                	sw	t5,4(sp)
20010b6c:	c07e                	sw	t6,0(sp)
    fast_intr_ctrl_peri->FAST_INTR_CLEAR = reg;
20010b6e:	200607b7          	lui	a5,0x20060
20010b72:	4711                	li	a4,4
20010b74:	c3d8                	sw	a4,4(a5)
    // The interrupt is cleared.
    clear_fast_interrupt(kTimer_3_fic_e);
    // call the weak fic handler
    fic_irq_timer_3();
20010b76:	3545                	jal	20010a16 <fic_irq_timer_3>
}
20010b78:	50f2                	lw	ra,60(sp)
20010b7a:	52e2                	lw	t0,56(sp)
20010b7c:	5352                	lw	t1,52(sp)
20010b7e:	53c2                	lw	t2,48(sp)
20010b80:	5532                	lw	a0,44(sp)
20010b82:	55a2                	lw	a1,40(sp)
20010b84:	5612                	lw	a2,36(sp)
20010b86:	5682                	lw	a3,32(sp)
20010b88:	4772                	lw	a4,28(sp)
20010b8a:	47e2                	lw	a5,24(sp)
20010b8c:	4852                	lw	a6,20(sp)
20010b8e:	48c2                	lw	a7,16(sp)
20010b90:	4e32                	lw	t3,12(sp)
20010b92:	4ea2                	lw	t4,8(sp)
20010b94:	4f12                	lw	t5,4(sp)
20010b96:	4f82                	lw	t6,0(sp)
20010b98:	6121                	addi	sp,sp,64
20010b9a:	30200073          	mret
	...

20010ba0 <handler_irq_fast_dma_done>:

void handler_irq_fast_dma_done(void)
{
20010ba0:	7139                	addi	sp,sp,-64
20010ba2:	ce3a                	sw	a4,28(sp)
20010ba4:	cc3e                	sw	a5,24(sp)
20010ba6:	de06                	sw	ra,60(sp)
20010ba8:	dc16                	sw	t0,56(sp)
20010baa:	da1a                	sw	t1,52(sp)
20010bac:	d81e                	sw	t2,48(sp)
20010bae:	d62a                	sw	a0,44(sp)
20010bb0:	d42e                	sw	a1,40(sp)
20010bb2:	d232                	sw	a2,36(sp)
20010bb4:	d036                	sw	a3,32(sp)
20010bb6:	ca42                	sw	a6,20(sp)
20010bb8:	c846                	sw	a7,16(sp)
20010bba:	c672                	sw	t3,12(sp)
20010bbc:	c476                	sw	t4,8(sp)
20010bbe:	c27a                	sw	t5,4(sp)
20010bc0:	c07e                	sw	t6,0(sp)
    fast_intr_ctrl_peri->FAST_INTR_CLEAR = reg;
20010bc2:	200607b7          	lui	a5,0x20060
20010bc6:	4721                	li	a4,8
20010bc8:	c3d8                	sw	a4,4(a5)
    // The interrupt is cleared.
    clear_fast_interrupt(kDma_done_fic_e);
    // call the weak fic handler
    fic_irq_dma_done();
20010bca:	334d                	jal	2001096c <fic_irq_dma_done>
}
20010bcc:	50f2                	lw	ra,60(sp)
20010bce:	52e2                	lw	t0,56(sp)
20010bd0:	5352                	lw	t1,52(sp)
20010bd2:	53c2                	lw	t2,48(sp)
20010bd4:	5532                	lw	a0,44(sp)
20010bd6:	55a2                	lw	a1,40(sp)
20010bd8:	5612                	lw	a2,36(sp)
20010bda:	5682                	lw	a3,32(sp)
20010bdc:	4772                	lw	a4,28(sp)
20010bde:	47e2                	lw	a5,24(sp)
20010be0:	4852                	lw	a6,20(sp)
20010be2:	48c2                	lw	a7,16(sp)
20010be4:	4e32                	lw	t3,12(sp)
20010be6:	4ea2                	lw	t4,8(sp)
20010be8:	4f12                	lw	t5,4(sp)
20010bea:	4f82                	lw	t6,0(sp)
20010bec:	6121                	addi	sp,sp,64
20010bee:	30200073          	mret
	...

20010bf4 <handler_irq_fast_dma_window>:

void handler_irq_fast_dma_window(void)
{
20010bf4:	7139                	addi	sp,sp,-64
20010bf6:	ce3a                	sw	a4,28(sp)
20010bf8:	cc3e                	sw	a5,24(sp)
20010bfa:	de06                	sw	ra,60(sp)
20010bfc:	dc16                	sw	t0,56(sp)
20010bfe:	da1a                	sw	t1,52(sp)
20010c00:	d81e                	sw	t2,48(sp)
20010c02:	d62a                	sw	a0,44(sp)
20010c04:	d42e                	sw	a1,40(sp)
20010c06:	d232                	sw	a2,36(sp)
20010c08:	d036                	sw	a3,32(sp)
20010c0a:	ca42                	sw	a6,20(sp)
20010c0c:	c846                	sw	a7,16(sp)
20010c0e:	c672                	sw	t3,12(sp)
20010c10:	c476                	sw	t4,8(sp)
20010c12:	c27a                	sw	t5,4(sp)
20010c14:	c07e                	sw	t6,0(sp)
    fast_intr_ctrl_peri->FAST_INTR_CLEAR = reg;
20010c16:	200607b7          	lui	a5,0x20060
20010c1a:	6711                	lui	a4,0x4
20010c1c:	c3d8                	sw	a4,4(a5)
    // The interrupt is cleared.
    clear_fast_interrupt(kDma_window_fic_e);
    // call the weak fic handler
    fic_irq_dma_window();
20010c1e:	39ed                	jal	20010918 <fic_irq_dma_window>
}
20010c20:	50f2                	lw	ra,60(sp)
20010c22:	52e2                	lw	t0,56(sp)
20010c24:	5352                	lw	t1,52(sp)
20010c26:	53c2                	lw	t2,48(sp)
20010c28:	5532                	lw	a0,44(sp)
20010c2a:	55a2                	lw	a1,40(sp)
20010c2c:	5612                	lw	a2,36(sp)
20010c2e:	5682                	lw	a3,32(sp)
20010c30:	4772                	lw	a4,28(sp)
20010c32:	47e2                	lw	a5,24(sp)
20010c34:	4852                	lw	a6,20(sp)
20010c36:	48c2                	lw	a7,16(sp)
20010c38:	4e32                	lw	t3,12(sp)
20010c3a:	4ea2                	lw	t4,8(sp)
20010c3c:	4f12                	lw	t5,4(sp)
20010c3e:	4f82                	lw	t6,0(sp)
20010c40:	6121                	addi	sp,sp,64
20010c42:	30200073          	mret
	...

20010c48 <handler_irq_fast_external_peripheral>:

void handler_irq_fast_external_peripheral(void)
{
20010c48:	7139                	addi	sp,sp,-64
20010c4a:	ce3a                	sw	a4,28(sp)
20010c4c:	cc3e                	sw	a5,24(sp)
20010c4e:	de06                	sw	ra,60(sp)
20010c50:	dc16                	sw	t0,56(sp)
20010c52:	da1a                	sw	t1,52(sp)
20010c54:	d81e                	sw	t2,48(sp)
20010c56:	d62a                	sw	a0,44(sp)
20010c58:	d42e                	sw	a1,40(sp)
20010c5a:	d232                	sw	a2,36(sp)
20010c5c:	d036                	sw	a3,32(sp)
20010c5e:	ca42                	sw	a6,20(sp)
20010c60:	c846                	sw	a7,16(sp)
20010c62:	c672                	sw	t3,12(sp)
20010c64:	c476                	sw	t4,8(sp)
20010c66:	c27a                	sw	t5,4(sp)
20010c68:	c07e                	sw	t6,0(sp)
    fast_intr_ctrl_peri->FAST_INTR_CLEAR = reg;
20010c6a:	200607b7          	lui	a5,0x20060
20010c6e:	6721                	lui	a4,0x8
20010c70:	c3d8                	sw	a4,4(a5)
    // The interrupt is cleared.
    clear_fast_interrupt(kExt_peri_fic_e);
    // call the weak fic handler
    fic_irq_ext_peripheral();
20010c72:	d58ff0ef          	jal	ra,200101ca <fic_irq_ext_peripheral>
}
20010c76:	50f2                	lw	ra,60(sp)
20010c78:	52e2                	lw	t0,56(sp)
20010c7a:	5352                	lw	t1,52(sp)
20010c7c:	53c2                	lw	t2,48(sp)
20010c7e:	5532                	lw	a0,44(sp)
20010c80:	55a2                	lw	a1,40(sp)
20010c82:	5612                	lw	a2,36(sp)
20010c84:	5682                	lw	a3,32(sp)
20010c86:	4772                	lw	a4,28(sp)
20010c88:	47e2                	lw	a5,24(sp)
20010c8a:	4852                	lw	a6,20(sp)
20010c8c:	48c2                	lw	a7,16(sp)
20010c8e:	4e32                	lw	t3,12(sp)
20010c90:	4ea2                	lw	t4,8(sp)
20010c92:	4f12                	lw	t5,4(sp)
20010c94:	4f82                	lw	t6,0(sp)
20010c96:	6121                	addi	sp,sp,64
20010c98:	30200073          	mret
20010c9c:	0000                	unimp
	...

20010ca0 <handler_irq_fast_spi>:

void handler_irq_fast_spi(void)
{
20010ca0:	7139                	addi	sp,sp,-64
20010ca2:	ce3a                	sw	a4,28(sp)
20010ca4:	cc3e                	sw	a5,24(sp)
20010ca6:	de06                	sw	ra,60(sp)
20010ca8:	dc16                	sw	t0,56(sp)
20010caa:	da1a                	sw	t1,52(sp)
20010cac:	d81e                	sw	t2,48(sp)
20010cae:	d62a                	sw	a0,44(sp)
20010cb0:	d42e                	sw	a1,40(sp)
20010cb2:	d232                	sw	a2,36(sp)
20010cb4:	d036                	sw	a3,32(sp)
20010cb6:	ca42                	sw	a6,20(sp)
20010cb8:	c846                	sw	a7,16(sp)
20010cba:	c672                	sw	t3,12(sp)
20010cbc:	c476                	sw	t4,8(sp)
20010cbe:	c27a                	sw	t5,4(sp)
20010cc0:	c07e                	sw	t6,0(sp)
    fast_intr_ctrl_peri->FAST_INTR_CLEAR = reg;
20010cc2:	200607b7          	lui	a5,0x20060
20010cc6:	4741                	li	a4,16
20010cc8:	c3d8                	sw	a4,4(a5)
    // The interrupt is cleared.
    clear_fast_interrupt(kSpi_fic_e);
    // call the weak fic handler
    fic_irq_spi();
20010cca:	2be5                	jal	200112c2 <fic_irq_spi>
}
20010ccc:	50f2                	lw	ra,60(sp)
20010cce:	52e2                	lw	t0,56(sp)
20010cd0:	5352                	lw	t1,52(sp)
20010cd2:	53c2                	lw	t2,48(sp)
20010cd4:	5532                	lw	a0,44(sp)
20010cd6:	55a2                	lw	a1,40(sp)
20010cd8:	5612                	lw	a2,36(sp)
20010cda:	5682                	lw	a3,32(sp)
20010cdc:	4772                	lw	a4,28(sp)
20010cde:	47e2                	lw	a5,24(sp)
20010ce0:	4852                	lw	a6,20(sp)
20010ce2:	48c2                	lw	a7,16(sp)
20010ce4:	4e32                	lw	t3,12(sp)
20010ce6:	4ea2                	lw	t4,8(sp)
20010ce8:	4f12                	lw	t5,4(sp)
20010cea:	4f82                	lw	t6,0(sp)
20010cec:	6121                	addi	sp,sp,64
20010cee:	30200073          	mret
	...

20010cf4 <handler_irq_fast_spi_flash>:

void handler_irq_fast_spi_flash(void)
{
20010cf4:	7139                	addi	sp,sp,-64
20010cf6:	ce3a                	sw	a4,28(sp)
20010cf8:	cc3e                	sw	a5,24(sp)
20010cfa:	de06                	sw	ra,60(sp)
20010cfc:	dc16                	sw	t0,56(sp)
20010cfe:	da1a                	sw	t1,52(sp)
20010d00:	d81e                	sw	t2,48(sp)
20010d02:	d62a                	sw	a0,44(sp)
20010d04:	d42e                	sw	a1,40(sp)
20010d06:	d232                	sw	a2,36(sp)
20010d08:	d036                	sw	a3,32(sp)
20010d0a:	ca42                	sw	a6,20(sp)
20010d0c:	c846                	sw	a7,16(sp)
20010d0e:	c672                	sw	t3,12(sp)
20010d10:	c476                	sw	t4,8(sp)
20010d12:	c27a                	sw	t5,4(sp)
20010d14:	c07e                	sw	t6,0(sp)
    fast_intr_ctrl_peri->FAST_INTR_CLEAR = reg;
20010d16:	200607b7          	lui	a5,0x20060
20010d1a:	02000713          	li	a4,32
20010d1e:	c3d8                	sw	a4,4(a5)
    // The interrupt is cleared.
    clear_fast_interrupt(kSpiFlash_fic_e);
    // call the weak fic handler
    fic_irq_spi_flash();
20010d20:	23f1                	jal	200112ec <fic_irq_spi_flash>
}
20010d22:	50f2                	lw	ra,60(sp)
20010d24:	52e2                	lw	t0,56(sp)
20010d26:	5352                	lw	t1,52(sp)
20010d28:	53c2                	lw	t2,48(sp)
20010d2a:	5532                	lw	a0,44(sp)
20010d2c:	55a2                	lw	a1,40(sp)
20010d2e:	5612                	lw	a2,36(sp)
20010d30:	5682                	lw	a3,32(sp)
20010d32:	4772                	lw	a4,28(sp)
20010d34:	47e2                	lw	a5,24(sp)
20010d36:	4852                	lw	a6,20(sp)
20010d38:	48c2                	lw	a7,16(sp)
20010d3a:	4e32                	lw	t3,12(sp)
20010d3c:	4ea2                	lw	t4,8(sp)
20010d3e:	4f12                	lw	t5,4(sp)
20010d40:	4f82                	lw	t6,0(sp)
20010d42:	6121                	addi	sp,sp,64
20010d44:	30200073          	mret

20010d48 <handler_irq_fast_gpio_0>:

void handler_irq_fast_gpio_0(void)
{
20010d48:	7139                	addi	sp,sp,-64
20010d4a:	ce3a                	sw	a4,28(sp)
20010d4c:	cc3e                	sw	a5,24(sp)
20010d4e:	de06                	sw	ra,60(sp)
20010d50:	dc16                	sw	t0,56(sp)
20010d52:	da1a                	sw	t1,52(sp)
20010d54:	d81e                	sw	t2,48(sp)
20010d56:	d62a                	sw	a0,44(sp)
20010d58:	d42e                	sw	a1,40(sp)
20010d5a:	d232                	sw	a2,36(sp)
20010d5c:	d036                	sw	a3,32(sp)
20010d5e:	ca42                	sw	a6,20(sp)
20010d60:	c846                	sw	a7,16(sp)
20010d62:	c672                	sw	t3,12(sp)
20010d64:	c476                	sw	t4,8(sp)
20010d66:	c27a                	sw	t5,4(sp)
20010d68:	c07e                	sw	t6,0(sp)
    fast_intr_ctrl_peri->FAST_INTR_CLEAR = reg;
20010d6a:	200607b7          	lui	a5,0x20060
20010d6e:	04000713          	li	a4,64
20010d72:	c3d8                	sw	a4,4(a5)
    // The interrupt is cleared.
    clear_fast_interrupt(kGpio_0_fic_e);
    // call the weak fic handler
    fic_irq_gpio_0();
20010d74:	317d                	jal	20010a22 <fic_irq_gpio_0>
}
20010d76:	50f2                	lw	ra,60(sp)
20010d78:	52e2                	lw	t0,56(sp)
20010d7a:	5352                	lw	t1,52(sp)
20010d7c:	53c2                	lw	t2,48(sp)
20010d7e:	5532                	lw	a0,44(sp)
20010d80:	55a2                	lw	a1,40(sp)
20010d82:	5612                	lw	a2,36(sp)
20010d84:	5682                	lw	a3,32(sp)
20010d86:	4772                	lw	a4,28(sp)
20010d88:	47e2                	lw	a5,24(sp)
20010d8a:	4852                	lw	a6,20(sp)
20010d8c:	48c2                	lw	a7,16(sp)
20010d8e:	4e32                	lw	t3,12(sp)
20010d90:	4ea2                	lw	t4,8(sp)
20010d92:	4f12                	lw	t5,4(sp)
20010d94:	4f82                	lw	t6,0(sp)
20010d96:	6121                	addi	sp,sp,64
20010d98:	30200073          	mret

20010d9c <handler_irq_fast_gpio_1>:

void handler_irq_fast_gpio_1(void)
{
20010d9c:	7139                	addi	sp,sp,-64
20010d9e:	ce3a                	sw	a4,28(sp)
20010da0:	cc3e                	sw	a5,24(sp)
20010da2:	de06                	sw	ra,60(sp)
20010da4:	dc16                	sw	t0,56(sp)
20010da6:	da1a                	sw	t1,52(sp)
20010da8:	d81e                	sw	t2,48(sp)
20010daa:	d62a                	sw	a0,44(sp)
20010dac:	d42e                	sw	a1,40(sp)
20010dae:	d232                	sw	a2,36(sp)
20010db0:	d036                	sw	a3,32(sp)
20010db2:	ca42                	sw	a6,20(sp)
20010db4:	c846                	sw	a7,16(sp)
20010db6:	c672                	sw	t3,12(sp)
20010db8:	c476                	sw	t4,8(sp)
20010dba:	c27a                	sw	t5,4(sp)
20010dbc:	c07e                	sw	t6,0(sp)
    fast_intr_ctrl_peri->FAST_INTR_CLEAR = reg;
20010dbe:	200607b7          	lui	a5,0x20060
20010dc2:	08000713          	li	a4,128
20010dc6:	c3d8                	sw	a4,4(a5)
    // The interrupt is cleared.
    clear_fast_interrupt(kGpio_1_fic_e);
    // call the weak fic handler
    fic_irq_gpio_1();
20010dc8:	319d                	jal	20010a2e <fic_irq_gpio_1>
}
20010dca:	50f2                	lw	ra,60(sp)
20010dcc:	52e2                	lw	t0,56(sp)
20010dce:	5352                	lw	t1,52(sp)
20010dd0:	53c2                	lw	t2,48(sp)
20010dd2:	5532                	lw	a0,44(sp)
20010dd4:	55a2                	lw	a1,40(sp)
20010dd6:	5612                	lw	a2,36(sp)
20010dd8:	5682                	lw	a3,32(sp)
20010dda:	4772                	lw	a4,28(sp)
20010ddc:	47e2                	lw	a5,24(sp)
20010dde:	4852                	lw	a6,20(sp)
20010de0:	48c2                	lw	a7,16(sp)
20010de2:	4e32                	lw	t3,12(sp)
20010de4:	4ea2                	lw	t4,8(sp)
20010de6:	4f12                	lw	t5,4(sp)
20010de8:	4f82                	lw	t6,0(sp)
20010dea:	6121                	addi	sp,sp,64
20010dec:	30200073          	mret

20010df0 <handler_irq_fast_gpio_2>:

void handler_irq_fast_gpio_2(void)
{
20010df0:	7139                	addi	sp,sp,-64
20010df2:	ce3a                	sw	a4,28(sp)
20010df4:	cc3e                	sw	a5,24(sp)
20010df6:	de06                	sw	ra,60(sp)
20010df8:	dc16                	sw	t0,56(sp)
20010dfa:	da1a                	sw	t1,52(sp)
20010dfc:	d81e                	sw	t2,48(sp)
20010dfe:	d62a                	sw	a0,44(sp)
20010e00:	d42e                	sw	a1,40(sp)
20010e02:	d232                	sw	a2,36(sp)
20010e04:	d036                	sw	a3,32(sp)
20010e06:	ca42                	sw	a6,20(sp)
20010e08:	c846                	sw	a7,16(sp)
20010e0a:	c672                	sw	t3,12(sp)
20010e0c:	c476                	sw	t4,8(sp)
20010e0e:	c27a                	sw	t5,4(sp)
20010e10:	c07e                	sw	t6,0(sp)
    fast_intr_ctrl_peri->FAST_INTR_CLEAR = reg;
20010e12:	200607b7          	lui	a5,0x20060
20010e16:	10000713          	li	a4,256
20010e1a:	c3d8                	sw	a4,4(a5)
    // The interrupt is cleared.
    clear_fast_interrupt(kGpio_2_fic_e);
    // call the weak fic handler
    fic_irq_gpio_2();
20010e1c:	3939                	jal	20010a3a <fic_irq_gpio_2>
}
20010e1e:	50f2                	lw	ra,60(sp)
20010e20:	52e2                	lw	t0,56(sp)
20010e22:	5352                	lw	t1,52(sp)
20010e24:	53c2                	lw	t2,48(sp)
20010e26:	5532                	lw	a0,44(sp)
20010e28:	55a2                	lw	a1,40(sp)
20010e2a:	5612                	lw	a2,36(sp)
20010e2c:	5682                	lw	a3,32(sp)
20010e2e:	4772                	lw	a4,28(sp)
20010e30:	47e2                	lw	a5,24(sp)
20010e32:	4852                	lw	a6,20(sp)
20010e34:	48c2                	lw	a7,16(sp)
20010e36:	4e32                	lw	t3,12(sp)
20010e38:	4ea2                	lw	t4,8(sp)
20010e3a:	4f12                	lw	t5,4(sp)
20010e3c:	4f82                	lw	t6,0(sp)
20010e3e:	6121                	addi	sp,sp,64
20010e40:	30200073          	mret

20010e44 <handler_irq_fast_gpio_3>:

void handler_irq_fast_gpio_3(void)
{
20010e44:	7139                	addi	sp,sp,-64
20010e46:	ce3a                	sw	a4,28(sp)
20010e48:	cc3e                	sw	a5,24(sp)
20010e4a:	de06                	sw	ra,60(sp)
20010e4c:	dc16                	sw	t0,56(sp)
20010e4e:	da1a                	sw	t1,52(sp)
20010e50:	d81e                	sw	t2,48(sp)
20010e52:	d62a                	sw	a0,44(sp)
20010e54:	d42e                	sw	a1,40(sp)
20010e56:	d232                	sw	a2,36(sp)
20010e58:	d036                	sw	a3,32(sp)
20010e5a:	ca42                	sw	a6,20(sp)
20010e5c:	c846                	sw	a7,16(sp)
20010e5e:	c672                	sw	t3,12(sp)
20010e60:	c476                	sw	t4,8(sp)
20010e62:	c27a                	sw	t5,4(sp)
20010e64:	c07e                	sw	t6,0(sp)
    fast_intr_ctrl_peri->FAST_INTR_CLEAR = reg;
20010e66:	200607b7          	lui	a5,0x20060
20010e6a:	20000713          	li	a4,512
20010e6e:	c3d8                	sw	a4,4(a5)
    // The interrupt is cleared.
    clear_fast_interrupt(kGpio_3_fic_e);
    // call the weak fic handler
    fic_irq_gpio_3();
20010e70:	3ed9                	jal	20010a46 <fic_irq_gpio_3>
}
20010e72:	50f2                	lw	ra,60(sp)
20010e74:	52e2                	lw	t0,56(sp)
20010e76:	5352                	lw	t1,52(sp)
20010e78:	53c2                	lw	t2,48(sp)
20010e7a:	5532                	lw	a0,44(sp)
20010e7c:	55a2                	lw	a1,40(sp)
20010e7e:	5612                	lw	a2,36(sp)
20010e80:	5682                	lw	a3,32(sp)
20010e82:	4772                	lw	a4,28(sp)
20010e84:	47e2                	lw	a5,24(sp)
20010e86:	4852                	lw	a6,20(sp)
20010e88:	48c2                	lw	a7,16(sp)
20010e8a:	4e32                	lw	t3,12(sp)
20010e8c:	4ea2                	lw	t4,8(sp)
20010e8e:	4f12                	lw	t5,4(sp)
20010e90:	4f82                	lw	t6,0(sp)
20010e92:	6121                	addi	sp,sp,64
20010e94:	30200073          	mret

20010e98 <handler_irq_fast_gpio_4>:

void handler_irq_fast_gpio_4(void)
{
20010e98:	7139                	addi	sp,sp,-64
20010e9a:	ce3a                	sw	a4,28(sp)
20010e9c:	cc3e                	sw	a5,24(sp)
20010e9e:	de06                	sw	ra,60(sp)
20010ea0:	dc16                	sw	t0,56(sp)
20010ea2:	da1a                	sw	t1,52(sp)
20010ea4:	d81e                	sw	t2,48(sp)
20010ea6:	d62a                	sw	a0,44(sp)
20010ea8:	d42e                	sw	a1,40(sp)
20010eaa:	d232                	sw	a2,36(sp)
20010eac:	d036                	sw	a3,32(sp)
20010eae:	ca42                	sw	a6,20(sp)
20010eb0:	c846                	sw	a7,16(sp)
20010eb2:	c672                	sw	t3,12(sp)
20010eb4:	c476                	sw	t4,8(sp)
20010eb6:	c27a                	sw	t5,4(sp)
20010eb8:	c07e                	sw	t6,0(sp)
    fast_intr_ctrl_peri->FAST_INTR_CLEAR = reg;
20010eba:	200607b7          	lui	a5,0x20060
20010ebe:	40000713          	li	a4,1024
20010ec2:	c3d8                	sw	a4,4(a5)
    // The interrupt is cleared.
    clear_fast_interrupt(kGpio_4_fic_e);
    // call the weak fic handler
    fic_irq_gpio_4();
20010ec4:	3679                	jal	20010a52 <fic_irq_gpio_4>
}
20010ec6:	50f2                	lw	ra,60(sp)
20010ec8:	52e2                	lw	t0,56(sp)
20010eca:	5352                	lw	t1,52(sp)
20010ecc:	53c2                	lw	t2,48(sp)
20010ece:	5532                	lw	a0,44(sp)
20010ed0:	55a2                	lw	a1,40(sp)
20010ed2:	5612                	lw	a2,36(sp)
20010ed4:	5682                	lw	a3,32(sp)
20010ed6:	4772                	lw	a4,28(sp)
20010ed8:	47e2                	lw	a5,24(sp)
20010eda:	4852                	lw	a6,20(sp)
20010edc:	48c2                	lw	a7,16(sp)
20010ede:	4e32                	lw	t3,12(sp)
20010ee0:	4ea2                	lw	t4,8(sp)
20010ee2:	4f12                	lw	t5,4(sp)
20010ee4:	4f82                	lw	t6,0(sp)
20010ee6:	6121                	addi	sp,sp,64
20010ee8:	30200073          	mret

20010eec <handler_irq_fast_gpio_5>:

void handler_irq_fast_gpio_5(void)
{
20010eec:	7139                	addi	sp,sp,-64
20010eee:	cc3e                	sw	a5,24(sp)
    fast_intr_ctrl_peri->FAST_INTR_CLEAR = reg;
20010ef0:	6785                	lui	a5,0x1
{
20010ef2:	ce3a                	sw	a4,28(sp)
20010ef4:	de06                	sw	ra,60(sp)
20010ef6:	dc16                	sw	t0,56(sp)
20010ef8:	da1a                	sw	t1,52(sp)
20010efa:	d81e                	sw	t2,48(sp)
20010efc:	d62a                	sw	a0,44(sp)
20010efe:	d42e                	sw	a1,40(sp)
20010f00:	d232                	sw	a2,36(sp)
20010f02:	d036                	sw	a3,32(sp)
20010f04:	ca42                	sw	a6,20(sp)
20010f06:	c846                	sw	a7,16(sp)
20010f08:	c672                	sw	t3,12(sp)
20010f0a:	c476                	sw	t4,8(sp)
20010f0c:	c27a                	sw	t5,4(sp)
20010f0e:	c07e                	sw	t6,0(sp)
    fast_intr_ctrl_peri->FAST_INTR_CLEAR = reg;
20010f10:	20060737          	lui	a4,0x20060
20010f14:	80078793          	addi	a5,a5,-2048 # 800 <__heap_size>
20010f18:	c35c                	sw	a5,4(a4)
    // The interrupt is cleared.
    clear_fast_interrupt(kGpio_5_fic_e);
    // call the weak fic handler
    fic_irq_gpio_5();
20010f1a:	3691                	jal	20010a5e <fic_irq_gpio_5>
}
20010f1c:	50f2                	lw	ra,60(sp)
20010f1e:	52e2                	lw	t0,56(sp)
20010f20:	5352                	lw	t1,52(sp)
20010f22:	53c2                	lw	t2,48(sp)
20010f24:	5532                	lw	a0,44(sp)
20010f26:	55a2                	lw	a1,40(sp)
20010f28:	5612                	lw	a2,36(sp)
20010f2a:	5682                	lw	a3,32(sp)
20010f2c:	4772                	lw	a4,28(sp)
20010f2e:	47e2                	lw	a5,24(sp)
20010f30:	4852                	lw	a6,20(sp)
20010f32:	48c2                	lw	a7,16(sp)
20010f34:	4e32                	lw	t3,12(sp)
20010f36:	4ea2                	lw	t4,8(sp)
20010f38:	4f12                	lw	t5,4(sp)
20010f3a:	4f82                	lw	t6,0(sp)
20010f3c:	6121                	addi	sp,sp,64
20010f3e:	30200073          	mret
	...

20010f44 <handler_irq_fast_gpio_6>:

void handler_irq_fast_gpio_6(void)
{
20010f44:	7139                	addi	sp,sp,-64
20010f46:	ce3a                	sw	a4,28(sp)
20010f48:	cc3e                	sw	a5,24(sp)
20010f4a:	de06                	sw	ra,60(sp)
20010f4c:	dc16                	sw	t0,56(sp)
20010f4e:	da1a                	sw	t1,52(sp)
20010f50:	d81e                	sw	t2,48(sp)
20010f52:	d62a                	sw	a0,44(sp)
20010f54:	d42e                	sw	a1,40(sp)
20010f56:	d232                	sw	a2,36(sp)
20010f58:	d036                	sw	a3,32(sp)
20010f5a:	ca42                	sw	a6,20(sp)
20010f5c:	c846                	sw	a7,16(sp)
20010f5e:	c672                	sw	t3,12(sp)
20010f60:	c476                	sw	t4,8(sp)
20010f62:	c27a                	sw	t5,4(sp)
20010f64:	c07e                	sw	t6,0(sp)
    fast_intr_ctrl_peri->FAST_INTR_CLEAR = reg;
20010f66:	200607b7          	lui	a5,0x20060
20010f6a:	6705                	lui	a4,0x1
20010f6c:	c3d8                	sw	a4,4(a5)
    // The interrupt is cleared.
    clear_fast_interrupt(kGpio_6_fic_e);
    // call the weak fic handler
    fic_irq_gpio_6();
20010f6e:	3cf5                	jal	20010a6a <fic_irq_gpio_6>
}
20010f70:	50f2                	lw	ra,60(sp)
20010f72:	52e2                	lw	t0,56(sp)
20010f74:	5352                	lw	t1,52(sp)
20010f76:	53c2                	lw	t2,48(sp)
20010f78:	5532                	lw	a0,44(sp)
20010f7a:	55a2                	lw	a1,40(sp)
20010f7c:	5612                	lw	a2,36(sp)
20010f7e:	5682                	lw	a3,32(sp)
20010f80:	4772                	lw	a4,28(sp)
20010f82:	47e2                	lw	a5,24(sp)
20010f84:	4852                	lw	a6,20(sp)
20010f86:	48c2                	lw	a7,16(sp)
20010f88:	4e32                	lw	t3,12(sp)
20010f8a:	4ea2                	lw	t4,8(sp)
20010f8c:	4f12                	lw	t5,4(sp)
20010f8e:	4f82                	lw	t6,0(sp)
20010f90:	6121                	addi	sp,sp,64
20010f92:	30200073          	mret
	...

20010f98 <handler_irq_fast_gpio_7>:

void handler_irq_fast_gpio_7(void)
{
20010f98:	7139                	addi	sp,sp,-64
20010f9a:	ce3a                	sw	a4,28(sp)
20010f9c:	cc3e                	sw	a5,24(sp)
20010f9e:	de06                	sw	ra,60(sp)
20010fa0:	dc16                	sw	t0,56(sp)
20010fa2:	da1a                	sw	t1,52(sp)
20010fa4:	d81e                	sw	t2,48(sp)
20010fa6:	d62a                	sw	a0,44(sp)
20010fa8:	d42e                	sw	a1,40(sp)
20010faa:	d232                	sw	a2,36(sp)
20010fac:	d036                	sw	a3,32(sp)
20010fae:	ca42                	sw	a6,20(sp)
20010fb0:	c846                	sw	a7,16(sp)
20010fb2:	c672                	sw	t3,12(sp)
20010fb4:	c476                	sw	t4,8(sp)
20010fb6:	c27a                	sw	t5,4(sp)
20010fb8:	c07e                	sw	t6,0(sp)
    fast_intr_ctrl_peri->FAST_INTR_CLEAR = reg;
20010fba:	200607b7          	lui	a5,0x20060
20010fbe:	6709                	lui	a4,0x2
20010fc0:	c3d8                	sw	a4,4(a5)
    // The interrupt is cleared.
    clear_fast_interrupt(kGpio_7_fic_e);
    // call the weak fic handler
    fic_irq_gpio_7();
20010fc2:	3c55                	jal	20010a76 <fic_irq_gpio_7>
}
20010fc4:	50f2                	lw	ra,60(sp)
20010fc6:	52e2                	lw	t0,56(sp)
20010fc8:	5352                	lw	t1,52(sp)
20010fca:	53c2                	lw	t2,48(sp)
20010fcc:	5532                	lw	a0,44(sp)
20010fce:	55a2                	lw	a1,40(sp)
20010fd0:	5612                	lw	a2,36(sp)
20010fd2:	5682                	lw	a3,32(sp)
20010fd4:	4772                	lw	a4,28(sp)
20010fd6:	47e2                	lw	a5,24(sp)
20010fd8:	4852                	lw	a6,20(sp)
20010fda:	48c2                	lw	a7,16(sp)
20010fdc:	4e32                	lw	t3,12(sp)
20010fde:	4ea2                	lw	t4,8(sp)
20010fe0:	4f12                	lw	t5,4(sp)
20010fe2:	4f82                	lw	t6,0(sp)
20010fe4:	6121                	addi	sp,sp,64
20010fe6:	30200073          	mret
	...

20010fec <handler_irq_external>:
/*                           EXPORTED FUNCTIONS                             */
/**                                                                        **/
/****************************************************************************/

void handler_irq_external(void)
{
20010fec:	715d                	addi	sp,sp,-80
20010fee:	cc4a                	sw	s2,24(sp)
  if (claim_data == NULL)
  {
    return kPlicBadArg;
  }

  *claim_data = rv_plic_peri->CC0;
20010ff0:	30000937          	lui	s2,0x30000
{
20010ff4:	de26                	sw	s1,60(sp)
  *claim_data = rv_plic_peri->CC0;
20010ff6:	20c92483          	lw	s1,524(s2) # 3000020c <_etext+0xffeccf4>
{
20010ffa:	d23e                	sw	a5,36(sp)
20010ffc:	d43a                	sw	a4,40(sp)
    handlers[int_id](int_id);
20010ffe:	a7418793          	addi	a5,gp,-1420 # 20274 <handlers>
20011002:	00249713          	slli	a4,s1,0x2
20011006:	97ba                	add	a5,a5,a4
20011008:	439c                	lw	a5,0(a5)
{
2001100a:	dc2a                	sw	a0,56(sp)
2001100c:	c686                	sw	ra,76(sp)
2001100e:	c496                	sw	t0,72(sp)
20011010:	c29a                	sw	t1,68(sp)
20011012:	c09e                	sw	t2,64(sp)
20011014:	da2e                	sw	a1,52(sp)
20011016:	d832                	sw	a2,48(sp)
20011018:	d636                	sw	a3,44(sp)
2001101a:	d042                	sw	a6,32(sp)
2001101c:	ce46                	sw	a7,28(sp)
2001101e:	ca72                	sw	t3,20(sp)
20011020:	c876                	sw	t4,16(sp)
20011022:	c67a                	sw	t5,12(sp)
20011024:	c47e                	sw	t6,8(sp)
    handlers[int_id](int_id);
20011026:	8526                	mv	a0,s1
20011028:	9782                	jalr	a5
    return kPlicBadArg;
  }

  // Write back the claimed IRQ ID to the target specific CC register,
  // to notify the PLIC of the IRQ completion.
  rv_plic_peri->CC0 = *complete_data;
2001102a:	20992623          	sw	s1,524(s2)
}
2001102e:	40b6                	lw	ra,76(sp)
20011030:	42a6                	lw	t0,72(sp)
20011032:	4316                	lw	t1,68(sp)
20011034:	4386                	lw	t2,64(sp)
20011036:	54f2                	lw	s1,60(sp)
20011038:	5562                	lw	a0,56(sp)
2001103a:	55d2                	lw	a1,52(sp)
2001103c:	5642                	lw	a2,48(sp)
2001103e:	56b2                	lw	a3,44(sp)
20011040:	5722                	lw	a4,40(sp)
20011042:	5792                	lw	a5,36(sp)
20011044:	5802                	lw	a6,32(sp)
20011046:	48f2                	lw	a7,28(sp)
20011048:	4962                	lw	s2,24(sp)
2001104a:	4e52                	lw	t3,20(sp)
2001104c:	4ec2                	lw	t4,16(sp)
2001104e:	4f32                	lw	t5,12(sp)
20011050:	4fa2                	lw	t6,8(sp)
20011052:	6161                	addi	sp,sp,80
20011054:	30200073          	mret
	...

2001105a <soc_ctrl_set_valid>:

#include "soc_ctrl.h"
#include "soc_ctrl_regs.h"  // Generated.

void soc_ctrl_set_valid(const soc_ctrl_t *soc_ctrl, uint8_t valid) {
  mmio_region_write8(soc_ctrl->base_addr, (ptrdiff_t)(SOC_CTRL_EXIT_VALID_REG_OFFSET), valid);
2001105a:	411c                	lw	a5,0(a0)
 * @param offset the offset to write at, in bytes.
 * @param value the value to write.
 */
static inline void mmio_region_write8(mmio_region_t base, ptrdiff_t offset,
                               uint8_t value) {
  ((volatile uint8_t *)base.base)[offset / sizeof(uint8_t)] = value;
2001105c:	00b78023          	sb	a1,0(a5) # 20060000 <_etext+0x4cae8>
}
20011060:	8082                	ret

20011062 <soc_ctrl_set_exit_value>:

void soc_ctrl_set_exit_value(const soc_ctrl_t *soc_ctrl, uint32_t exit_value) {
  mmio_region_write32(soc_ctrl->base_addr, (ptrdiff_t)(SOC_CTRL_EXIT_VALUE_REG_OFFSET), exit_value);
20011062:	411c                	lw	a5,0(a0)
 * @param offset the offset to write at, in bytes.
 * @param value the value to write.
 */
static inline void mmio_region_write32(mmio_region_t base, ptrdiff_t offset,
                                uint32_t value) {
  ((volatile uint32_t *)base.base)[offset / sizeof(uint32_t)] = value;
20011064:	c3cc                	sw	a1,4(a5)
}
20011066:	8082                	ret

20011068 <soc_ctrl_get_frequency>:

uint32_t soc_ctrl_get_frequency(const soc_ctrl_t *soc_ctrl) {
  return mmio_region_read32(soc_ctrl->base_addr, (ptrdiff_t)(SOC_CTRL_SYSTEM_FREQUENCY_HZ_REG_OFFSET));
20011068:	411c                	lw	a5,0(a0)
  return ((volatile uint32_t *)base.base)[offset / sizeof(uint32_t)];
2001106a:	4fc8                	lw	a0,28(a5)
}
2001106c:	8082                	ret

2001106e <soc_ctrl_select_spi_host>:
  mmio_region_write32(soc_ctrl->base_addr, (ptrdiff_t)(SOC_CTRL_ENABLE_SPI_SEL_REG_OFFSET), 0x1);
  mmio_region_write32(soc_ctrl->base_addr, (ptrdiff_t)(SOC_CTRL_USE_SPIMEMIO_REG_OFFSET), SOC_CTRL_SPI_FLASH_MODE_SPIMEMIO);
}

void soc_ctrl_select_spi_host(const soc_ctrl_t *soc_ctrl) {
  mmio_region_write32(soc_ctrl->base_addr, (ptrdiff_t)(SOC_CTRL_ENABLE_SPI_SEL_REG_OFFSET), 0x1);
2001106e:	411c                	lw	a5,0(a0)
  ((volatile uint32_t *)base.base)[offset / sizeof(uint32_t)] = value;
20011070:	4705                	li	a4,1
20011072:	cf98                	sw	a4,24(a5)
20011074:	0007aa23          	sw	zero,20(a5)
  mmio_region_write32(soc_ctrl->base_addr, (ptrdiff_t)(SOC_CTRL_USE_SPIMEMIO_REG_OFFSET), SOC_CTRL_SPI_FLASH_MODE_SPIHOST);
}
20011078:	8082                	ret

2001107a <spi_set_events_enabled>:
    *events = bitfield_read(SPI_HW(spi)->EVENT_ENABLE, SPI_EVENT_ALL, SPI_EVENTS_INDEX);
    return SPI_FLAG_OK;
}

spi_return_flags_e spi_set_events_enabled(spi_host_t* spi, spi_event_e events, bool enable) 
{
2001107a:	87aa                	mv	a5,a0
    SPI_NULL_CHECK(spi, SPI_FLAG_NULL_PTR)
2001107c:	cd19                	beqz	a0,2001109a <spi_set_events_enabled+0x20>
    if (events > SPI_EVENT_ALL) return SPI_FLAG_EVENT_INVALID;
2001107e:	03f00713          	li	a4,63
20011082:	10000513          	li	a0,256
20011086:	00b76b63          	bltu	a4,a1,2001109c <spi_set_events_enabled+0x22>
    // Since spi_event_e is mapped to EVENT_ENABLE: | = set, & ~ = clear
    if (enable) SPI_HW(spi)->EVENT_ENABLE |= events;
2001108a:	5f98                	lw	a4,56(a5)
2001108c:	ea09                	bnez	a2,2001109e <spi_set_events_enabled+0x24>
    else        SPI_HW(spi)->EVENT_ENABLE &= ~events;
2001108e:	fff5c593          	not	a1,a1
20011092:	8df9                	and	a1,a1,a4
20011094:	df8c                	sw	a1,56(a5)

    return SPI_FLAG_OK;
20011096:	4501                	li	a0,0
20011098:	8082                	ret
    SPI_NULL_CHECK(spi, SPI_FLAG_NULL_PTR)
2001109a:	4505                	li	a0,1
}
2001109c:	8082                	ret
    if (enable) SPI_HW(spi)->EVENT_ENABLE |= events;
2001109e:	8f4d                	or	a4,a4,a1
200110a0:	df98                	sw	a4,56(a5)
    return SPI_FLAG_OK;
200110a2:	4501                	li	a0,0
200110a4:	8082                	ret

200110a6 <spi_set_errors_enabled>:
    *errors = bitfield_read(SPI_HW(spi)->ERROR_ENABLE, SPI_ERROR_IRQALL, SPI_ERRORS_INDEX);
    return SPI_FLAG_OK;
}

spi_return_flags_e spi_set_errors_enabled(spi_host_t* spi, spi_error_e errors, bool enable)
{
200110a6:	87aa                	mv	a5,a0
    SPI_NULL_CHECK(spi, SPI_FLAG_NULL_PTR)
200110a8:	cd11                	beqz	a0,200110c4 <spi_set_errors_enabled+0x1e>
    if (errors > SPI_ERROR_IRQALL) return SPI_FLAG_ERROR_INVALID;
200110aa:	477d                	li	a4,31
200110ac:	20000513          	li	a0,512
200110b0:	00b76b63          	bltu	a4,a1,200110c6 <spi_set_errors_enabled+0x20>
    // Since spi_error_e is mapped to ERROR_ENABLE: | = set, & ~ = clear
    if (enable) SPI_HW(spi)->ERROR_ENABLE |= errors;
200110b4:	5b98                	lw	a4,48(a5)
200110b6:	ea09                	bnez	a2,200110c8 <spi_set_errors_enabled+0x22>
    else        SPI_HW(spi)->ERROR_ENABLE &= ~errors;
200110b8:	fff5c593          	not	a1,a1
200110bc:	8df9                	and	a1,a1,a4
200110be:	db8c                	sw	a1,48(a5)

    return SPI_FLAG_OK;
200110c0:	4501                	li	a0,0
200110c2:	8082                	ret
    SPI_NULL_CHECK(spi, SPI_FLAG_NULL_PTR)
200110c4:	4505                	li	a0,1
}
200110c6:	8082                	ret
    if (enable) SPI_HW(spi)->ERROR_ENABLE |= errors;
200110c8:	8f4d                	or	a4,a4,a1
200110ca:	db98                	sw	a4,48(a5)
    return SPI_FLAG_OK;
200110cc:	4501                	li	a0,0
200110ce:	8082                	ret

200110d0 <spi_sw_reset>:
    return SPI_HW(spi)->CSID;
}

spi_return_flags_e spi_sw_reset(spi_host_t* spi)
{
    SPI_NULL_CHECK(spi, SPI_FLAG_NULL_PTR)
200110d0:	c129                	beqz	a0,20011112 <spi_sw_reset+0x42>
    // Assert spi reset bit
    SPI_HW(spi)->CONTROL = bitfield_write(SPI_HW(spi)->CONTROL, BIT_MASK_1, 
200110d2:	491c                	lw	a5,16(a0)
  bitfield &= ~(mask << index);
200110d4:	c00006b7          	lui	a3,0xc0000
200110d8:	16fd                	addi	a3,a3,-1 # bfffffff <_etext+0x9ffecae7>
200110da:	8ff5                	and	a5,a5,a3
  bitfield |= (value & mask) << index;
200110dc:	400006b7          	lui	a3,0x40000
200110e0:	8fd5                	or	a5,a5,a3
200110e2:	c91c                	sw	a5,16(a0)
    status.value = SPI_HW(spi)->STATUS; // Assuming SPI_HW(spi)->STATUS returns a uint32_t value representing the status
200110e4:	495c                	lw	a5,20(a0)
{
200110e6:	1141                	addi	sp,sp,-16
200110e8:	872a                	mv	a4,a0
    return status;
200110ea:	c63e                	sw	a5,12(sp)
                                          SPI_HOST_CONTROL_SW_RST_BIT, true);

    volatile spi_status_t status = spi_get_status(spi);
    // Wait for spi active and txqd & rxqd both go to 0
    while (status.active || status.txqd || status.rxqd);
200110ec:	47b2                	lw	a5,12(sp)
200110ee:	83f9                	srli	a5,a5,0x1e
200110f0:	8b85                	andi	a5,a5,1
200110f2:	ffed                	bnez	a5,200110ec <spi_sw_reset+0x1c>
200110f4:	00c14783          	lbu	a5,12(sp)
200110f8:	fbf5                	bnez	a5,200110ec <spi_sw_reset+0x1c>
200110fa:	00d14783          	lbu	a5,13(sp)
200110fe:	f7fd                	bnez	a5,200110ec <spi_sw_reset+0x1c>
    // Deassert spi reset bit
    SPI_HW(spi)->CONTROL = bitfield_write(SPI_HW(spi)->CONTROL, BIT_MASK_1, 
20011100:	4b1c                	lw	a5,16(a4)
  bitfield &= ~(mask << index);
20011102:	c00006b7          	lui	a3,0xc0000
20011106:	16fd                	addi	a3,a3,-1 # bfffffff <_etext+0x9ffecae7>
20011108:	8ff5                	and	a5,a5,a3
2001110a:	cb1c                	sw	a5,16(a4)
                                          SPI_HOST_CONTROL_SW_RST_BIT, false);
    return SPI_FLAG_OK;
2001110c:	4501                	li	a0,0
}
2001110e:	0141                	addi	sp,sp,16
20011110:	8082                	ret
    SPI_NULL_CHECK(spi, SPI_FLAG_NULL_PTR)
20011112:	4505                	li	a0,1
}
20011114:	8082                	ret

20011116 <spi_set_enable>:

spi_return_flags_e spi_set_enable(spi_host_t* spi, bool enable)
{
20011116:	87aa                	mv	a5,a0
    SPI_NULL_CHECK(spi, SPI_FLAG_NULL_PTR)
20011118:	c909                	beqz	a0,2001112a <spi_set_enable+0x14>
    SPI_HW(spi)->CONTROL = bitfield_write(SPI_HW(spi)->CONTROL, BIT_MASK_1, 
2001111a:	4918                	lw	a4,16(a0)
  bitfield |= (value & mask) << index;
2001111c:	05fe                	slli	a1,a1,0x1f
                                          SPI_HOST_CONTROL_SPIEN_BIT, enable);
    return SPI_FLAG_OK;
2001111e:	4501                	li	a0,0
  bitfield &= ~(mask << index);
20011120:	0706                	slli	a4,a4,0x1
20011122:	8305                	srli	a4,a4,0x1
  bitfield |= (value & mask) << index;
20011124:	8dd9                	or	a1,a1,a4
    SPI_HW(spi)->CONTROL = bitfield_write(SPI_HW(spi)->CONTROL, BIT_MASK_1, 
20011126:	cb8c                	sw	a1,16(a5)
    return SPI_FLAG_OK;
20011128:	8082                	ret
    SPI_NULL_CHECK(spi, SPI_FLAG_NULL_PTR)
2001112a:	4505                	li	a0,1
}
2001112c:	8082                	ret

2001112e <spi_set_tx_watermark>:

spi_return_flags_e spi_set_tx_watermark(spi_host_t* spi, uint8_t watermark)
{
2001112e:	87aa                	mv	a5,a0
    SPI_NULL_CHECK(spi, SPI_FLAG_NULL_PTR)
20011130:	c105                	beqz	a0,20011150 <spi_set_tx_watermark+0x22>
    // Check that watermark is not bigger than the fifo size (makes no sense otherwise)
    if (watermark > SPI_HOST_PARAM_TX_DEPTH) return SPI_FLAG_WATERMARK_EXCEEDS;
20011132:	04800713          	li	a4,72
20011136:	4509                	li	a0,2
20011138:	00b76d63          	bltu	a4,a1,20011152 <spi_set_tx_watermark+0x24>

    SPI_HW(spi)->CONTROL = bitfield_write(SPI_HW(spi)->CONTROL, 
2001113c:	4b98                	lw	a4,16(a5)
  bitfield &= ~(mask << index);
2001113e:	76c1                	lui	a3,0xffff0
20011140:	0ff68693          	addi	a3,a3,255 # ffff00ff <_etext+0xdffdcbe7>
20011144:	8f75                	and	a4,a4,a3
  bitfield |= (value & mask) << index;
20011146:	05a2                	slli	a1,a1,0x8
20011148:	8dd9                	or	a1,a1,a4
2001114a:	cb8c                	sw	a1,16(a5)
                                          SPI_HOST_CONTROL_TX_WATERMARK_MASK, 
                                          SPI_HOST_CONTROL_TX_WATERMARK_OFFSET, 
                                          watermark);
    return SPI_FLAG_OK;
2001114c:	4501                	li	a0,0
2001114e:	8082                	ret
    SPI_NULL_CHECK(spi, SPI_FLAG_NULL_PTR)
20011150:	4505                	li	a0,1
}
20011152:	8082                	ret

20011154 <spi_set_rx_watermark>:

spi_return_flags_e spi_set_rx_watermark(spi_host_t* spi, uint8_t watermark)
{
20011154:	87aa                	mv	a5,a0
    SPI_NULL_CHECK(spi, SPI_FLAG_NULL_PTR)
20011156:	cd09                	beqz	a0,20011170 <spi_set_rx_watermark+0x1c>
    // Check that watermark is not bigger than the fifo size (makes no sense otherwise)
    if (watermark > SPI_HOST_PARAM_RX_DEPTH) return SPI_FLAG_WATERMARK_EXCEEDS;
20011158:	04000713          	li	a4,64
2001115c:	4509                	li	a0,2
2001115e:	00b76a63          	bltu	a4,a1,20011172 <spi_set_rx_watermark+0x1e>

    SPI_HW(spi)->CONTROL = bitfield_write(SPI_HW(spi)->CONTROL, 
20011162:	4b98                	lw	a4,16(a5)
                                          SPI_HOST_CONTROL_RX_WATERMARK_MASK, 
                                          SPI_HOST_CONTROL_RX_WATERMARK_OFFSET, 
                                          watermark);
    return SPI_FLAG_OK;
20011164:	4501                	li	a0,0
  bitfield &= ~(mask << index);
20011166:	f0077713          	andi	a4,a4,-256
  bitfield |= (value & mask) << index;
2001116a:	8dd9                	or	a1,a1,a4
    SPI_HW(spi)->CONTROL = bitfield_write(SPI_HW(spi)->CONTROL, 
2001116c:	cb8c                	sw	a1,16(a5)
    return SPI_FLAG_OK;
2001116e:	8082                	ret
    SPI_NULL_CHECK(spi, SPI_FLAG_NULL_PTR)
20011170:	4505                	li	a0,1
}
20011172:	8082                	ret

20011174 <spi_set_configopts>:

spi_return_flags_e spi_set_configopts(spi_host_t* spi, uint32_t csid, const uint32_t conf_reg)
{
20011174:	87aa                	mv	a5,a0
    SPI_NULL_CHECK(spi, SPI_FLAG_NULL_PTR)
20011176:	c919                	beqz	a0,2001118c <spi_set_configopts+0x18>
    if (SPI_CSID_INVALID(csid)) return SPI_FLAG_CSID_INVALID;
20011178:	4705                	li	a4,1
2001117a:	4511                	li	a0,4
2001117c:	00b76963          	bltu	a4,a1,2001118e <spi_set_configopts+0x1a>
    // Since the configopts registers always follow one after another, offset
    // by csid times address delta
    *SPI_CONFIGOPTS_ADDR(spi, csid) = conf_reg;
20011180:	0592                	slli	a1,a1,0x4
20011182:	07e1                	addi	a5,a5,24
20011184:	97ae                	add	a5,a5,a1
20011186:	c390                	sw	a2,0(a5)
    return SPI_FLAG_OK;
20011188:	4501                	li	a0,0
2001118a:	8082                	ret
    SPI_NULL_CHECK(spi, SPI_FLAG_NULL_PTR)
2001118c:	4505                	li	a0,1
}
2001118e:	8082                	ret

20011190 <spi_set_csid>:
    *conf_reg = *SPI_CONFIGOPTS_ADDR(spi, csid);
    return SPI_FLAG_OK;
}

spi_return_flags_e spi_set_csid(spi_host_t* spi, uint32_t csid)
{
20011190:	87aa                	mv	a5,a0
    SPI_NULL_CHECK(spi, SPI_FLAG_NULL_PTR)
20011192:	c901                	beqz	a0,200111a2 <spi_set_csid+0x12>
    if (SPI_CSID_INVALID(csid)) return SPI_FLAG_CSID_INVALID;
20011194:	4705                	li	a4,1
20011196:	4511                	li	a0,4
20011198:	00b76663          	bltu	a4,a1,200111a4 <spi_set_csid+0x14>

    SPI_HW(spi)->CSID = csid;
2001119c:	d38c                	sw	a1,32(a5)
    return SPI_FLAG_OK;
2001119e:	4501                	li	a0,0
200111a0:	8082                	ret
    SPI_NULL_CHECK(spi, SPI_FLAG_NULL_PTR)
200111a2:	4505                	li	a0,1
}
200111a4:	8082                	ret

200111a6 <spi_set_command>:

spi_return_flags_e spi_set_command(spi_host_t* spi, const uint32_t cmd_reg)
{
    SPI_NULL_CHECK(spi, SPI_FLAG_NULL_PTR)
200111a6:	c915                	beqz	a0,200111da <spi_set_command+0x34>
  return (bitfield >> index) & mask;
200111a8:	0195d793          	srli	a5,a1,0x19
200111ac:	8b8d                	andi	a5,a5,3
    if (speed > SPI_SPEED_QUAD || direction > SPI_DIR_BIDIR || 
200111ae:	470d                	li	a4,3
200111b0:	00e78e63          	beq	a5,a4,200111cc <spi_set_command+0x26>
200111b4:	01b5d693          	srli	a3,a1,0x1b
200111b8:	8a8d                	andi	a3,a3,3
200111ba:	00e68863          	beq	a3,a4,200111ca <spi_set_command+0x24>
    status.value = SPI_HW(spi)->STATUS; // Assuming SPI_HW(spi)->STATUS returns a uint32_t value representing the status
200111be:	495c                	lw	a5,20(a0)
    return spi_get_status(spi).ready ? SPI_TRISTATE_TRUE : SPI_TRISTATE_FALSE;
200111c0:	0007df63          	bgez	a5,200111de <spi_set_command+0x38>
    if (!spi_validate_cmd(direction, speed))     flags |= SPI_FLAG_SPEED_INVALID;
    // Writing a command while not ready produces an error
    if (spi_get_ready(spi) != SPI_TRISTATE_TRUE) flags |= SPI_FLAG_NOT_READY;
    if (flags) return flags;

    SPI_HW(spi)->COMMAND = cmd_reg;
200111c4:	d14c                	sw	a1,36(a0)
    return SPI_FLAG_OK;
200111c6:	4501                	li	a0,0
200111c8:	8082                	ret
       (direction == SPI_DIR_BIDIR && speed != SPI_SPEED_STANDARD))
200111ca:	dbf5                	beqz	a5,200111be <spi_set_command+0x18>
    status.value = SPI_HW(spi)->STATUS; // Assuming SPI_HW(spi)->STATUS returns a uint32_t value representing the status
200111cc:	4948                	lw	a0,20(a0)
    return spi_get_status(spi).ready ? SPI_TRISTATE_TRUE : SPI_TRISTATE_FALSE;
200111ce:	857d                	srai	a0,a0,0x1f
200111d0:	f8057513          	andi	a0,a0,-128
200111d4:	09050513          	addi	a0,a0,144 # 20000090 <_sp+0x1ffdec70>
200111d8:	8082                	ret
    SPI_NULL_CHECK(spi, SPI_FLAG_NULL_PTR)
200111da:	4505                	li	a0,1
}
200111dc:	8082                	ret
200111de:	08000513          	li	a0,128
200111e2:	8082                	ret

200111e4 <spi_write_word>:

spi_return_flags_e spi_write_word(spi_host_t* spi, uint32_t wdata)
{
200111e4:	87aa                	mv	a5,a0
    SPI_NULL_CHECK(spi, SPI_FLAG_NULL_PTR)
200111e6:	cd09                	beqz	a0,20011200 <spi_write_word+0x1c>
    status.value = SPI_HW(spi)->STATUS; // Assuming SPI_HW(spi)->STATUS returns a uint32_t value representing the status
200111e8:	4958                	lw	a4,20(a0)
    // Check we're not overflowing
    if (spi_get_tx_queue_depth(spi) >= SPI_HOST_PARAM_TX_DEPTH) 
200111ea:	04700693          	li	a3,71
        return SPI_FLAG_TX_QUEUE_FULL;
200111ee:	02000513          	li	a0,32
    if (spi_get_tx_queue_depth(spi) >= SPI_HOST_PARAM_TX_DEPTH) 
200111f2:	0ff77713          	zext.b	a4,a4
200111f6:	00e6e663          	bltu	a3,a4,20011202 <spi_write_word+0x1e>
    SPI_HW(spi)->TXDATA = wdata;
200111fa:	d7cc                	sw	a1,44(a5)
    return SPI_FLAG_OK;
200111fc:	4501                	li	a0,0
200111fe:	8082                	ret
    SPI_NULL_CHECK(spi, SPI_FLAG_NULL_PTR)
20011200:	4505                	li	a0,1
}
20011202:	8082                	ret

20011204 <spi_read_word>:
    SPI_HW(spi)->TXDATA = bdata;
    return SPI_FLAG_OK;
}

spi_return_flags_e spi_read_word(spi_host_t* spi, uint32_t* dst)
{
20011204:	87aa                	mv	a5,a0
    SPI_NULL_CHECK(spi, SPI_FLAG_NULL_PTR)
20011206:	cd01                	beqz	a0,2001121e <spi_read_word+0x1a>
20011208:	4958                	lw	a4,20(a0)
    // Check we're not underflowing
    if (spi_get_rx_queue_depth(spi) == 0) return SPI_FLAG_RX_QUEUE_EMPTY;
2001120a:	04000513          	li	a0,64
2001120e:	8321                	srli	a4,a4,0x8
20011210:	0ff77713          	zext.b	a4,a4
20011214:	c711                	beqz	a4,20011220 <spi_read_word+0x1c>
    *dst = SPI_HW(spi)->RXDATA;
20011216:	579c                	lw	a5,40(a5)
    return SPI_FLAG_OK;
20011218:	4501                	li	a0,0
    *dst = SPI_HW(spi)->RXDATA;
2001121a:	c19c                	sw	a5,0(a1)
    return SPI_FLAG_OK;
2001121c:	8082                	ret
    SPI_NULL_CHECK(spi, SPI_FLAG_NULL_PTR)
2001121e:	4505                	li	a0,1
}
20011220:	8082                	ret

20011222 <spi_enable_evt_intr>:

spi_return_flags_e spi_enable_evt_intr(spi_host_t* spi, bool enable)
{
    SPI_NULL_CHECK(spi, SPI_FLAG_NULL_PTR)
20011222:	c909                	beqz	a0,20011234 <spi_enable_evt_intr+0x12>
    SPI_HW(spi)->INTR_ENABLE = bitfield_write(SPI_HW(spi)->INTR_ENABLE, BIT_MASK_1, 
20011224:	415c                	lw	a5,4(a0)
  bitfield |= (value & mask) << index;
20011226:	8985                	andi	a1,a1,1
20011228:	0586                	slli	a1,a1,0x1
  bitfield &= ~(mask << index);
2001122a:	9bf5                	andi	a5,a5,-3
  bitfield |= (value & mask) << index;
2001122c:	8ddd                	or	a1,a1,a5
2001122e:	c14c                	sw	a1,4(a0)
                                              SPI_HOST_INTR_ENABLE_SPI_EVENT_BIT, 
                                              enable);
    return SPI_FLAG_OK;
20011230:	4501                	li	a0,0
20011232:	8082                	ret
    SPI_NULL_CHECK(spi, SPI_FLAG_NULL_PTR)
20011234:	4505                	li	a0,1
}
20011236:	8082                	ret

20011238 <spi_enable_error_intr>:

spi_return_flags_e spi_enable_error_intr(spi_host_t* spi, bool enable)
{
20011238:	87aa                	mv	a5,a0
    SPI_NULL_CHECK(spi, SPI_FLAG_NULL_PTR)
2001123a:	c901                	beqz	a0,2001124a <spi_enable_error_intr+0x12>
    SPI_HW(spi)->INTR_ENABLE = bitfield_write(SPI_HW(spi)->INTR_ENABLE, BIT_MASK_1, 
2001123c:	4158                	lw	a4,4(a0)
2001123e:	8985                	andi	a1,a1,1
                                              SPI_HOST_INTR_STATE_ERROR_BIT, 
                                              enable);
    return SPI_FLAG_OK;
20011240:	4501                	li	a0,0
  bitfield &= ~(mask << index);
20011242:	9b79                	andi	a4,a4,-2
  bitfield |= (value & mask) << index;
20011244:	8dd9                	or	a1,a1,a4
    SPI_HW(spi)->INTR_ENABLE = bitfield_write(SPI_HW(spi)->INTR_ENABLE, BIT_MASK_1, 
20011246:	c3cc                	sw	a1,4(a5)
    return SPI_FLAG_OK;
20011248:	8082                	ret
    SPI_NULL_CHECK(spi, SPI_FLAG_NULL_PTR)
2001124a:	4505                	li	a0,1
}
2001124c:	8082                	ret

2001124e <spi_output_enable>:

spi_return_flags_e spi_output_enable(spi_host_t* spi, bool enable)
{
    SPI_NULL_CHECK(spi, SPI_FLAG_NULL_PTR)
2001124e:	cd01                	beqz	a0,20011266 <spi_output_enable+0x18>
    SPI_HW(spi)->CONTROL = bitfield_write(SPI_HW(spi)->CONTROL, BIT_MASK_1, 
20011250:	491c                	lw	a5,16(a0)
  bitfield &= ~(mask << index);
20011252:	e0000737          	lui	a4,0xe0000
20011256:	177d                	addi	a4,a4,-1 # dfffffff <_etext+0xbffecae7>
  bitfield |= (value & mask) << index;
20011258:	8985                	andi	a1,a1,1
  bitfield &= ~(mask << index);
2001125a:	8ff9                	and	a5,a5,a4
  bitfield |= (value & mask) << index;
2001125c:	05f6                	slli	a1,a1,0x1d
2001125e:	8ddd                	or	a1,a1,a5
20011260:	c90c                	sw	a1,16(a0)
                                          SPI_HOST_CONTROL_OUTPUT_EN_BIT, enable);
    return SPI_FLAG_OK;
20011262:	4501                	li	a0,0
20011264:	8082                	ret
    SPI_NULL_CHECK(spi, SPI_FLAG_NULL_PTR)
20011266:	4505                	li	a0,1
}
20011268:	8082                	ret

2001126a <spi_get_events>:
2001126a:	495c                	lw	a5,20(a0)
/**                                                                        **/
/*                            LOCAL FUNCTIONS                               */
/**                                                                        **/
/****************************************************************************/

spi_return_flags_e spi_get_events(spi_host_t* spi, spi_event_e* events) {
2001126c:	1141                	addi	sp,sp,-16
  bitfield &= ~(mask << index);
2001126e:	0005a803          	lw	a6,0(a1) # 8000000 <_sp+0x7fdebe0>
20011272:	c63e                	sw	a5,12(sp)
    volatile spi_status_t status = spi_get_status(spi);
    // Also, we do not need any NULL check since this function is made to be called
    // __ONLY__ from `handler_irq_spi`, `fic_irq_spi`, `fic_irq_spi_flash`.
    // Therefore we know that spi argument will not be NULL.
    *events = bitfield_write(*events, BIT_MASK_1, 
                             SPI_HOST_EVENT_ENABLE_RXFULL_BIT,  status.rxfull);
20011274:	47b2                	lw	a5,12(sp)
    *events = bitfield_write(*events, BIT_MASK_1, 
                             SPI_HOST_EVENT_ENABLE_TXEMPTY_BIT, status.txempty);
20011276:	46b2                	lw	a3,12(sp)
    *events = bitfield_write(*events, BIT_MASK_1, 
                             SPI_HOST_EVENT_ENABLE_RXWM_BIT,    status.rxwm);
20011278:	4532                	lw	a0,12(sp)
                             SPI_HOST_EVENT_ENABLE_RXFULL_BIT,  status.rxfull);
2001127a:	83e5                	srli	a5,a5,0x19
    *events = bitfield_write(*events, BIT_MASK_1, 
                             SPI_HOST_EVENT_ENABLE_TXWM_BIT,    status.txwm);
2001127c:	4732                	lw	a4,12(sp)
                             SPI_HOST_EVENT_ENABLE_RXFULL_BIT,  status.rxfull);
2001127e:	8b85                	andi	a5,a5,1
                             SPI_HOST_EVENT_ENABLE_TXEMPTY_BIT, status.txempty);
20011280:	82ed                	srli	a3,a3,0x1b
  bitfield |= (value & mask) << index;
20011282:	ffc87813          	andi	a6,a6,-4
    *events = bitfield_write(*events, BIT_MASK_1, 
                             SPI_HOST_EVENT_ENABLE_READY_BIT,   status.ready);
20011286:	4632                	lw	a2,12(sp)
  bitfield &= ~(mask << index);
20011288:	00f86833          	or	a6,a6,a5
  bitfield |= (value & mask) << index;
2001128c:	8a89                	andi	a3,a3,2
    *events = bitfield_write(*events, BIT_MASK_1, 
                             SPI_HOST_EVENT_ENABLE_IDLE_BIT,   ~status.active);
2001128e:	47b2                	lw	a5,12(sp)
                             SPI_HOST_EVENT_ENABLE_RXWM_BIT,    status.rxwm);
20011290:	8149                	srli	a0,a0,0x12
20011292:	0106e6b3          	or	a3,a3,a6
20011296:	8911                	andi	a0,a0,4
                             SPI_HOST_EVENT_ENABLE_TXWM_BIT,    status.txwm);
20011298:	835d                	srli	a4,a4,0x17
2001129a:	9acd                	andi	a3,a3,-13
  bitfield &= ~(mask << index);
2001129c:	8ec9                	or	a3,a3,a0
  bitfield |= (value & mask) << index;
2001129e:	8b21                	andi	a4,a4,8
                             SPI_HOST_EVENT_ENABLE_IDLE_BIT,   ~status.active);
200112a0:	83f9                	srli	a5,a5,0x1e
200112a2:	8f55                	or	a4,a4,a3
                             SPI_HOST_EVENT_ENABLE_READY_BIT,   status.ready);
200112a4:	827d                	srli	a2,a2,0x1f
                             SPI_HOST_EVENT_ENABLE_IDLE_BIT,   ~status.active);
200112a6:	8b85                	andi	a5,a5,1
200112a8:	00461693          	slli	a3,a2,0x4
200112ac:	fcf77713          	andi	a4,a4,-49
200112b0:	0017c793          	xori	a5,a5,1
  bitfield &= ~(mask << index);
200112b4:	8f55                	or	a4,a4,a3
  bitfield |= (value & mask) << index;
200112b6:	0796                	slli	a5,a5,0x5
200112b8:	8fd9                	or	a5,a5,a4
    *events = bitfield_write(*events, BIT_MASK_1, 
200112ba:	c19c                	sw	a5,0(a1)
    return SPI_FLAG_OK;
}
200112bc:	4501                	li	a0,0
200112be:	0141                	addi	sp,sp,16
200112c0:	8082                	ret

200112c2 <fic_irq_spi>:
    *errors = bitfield_read(SPI_HW(spi)->ERROR_STATUS, SPI_ERROR_ALL, SPI_ERRORS_INDEX);
200112c2:	300107b7          	lui	a5,0x30010
200112c6:	5bc8                	lw	a0,52(a5)
  return (bitfield >> index) & mask;
200112c8:	03f57513          	andi	a0,a0,63
    if (errors) {
200112cc:	c111                	beqz	a0,200112d0 <fic_irq_spi+0xe>
        spi_intr_handler_error_host(errors);
200112ce:	a1f9                	j	2001179c <spi_intr_handler_error_host>

spi_return_flags_e spi_acknowledge_event(spi_host_t* spi) {
    // We do not need any NULL check since this function is made to be called
    // __ONLY__ from `handler_irq_spi`, `fic_irq_spi`, `fic_irq_spi_flash`.
    // Therefore we know that spi argument will not be NULL.
    SPI_HW(spi)->INTR_STATE = bitfield_write(SPI_HW(spi)->INTR_STATE, BIT_MASK_1, 
200112d0:	4398                	lw	a4,0(a5)
{
200112d2:	1101                	addi	sp,sp,-32
200112d4:	ce06                	sw	ra,28(sp)
  bitfield |= (value & mask) << index;
200112d6:	00276713          	ori	a4,a4,2
        spi_get_events(spi_host1, &events);
200112da:	006c                	addi	a1,sp,12
200112dc:	30010537          	lui	a0,0x30010
    SPI_HW(spi)->INTR_STATE = bitfield_write(SPI_HW(spi)->INTR_STATE, BIT_MASK_1, 
200112e0:	c398                	sw	a4,0(a5)
        spi_get_events(spi_host1, &events);
200112e2:	3761                	jal	2001126a <spi_get_events>
        spi_intr_handler_event_host(events);
200112e4:	4532                	lw	a0,12(sp)
}
200112e6:	40f2                	lw	ra,28(sp)
200112e8:	6105                	addi	sp,sp,32
        spi_intr_handler_event_host(events);
200112ea:	a961                	j	20011782 <spi_intr_handler_event_host>

200112ec <fic_irq_spi_flash>:
    *errors = bitfield_read(SPI_HW(spi)->ERROR_STATUS, SPI_ERROR_ALL, SPI_ERRORS_INDEX);
200112ec:	200207b7          	lui	a5,0x20020
200112f0:	5bc8                	lw	a0,52(a5)
  return (bitfield >> index) & mask;
200112f2:	03f57513          	andi	a0,a0,63
    if (errors) {
200112f6:	c111                	beqz	a0,200112fa <fic_irq_spi_flash+0xe>
        spi_intr_handler_error_flash(errors);
200112f8:	a985                	j	20011768 <spi_intr_handler_error_flash>
    SPI_HW(spi)->INTR_STATE = bitfield_write(SPI_HW(spi)->INTR_STATE, BIT_MASK_1, 
200112fa:	4398                	lw	a4,0(a5)
{
200112fc:	1101                	addi	sp,sp,-32
200112fe:	ce06                	sw	ra,28(sp)
  bitfield |= (value & mask) << index;
20011300:	00276713          	ori	a4,a4,2
        spi_get_events(spi_flash, &events);
20011304:	006c                	addi	a1,sp,12
20011306:	20020537          	lui	a0,0x20020
    SPI_HW(spi)->INTR_STATE = bitfield_write(SPI_HW(spi)->INTR_STATE, BIT_MASK_1, 
2001130a:	c398                	sw	a4,0(a5)
        spi_get_events(spi_flash, &events);
2001130c:	3fb9                	jal	2001126a <spi_get_events>
        spi_intr_handler_event_flash(events);
2001130e:	4532                	lw	a0,12(sp)
}
20011310:	40f2                	lw	ra,28(sp)
20011312:	6105                	addi	sp,sp,32
        spi_intr_handler_event_flash(events);
20011314:	a92d                	j	2001174e <spi_intr_handler_event_flash>

20011316 <uart_init>:
  mmio_region_write32(uart->base_addr, UART_INTR_ENABLE_REG_OFFSET, 0u);
  mmio_region_write32(uart->base_addr, UART_INTR_STATE_REG_OFFSET, UINT32_MAX);
}

system_error_t uart_init(const uart_t *uart) {
  if (uart == NULL) {
20011316:	c139                	beqz	a0,2001135c <uart_init+0x46>
    return kErrorUartInvalidArgument;
  }

  if (uart->baudrate == 0 || uart->clk_freq_hz == 0) {
20011318:	415c                	lw	a5,4(a0)
2001131a:	c3a9                	beqz	a5,2001135c <uart_init+0x46>
2001131c:	491c                	lw	a5,16(a0)
2001131e:	cf9d                	beqz	a5,2001135c <uart_init+0x46>
    return kErrorUartInvalidArgument;
  }

  uint32_t nco_masked = uart->nco & UART_CTRL_NCO_MASK;
20011320:	451c                	lw	a5,8(a0)
20011322:	4554                	lw	a3,12(a0)
20011324:	01079713          	slli	a4,a5,0x10
20011328:	8341                	srli	a4,a4,0x10

  // Requested baudrate is too high for the given clock frequency.
  if (uart->nco != nco_masked) {
2001132a:	02e79e63          	bne	a5,a4,20011366 <uart_init+0x50>
2001132e:	ee85                	bnez	a3,20011366 <uart_init+0x50>
  mmio_region_write32(uart->base_addr, UART_CTRL_REG_OFFSET, 0u);
20011330:	4118                	lw	a4,0(a0)
20011332:	468d                	li	a3,3
  bitfield |= (value & field.mask) << field.index;
20011334:	07c2                	slli	a5,a5,0x10
20011336:	00072623          	sw	zero,12(a4)
2001133a:	cf54                	sw	a3,28(a4)
2001133c:	02072223          	sw	zero,36(a4)
20011340:	02072623          	sw	zero,44(a4)
20011344:	00072223          	sw	zero,4(a4)
20011348:	56fd                	li	a3,-1
2001134a:	c314                	sw	a3,0(a4)
2001134c:	0037e793          	ori	a5,a5,3
20011350:	c75c                	sw	a5,12(a4)
20011352:	00072223          	sw	zero,4(a4)
  reg = bitfield_bit32_write(reg, UART_CTRL_RX_BIT, true);
  mmio_region_write32(uart->base_addr, UART_CTRL_REG_OFFSET, reg);

  // Disable interrupts.
  mmio_region_write32(uart->base_addr, UART_INTR_ENABLE_REG_OFFSET, 0u);
  return kErrorOk;
20011356:	73900513          	li	a0,1849
2001135a:	8082                	ret
    return kErrorUartInvalidArgument;
2001135c:	01415537          	lui	a0,0x1415
20011360:	50350513          	addi	a0,a0,1283 # 1415503 <_sp+0x13f40e3>
20011364:	8082                	ret
    return kErrorUartBadBaudRate;
20011366:	02415537          	lui	a0,0x2415
2001136a:	50350513          	addi	a0,a0,1283 # 2415503 <_sp+0x23f40e3>
}
2001136e:	8082                	ret

20011370 <uart_write>:
/**
 * Write `len` bytes to the UART TX FIFO.
 */
size_t uart_write(const uart_t *uart, const uint8_t *data, size_t len) {
  size_t total = len;
  while (len) {
20011370:	c20d                	beqz	a2,20011392 <uart_write+0x22>
20011372:	4118                	lw	a4,0(a0)
20011374:	00c58833          	add	a6,a1,a2
    uart_putchar(uart, *data);
20011378:	0005c683          	lbu	a3,0(a1)
  return ((volatile uint32_t *)base.base)[offset / sizeof(uint32_t)];
2001137c:	4b1c                	lw	a5,16(a4)
  while (uart_tx_full(uart)) {
2001137e:	8b85                	andi	a5,a5,1
20011380:	fff5                	bnez	a5,2001137c <uart_write+0xc>
  ((volatile uint32_t *)base.base)[offset / sizeof(uint32_t)] = value;
20011382:	cf14                	sw	a3,24(a4)
  return ((volatile uint32_t *)base.base)[offset / sizeof(uint32_t)];
20011384:	4b1c                	lw	a5,16(a4)
  return (bitfield >> field.index) & field.mask;
20011386:	838d                	srli	a5,a5,0x3
  while (!uart_tx_idle(uart)) {
20011388:	8b85                	andi	a5,a5,1
2001138a:	dfed                	beqz	a5,20011384 <uart_write+0x14>
    data++;
2001138c:	0585                	addi	a1,a1,1
  while (len) {
2001138e:	ff0595e3          	bne	a1,a6,20011378 <uart_write+0x8>
    len--;
  }
  return total;
}
20011392:	8532                	mv	a0,a2
20011394:	8082                	ret
	...

20011398 <handler_irq_software>:
      while (1) {
      };
  }
}

__attribute__((weak)) void handler_irq_software(void) {
20011398:	7139                	addi	sp,sp,-64
2001139a:	d62a                	sw	a0,44(sp)
  _writestr("Software IRQ triggered!\n"); 
2001139c:	20013537          	lui	a0,0x20013
200113a0:	2cc50513          	addi	a0,a0,716 # 200132cc <_read_r+0x6c4>
__attribute__((weak)) void handler_irq_software(void) {
200113a4:	de06                	sw	ra,60(sp)
200113a6:	dc16                	sw	t0,56(sp)
200113a8:	da1a                	sw	t1,52(sp)
200113aa:	d81e                	sw	t2,48(sp)
200113ac:	d42e                	sw	a1,40(sp)
200113ae:	d232                	sw	a2,36(sp)
200113b0:	d036                	sw	a3,32(sp)
200113b2:	ce3a                	sw	a4,28(sp)
200113b4:	cc3e                	sw	a5,24(sp)
200113b6:	ca42                	sw	a6,20(sp)
200113b8:	c846                	sw	a7,16(sp)
200113ba:	c672                	sw	t3,12(sp)
200113bc:	c476                	sw	t4,8(sp)
200113be:	c27a                	sw	t5,4(sp)
200113c0:	c07e                	sw	t6,0(sp)
  _writestr("Software IRQ triggered!\n"); 
200113c2:	20ed                	jal	200114ac <_writestr>
  while (1) {
200113c4:	a001                	j	200113c4 <handler_irq_software+0x2c>
	...

200113c8 <handler_irq_timer>:
  }
}

__attribute__((weak)) void handler_irq_timer(void) {
200113c8:	7139                	addi	sp,sp,-64
200113ca:	d62a                	sw	a0,44(sp)
  _writestr("Timer IRQ triggered!\n"); 
200113cc:	20013537          	lui	a0,0x20013
200113d0:	2e850513          	addi	a0,a0,744 # 200132e8 <_read_r+0x6e0>
__attribute__((weak)) void handler_irq_timer(void) {
200113d4:	de06                	sw	ra,60(sp)
200113d6:	dc16                	sw	t0,56(sp)
200113d8:	da1a                	sw	t1,52(sp)
200113da:	d81e                	sw	t2,48(sp)
200113dc:	d42e                	sw	a1,40(sp)
200113de:	d232                	sw	a2,36(sp)
200113e0:	d036                	sw	a3,32(sp)
200113e2:	ce3a                	sw	a4,28(sp)
200113e4:	cc3e                	sw	a5,24(sp)
200113e6:	ca42                	sw	a6,20(sp)
200113e8:	c846                	sw	a7,16(sp)
200113ea:	c672                	sw	t3,12(sp)
200113ec:	c476                	sw	t4,8(sp)
200113ee:	c27a                	sw	t5,4(sp)
200113f0:	c07e                	sw	t6,0(sp)
  _writestr("Timer IRQ triggered!\n"); 
200113f2:	286d                	jal	200114ac <_writestr>
  while (1) {
200113f4:	a001                	j	200113f4 <handler_irq_timer+0x2c>
	...

200113f8 <init>:
#endif

int init()
{
    return 0;
}
200113f8:	4501                	li	a0,0
200113fa:	8082                	ret

200113fc <_close>:
}

__attribute__((used)) int _close(int file)
{
    return -1;
}
200113fc:	557d                	li	a0,-1
200113fe:	8082                	ret

20011400 <_exit>:
    errno = ENOMEM;
    return -1;
}

void _exit(int exit_status)
{
20011400:	1101                	addi	sp,sp,-32
    soc_ctrl_t soc_ctrl;
    soc_ctrl.base_addr = mmio_region_from_addr((uintptr_t)SOC_CTRL_START_ADDRESS);
20011402:	200007b7          	lui	a5,0x20000
{
20011406:	85aa                	mv	a1,a0
    soc_ctrl_set_exit_value(&soc_ctrl, exit_status);
20011408:	0068                	addi	a0,sp,12
{
2001140a:	ce06                	sw	ra,28(sp)
    soc_ctrl.base_addr = mmio_region_from_addr((uintptr_t)SOC_CTRL_START_ADDRESS);
2001140c:	c63e                	sw	a5,12(sp)
    soc_ctrl_set_exit_value(&soc_ctrl, exit_status);
2001140e:	3991                	jal	20011062 <soc_ctrl_set_exit_value>
    soc_ctrl_set_valid(&soc_ctrl, (uint8_t)1);
20011410:	4585                	li	a1,1
20011412:	0068                	addi	a0,sp,12
20011414:	3199                	jal	2001105a <soc_ctrl_set_valid>

    asm volatile("wfi");
20011416:	10500073          	wfi

2001141a <_fstat>:
    return -1;
}

__attribute__((used)) int _fstat(int file, struct stat *st)
{
    st->st_mode = S_IFCHR;
2001141a:	6789                	lui	a5,0x2
2001141c:	c1dc                	sw	a5,4(a1)
    return 0;
    // errno = -ENOSYS;
    // return -1;
}
2001141e:	4501                	li	a0,0
20011420:	8082                	ret

20011422 <_isatty>:
    return -1;
}

__attribute__((used)) int _isatty(int file)
{
    return (file == STDOUT_FILENO);
20011422:	157d                	addi	a0,a0,-1
}
20011424:	00153513          	seqz	a0,a0
20011428:	8082                	ret

2001142a <_lseek>:
}

__attribute__((used)) off_t _lseek(int file, off_t ptr, int dir)
{
    return 0;
}
2001142a:	4501                	li	a0,0
2001142c:	8082                	ret

2001142e <_read>:
}

__attribute__((used)) int _read(int file, void *ptr, int len)
{
    return 0;
}
2001142e:	4501                	li	a0,0
20011430:	8082                	ret

20011432 <_write>:
    return -1;
}

int _write(int file, const void *ptr, int len)
{
    if (file != STDOUT_FILENO) {
20011432:	4785                	li	a5,1
20011434:	06f51263          	bne	a0,a5,20011498 <_write+0x66>
{
20011438:	7179                	addi	sp,sp,-48
        errno = ENOSYS;
        return -1;
    }

    soc_ctrl_t soc_ctrl;
    soc_ctrl.base_addr = mmio_region_from_addr((uintptr_t)SOC_CTRL_START_ADDRESS);
2001143a:	200007b7          	lui	a5,0x20000
2001143e:	c23e                	sw	a5,4(sp)

    uart_t uart;
    uart.base_addr   = mmio_region_from_addr((uintptr_t)UART_START_ADDRESS);
20011440:	300807b7          	lui	a5,0x30080
20011444:	c43e                	sw	a5,8(sp)
    uart.baudrate    = UART_BAUDRATE;
20011446:	004c57b7          	lui	a5,0x4c5
2001144a:	b4078793          	addi	a5,a5,-1216 # 4c4b40 <_sp+0x4a3720>
    uart.clk_freq_hz = soc_ctrl_get_frequency(&soc_ctrl);
2001144e:	0048                	addi	a0,sp,4
{
20011450:	d606                	sw	ra,44(sp)
20011452:	d422                	sw	s0,40(sp)
20011454:	d226                	sw	s1,36(sp)
20011456:	8432                	mv	s0,a2
20011458:	84ae                	mv	s1,a1
    uart.baudrate    = UART_BAUDRATE;
2001145a:	c63e                	sw	a5,12(sp)
    uart.clk_freq_hz = soc_ctrl_get_frequency(&soc_ctrl);
2001145c:	3131                	jal	20011068 <soc_ctrl_get_frequency>
2001145e:	87aa                	mv	a5,a0
    #ifdef UART_NCO
    uart.nco         = UART_NCO;
20011460:	6735                	lui	a4,0xd
    uart.clk_freq_hz = soc_ctrl_get_frequency(&soc_ctrl);
20011462:	cc3e                	sw	a5,24(sp)
    uart.nco         = UART_NCO;
20011464:	ccc70713          	addi	a4,a4,-820 # cccc <__heap_size+0xc4cc>
20011468:	4781                	li	a5,0
    #else
    uart.nco         = ((uint64_t)uart.baudrate << (NCO_WIDTH + 4)) / uart.clk_freq_hz;
    #endif

    if (uart_init(&uart) != kErrorOk) {
2001146a:	0028                	addi	a0,sp,8
    uart.nco         = UART_NCO;
2001146c:	ca3e                	sw	a5,20(sp)
2001146e:	c83a                	sw	a4,16(sp)
    if (uart_init(&uart) != kErrorOk) {
20011470:	355d                	jal	20011316 <uart_init>
20011472:	73900793          	li	a5,1849
20011476:	00f51b63          	bne	a0,a5,2001148c <_write+0x5a>
        errno = ENOSYS;
        return -1;
    }
    return uart_write(&uart,(uint8_t *)ptr,len);
2001147a:	8622                	mv	a2,s0
2001147c:	85a6                	mv	a1,s1
2001147e:	0028                	addi	a0,sp,8
20011480:	3dc5                	jal	20011370 <uart_write>

}
20011482:	50b2                	lw	ra,44(sp)
20011484:	5422                	lw	s0,40(sp)
20011486:	5492                	lw	s1,36(sp)
20011488:	6145                	addi	sp,sp,48
2001148a:	8082                	ret
        errno = ENOSYS;
2001148c:	05800713          	li	a4,88
20011490:	c0e1a623          	sw	a4,-1012(gp) # 2040c <errno>
        return -1;
20011494:	557d                	li	a0,-1
20011496:	b7f5                	j	20011482 <_write+0x50>
        errno = ENOSYS;
20011498:	05800713          	li	a4,88
2001149c:	c0e1a623          	sw	a4,-1012(gp) # 2040c <errno>
        return -1;
200114a0:	557d                	li	a0,-1
}
200114a2:	8082                	ret

200114a4 <_write_r>:


__attribute__((used)) _ssize_t _write_r(struct _reent *ptr, int fd, const void *buf, size_t cnt)
{
200114a4:	852e                	mv	a0,a1
200114a6:	85b2                	mv	a1,a2
    return _write(fd,buf,cnt);
200114a8:	8636                	mv	a2,a3
200114aa:	b761                	j	20011432 <_write>

200114ac <_writestr>:
}

void _writestr(const void *ptr)
{
200114ac:	1141                	addi	sp,sp,-16
200114ae:	c422                	sw	s0,8(sp)
200114b0:	c606                	sw	ra,12(sp)
200114b2:	842a                	mv	s0,a0
    _write(STDOUT_FILENO, ptr, strlen(ptr)+1);
200114b4:	6d4000ef          	jal	ra,20011b88 <strlen>
200114b8:	85a2                	mv	a1,s0
}
200114ba:	4422                	lw	s0,8(sp)
200114bc:	40b2                	lw	ra,12(sp)
    _write(STDOUT_FILENO, ptr, strlen(ptr)+1);
200114be:	00150613          	addi	a2,a0,1
200114c2:	4505                	li	a0,1
}
200114c4:	0141                	addi	sp,sp,16
    _write(STDOUT_FILENO, ptr, strlen(ptr)+1);
200114c6:	b7b5                	j	20011432 <_write>

200114c8 <_sbrk>:

void *_sbrk(ptrdiff_t incr)
{
    char *old_brk = brk;

    if (__heap_start == __heap_end) {
200114c8:	c1418693          	addi	a3,gp,-1004 # 20414 <__BSS_END__>
200114cc:	41418713          	addi	a4,gp,1044 # 20c14 <__heap_end>
{
200114d0:	87aa                	mv	a5,a0
    char *old_brk = brk;
200114d2:	9381a503          	lw	a0,-1736(gp) # 20138 <brk>
    if (__heap_start == __heap_end) {
200114d6:	00e68c63          	beq	a3,a4,200114ee <_sbrk+0x26>
        return NULL; 
    }

    if (brk + incr < __heap_end && brk + incr >= __heap_start) {
200114da:	97aa                	add	a5,a5,a0
200114dc:	00e7f763          	bgeu	a5,a4,200114ea <_sbrk+0x22>
200114e0:	00d7e563          	bltu	a5,a3,200114ea <_sbrk+0x22>
        brk += incr;
200114e4:	92f1ac23          	sw	a5,-1736(gp) # 20138 <brk>
    } else {
        return (void *)-1; 
    }
    return old_brk;
200114e8:	8082                	ret
        return (void *)-1; 
200114ea:	557d                	li	a0,-1
}
200114ec:	8082                	ret
        return NULL; 
200114ee:	4501                	li	a0,0
200114f0:	8082                	ret

200114f2 <spi_fill_tx>:
}

bool spi_fill_tx(spi_peripheral_t* peri) 
{
    // If we have a TX buffer and didn't exceed the count then fill the TX FIFO
    if (peri->txn.txbuffer != NULL && peri->txcnt < peri->txn.txlen) {
200114f2:	4d58                	lw	a4,28(a0)
200114f4:	c321                	beqz	a4,20011534 <spi_fill_tx+0x42>
200114f6:	591c                	lw	a5,48(a0)
200114f8:	5114                	lw	a3,32(a0)
{
200114fa:	1141                	addi	sp,sp,-16
200114fc:	c422                	sw	s0,8(sp)
200114fe:	c606                	sw	ra,12(sp)
20011500:	842a                	mv	s0,a0
            peri->txcnt < peri->txn.txlen 
            && !spi_write_word(peri->instance, peri->txn.txbuffer[peri->txcnt])
        ) peri->txcnt++; // Keep track of counter
        return true;
    }
    return false;
20011502:	4501                	li	a0,0
    if (peri->txn.txbuffer != NULL && peri->txcnt < peri->txn.txlen) {
20011504:	00d7ed63          	bltu	a5,a3,2001151e <spi_fill_tx+0x2c>
}
20011508:	40b2                	lw	ra,12(sp)
2001150a:	4422                	lw	s0,8(sp)
2001150c:	0141                	addi	sp,sp,16
2001150e:	8082                	ret
        ) peri->txcnt++; // Keep track of counter
20011510:	581c                	lw	a5,48(s0)
            && !spi_write_word(peri->instance, peri->txn.txbuffer[peri->txcnt])
20011512:	5018                	lw	a4,32(s0)
        ) peri->txcnt++; // Keep track of counter
20011514:	0785                	addi	a5,a5,1
20011516:	d81c                	sw	a5,48(s0)
            && !spi_write_word(peri->instance, peri->txn.txbuffer[peri->txcnt])
20011518:	00e7f963          	bgeu	a5,a4,2001152a <spi_fill_tx+0x38>
2001151c:	4c58                	lw	a4,28(s0)
2001151e:	078a                	slli	a5,a5,0x2
20011520:	973e                	add	a4,a4,a5
20011522:	430c                	lw	a1,0(a4)
20011524:	4008                	lw	a0,0(s0)
20011526:	397d                	jal	200111e4 <spi_write_word>
20011528:	d565                	beqz	a0,20011510 <spi_fill_tx+0x1e>
}
2001152a:	40b2                	lw	ra,12(sp)
2001152c:	4422                	lw	s0,8(sp)
{
2001152e:	4505                	li	a0,1
}
20011530:	0141                	addi	sp,sp,16
20011532:	8082                	ret
    return false;
20011534:	4501                	li	a0,0
}
20011536:	8082                	ret

20011538 <spi_empty_rx>:

bool spi_empty_rx(spi_peripheral_t* peri) 
{
    // If we have a RX buffer and didn't exceed the count then read from RX FIFO
    if (peri->txn.rxbuffer != NULL && peri->rxcnt < peri->txn.rxlen) {
20011538:	514c                	lw	a1,36(a0)
2001153a:	cd9d                	beqz	a1,20011578 <spi_empty_rx+0x40>
2001153c:	595c                	lw	a5,52(a0)
2001153e:	5518                	lw	a4,40(a0)
{
20011540:	1141                	addi	sp,sp,-16
20011542:	c422                	sw	s0,8(sp)
20011544:	c606                	sw	ra,12(sp)
20011546:	842a                	mv	s0,a0
            peri->rxcnt < peri->txn.rxlen 
            && !spi_read_word(peri->instance, &peri->txn.rxbuffer[peri->rxcnt])
        ) peri->rxcnt++; // Keep track of counter
        return true;
    }
    return false;
20011548:	4501                	li	a0,0
    if (peri->txn.rxbuffer != NULL && peri->rxcnt < peri->txn.rxlen) {
2001154a:	00e7ed63          	bltu	a5,a4,20011564 <spi_empty_rx+0x2c>
}
2001154e:	40b2                	lw	ra,12(sp)
20011550:	4422                	lw	s0,8(sp)
20011552:	0141                	addi	sp,sp,16
20011554:	8082                	ret
        ) peri->rxcnt++; // Keep track of counter
20011556:	585c                	lw	a5,52(s0)
            && !spi_read_word(peri->instance, &peri->txn.rxbuffer[peri->rxcnt])
20011558:	5418                	lw	a4,40(s0)
        ) peri->rxcnt++; // Keep track of counter
2001155a:	0785                	addi	a5,a5,1
2001155c:	d85c                	sw	a5,52(s0)
            && !spi_read_word(peri->instance, &peri->txn.rxbuffer[peri->rxcnt])
2001155e:	00e7f863          	bgeu	a5,a4,2001156e <spi_empty_rx+0x36>
20011562:	504c                	lw	a1,36(s0)
20011564:	4008                	lw	a0,0(s0)
20011566:	078a                	slli	a5,a5,0x2
20011568:	95be                	add	a1,a1,a5
2001156a:	3969                	jal	20011204 <spi_read_word>
2001156c:	d56d                	beqz	a0,20011556 <spi_empty_rx+0x1e>
}
2001156e:	40b2                	lw	ra,12(sp)
20011570:	4422                	lw	s0,8(sp)
{
20011572:	4505                	li	a0,1
}
20011574:	0141                	addi	sp,sp,16
20011576:	8082                	ret
    return false;
20011578:	4501                	li	a0,0
}
2001157a:	8082                	ret

2001157c <spi_issue_next_seg>:
    } while (SPI_BUSY((*peri)));
}

void spi_issue_next_seg(spi_peripheral_t* peri) 
{
    const spi_segment_t seg = peri->txn.segments[peri->scnt];
2001157c:	02c52803          	lw	a6,44(a0)
20011580:	495c                	lw	a5,20(a0)
    peri->scnt++;
    // Construct our word command to be passed to HAL
    uint32_t cmd_reg = spi_create_command((spi_command_t) {
        .len       = seg.len - 1, // -1 because of SPI Host IP specifications
        .csaat     = peri->txn.seglen == peri->scnt ? false : true,
20011582:	01854603          	lbu	a2,24(a0)
    const spi_segment_t seg = peri->txn.segments[peri->scnt];
20011586:	00281713          	slli	a4,a6,0x2
2001158a:	97ba                	add	a5,a5,a4
2001158c:	439c                	lw	a5,0(a5)
    peri->scnt++;
2001158e:	0805                	addi	a6,a6,1
    const spi_segment_t seg = peri->txn.segments[peri->scnt];
20011590:	010008b7          	lui	a7,0x1000
20011594:	0187d713          	srli	a4,a5,0x18
20011598:	8b3d                	andi	a4,a4,15
2001159a:	18fd                	addi	a7,a7,-1 # ffffff <_sp+0xfdebdf>
  return (bitfield >> index) & mask;
2001159c:	00275593          	srli	a1,a4,0x2
        .csaat     = peri->txn.seglen == peri->scnt ? false : true,
200115a0:	41060633          	sub	a2,a2,a6
                             SPI_HOST_COMMAND_LEN_OFFSET, command.len);
    cmd_reg = bitfield_write(cmd_reg, BIT_MASK_1, 
                             SPI_HOST_COMMAND_CSAAT_BIT, command.csaat);
    cmd_reg = bitfield_write(cmd_reg, SPI_HOST_COMMAND_SPEED_MASK, 
                             SPI_HOST_COMMAND_SPEED_OFFSET, command.speed);
    cmd_reg = bitfield_write(cmd_reg, SPI_HOST_COMMAND_DIRECTION_MASK, 
200115a4:	8b0d                	andi	a4,a4,3
  bitfield |= (value & mask) << index;
200115a6:	076e                	slli	a4,a4,0x1b
    const spi_segment_t seg = peri->txn.segments[peri->scnt];
200115a8:	0117f7b3          	and	a5,a5,a7
200115ac:	05e6                	slli	a1,a1,0x19
        .csaat     = peri->txn.seglen == peri->scnt ? false : true,
200115ae:	00c03633          	snez	a2,a2
{
200115b2:	86aa                	mv	a3,a0
200115b4:	8dd9                	or	a1,a1,a4
        .speed     = bitfield_read(seg.mode, DIR_SPD_MASK, SPD_INDEX),
        .direction = bitfield_read(seg.mode, DIR_SPD_MASK, DIR_INDEX),
    });
    // Since all checks were already made we do not need to check the result of function
    spi_set_command(peri->instance, cmd_reg);
200115b6:	4108                	lw	a0,0(a0)
200115b8:	01861713          	slli	a4,a2,0x18
        .len       = seg.len - 1, // -1 because of SPI Host IP specifications
200115bc:	17fd                	addi	a5,a5,-1
200115be:	8dd9                	or	a1,a1,a4
    cmd_reg = bitfield_write(cmd_reg, SPI_HOST_COMMAND_LEN_MASK, 
200115c0:	0117f7b3          	and	a5,a5,a7
    peri->scnt++;
200115c4:	0306a623          	sw	a6,44(a3)
    spi_set_command(peri->instance, cmd_reg);
200115c8:	8ddd                	or	a1,a1,a5
200115ca:	bef1                	j	200111a6 <spi_set_command>

200115cc <spi_reset_peri>:
}

void spi_reset_peri(spi_peripheral_t* peri) 
{
200115cc:	1141                	addi	sp,sp,-16
200115ce:	c422                	sw	s0,8(sp)
200115d0:	842a                	mv	s0,a0
    // Reset static peripheral variables
    spi_reset_transaction(peri);
    // Reset the SPI peripheral (at hardware level)
    spi_sw_reset(peri->instance);
200115d2:	4108                	lw	a0,0(a0)
{
200115d4:	c606                	sw	ra,12(sp)

void spi_reset_transaction(spi_peripheral_t* peri) 
{
    // Reset all variables relative to the transaction of the static peripheral
    // instance
    peri->scnt      = 0;
200115d6:	02042623          	sw	zero,44(s0)
    peri->txcnt     = 0;
200115da:	02042823          	sw	zero,48(s0)
    peri->rxcnt     = 0;
200115de:	02042a23          	sw	zero,52(s0)
    peri->txn       = (spi_transaction_t) {0};
200115e2:	00042a23          	sw	zero,20(s0)
200115e6:	00042c23          	sw	zero,24(s0)
200115ea:	00042e23          	sw	zero,28(s0)
200115ee:	02042023          	sw	zero,32(s0)
200115f2:	02042223          	sw	zero,36(s0)
200115f6:	02042423          	sw	zero,40(s0)
    peri->callbacks = NULL_CALLBACKS;
200115fa:	02042c23          	sw	zero,56(s0)
200115fe:	02042e23          	sw	zero,60(s0)
20011602:	04042023          	sw	zero,64(s0)
20011606:	04042223          	sw	zero,68(s0)
    spi_sw_reset(peri->instance);
2001160a:	34d9                	jal	200110d0 <spi_sw_reset>
    spi_set_enable(peri->instance, true);
2001160c:	4008                	lw	a0,0(s0)
2001160e:	4585                	li	a1,1
20011610:	3619                	jal	20011116 <spi_set_enable>
    spi_output_enable(peri->instance, true);
20011612:	4008                	lw	a0,0(s0)
20011614:	4585                	li	a1,1
20011616:	3925                	jal	2001124e <spi_output_enable>
    spi_set_errors_enabled(peri->instance, SPI_ERROR_IRQALL, true);
20011618:	4008                	lw	a0,0(s0)
2001161a:	4605                	li	a2,1
2001161c:	45fd                	li	a1,31
2001161e:	a89ff0ef          	jal	ra,200110a6 <spi_set_errors_enabled>
    spi_enable_error_intr(peri->instance, true);
20011622:	4008                	lw	a0,0(s0)
20011624:	4585                	li	a1,1
20011626:	3909                	jal	20011238 <spi_enable_error_intr>
    spi_set_tx_watermark(peri->instance, peri->txwm);
20011628:	00444583          	lbu	a1,4(s0)
2001162c:	4008                	lw	a0,0(s0)
2001162e:	3601                	jal	2001112e <spi_set_tx_watermark>
    spi_set_rx_watermark(peri->instance, peri->rxwm);
20011630:	00544583          	lbu	a1,5(s0)
20011634:	4008                	lw	a0,0(s0)
20011636:	3e39                	jal	20011154 <spi_set_rx_watermark>
    peri->state = SPI_STATE_INIT;
20011638:	4785                	li	a5,1
}
2001163a:	40b2                	lw	ra,12(sp)
    peri->state = SPI_STATE_INIT;
2001163c:	c81c                	sw	a5,16(s0)
    peri->last_id = 0;
2001163e:	00042423          	sw	zero,8(s0)
}
20011642:	4422                	lw	s0,8(sp)
20011644:	0141                	addi	sp,sp,16
20011646:	8082                	ret

20011648 <spi_event_handler>:
}

void spi_event_handler(spi_peripheral_t* peri, spi_event_e events) 
{
20011648:	1141                	addi	sp,sp,-16
2001164a:	c422                	sw	s0,8(sp)
2001164c:	c226                	sw	s1,4(sp)
2001164e:	c606                	sw	ra,12(sp)
    // Ready means it is ready to accept new command segments. So we have two
    // possibilities if the device is ready:
    //  1) It is ready but not idle
    //  2) It is ready and idle
    if (events & SPI_EVENT_READY) 
20011650:	0105f793          	andi	a5,a1,16
{
20011654:	842e                	mv	s0,a1
20011656:	84aa                	mv	s1,a0
    if (events & SPI_EVENT_READY) 
20011658:	cb99                	beqz	a5,2001166e <spi_event_handler+0x26>
    {
        // If SPI is ready and there are still commands to execute, issue next command
        if (peri->txn.segments != NULL && peri->scnt < peri->txn.seglen) 
2001165a:	495c                	lw	a5,20(a0)
2001165c:	c791                	beqz	a5,20011668 <spi_event_handler+0x20>
2001165e:	01854783          	lbu	a5,24(a0)
20011662:	5558                	lw	a4,44(a0)
20011664:	0af76763          	bltu	a4,a5,20011712 <spi_event_handler+0xca>
        {
            spi_issue_next_seg(peri);
        }
        // If no more commands and SPI is idle, it means the transaction is over
        else if (events & SPI_EVENT_IDLE) 
20011668:	02047793          	andi	a5,s0,32
2001166c:	e7a1                	bnez	a5,200116b4 <spi_event_handler+0x6c>
            // Reset all transaction related variables
            spi_reset_transaction(peri);
            return;
        }
    }
    if (events & SPI_EVENT_TXWM)
2001166e:	00847793          	andi	a5,s0,8
20011672:	e795                	bnez	a5,2001169e <spi_event_handler+0x56>
        {
            peri->callbacks.txwm_cb(peri->txn.txbuffer, peri->txcnt, 
                                    peri->txn.rxbuffer, peri->rxcnt);
        }
    }
    if (events & SPI_EVENT_RXWM)
20011674:	8811                	andi	s0,s0,4
20011676:	e411                	bnez	s0,20011682 <spi_event_handler+0x3a>
        {
            peri->callbacks.rxwm_cb(peri->txn.txbuffer, peri->txcnt, 
                                    peri->txn.rxbuffer, peri->rxcnt);
        }
    }
}
20011678:	40b2                	lw	ra,12(sp)
2001167a:	4422                	lw	s0,8(sp)
2001167c:	4492                	lw	s1,4(sp)
2001167e:	0141                	addi	sp,sp,16
20011680:	8082                	ret
        if (spi_empty_rx(peri) && peri->callbacks.rxwm_cb != NULL)
20011682:	8526                	mv	a0,s1
20011684:	3d55                	jal	20011538 <spi_empty_rx>
20011686:	d96d                	beqz	a0,20011678 <spi_event_handler+0x30>
20011688:	40bc                	lw	a5,64(s1)
2001168a:	d7fd                	beqz	a5,20011678 <spi_event_handler+0x30>
}
2001168c:	4422                	lw	s0,8(sp)
            peri->callbacks.rxwm_cb(peri->txn.txbuffer, peri->txcnt, 
2001168e:	58d4                	lw	a3,52(s1)
20011690:	50d0                	lw	a2,36(s1)
20011692:	588c                	lw	a1,48(s1)
20011694:	4cc8                	lw	a0,28(s1)
}
20011696:	40b2                	lw	ra,12(sp)
20011698:	4492                	lw	s1,4(sp)
2001169a:	0141                	addi	sp,sp,16
            peri->callbacks.rxwm_cb(peri->txn.txbuffer, peri->txcnt, 
2001169c:	8782                	jr	a5
        if (spi_fill_tx(peri) && peri->callbacks.txwm_cb != NULL)
2001169e:	8526                	mv	a0,s1
200116a0:	3d89                	jal	200114f2 <spi_fill_tx>
200116a2:	d969                	beqz	a0,20011674 <spi_event_handler+0x2c>
200116a4:	5cdc                	lw	a5,60(s1)
200116a6:	d7f9                	beqz	a5,20011674 <spi_event_handler+0x2c>
            peri->callbacks.txwm_cb(peri->txn.txbuffer, peri->txcnt, 
200116a8:	58d4                	lw	a3,52(s1)
200116aa:	50d0                	lw	a2,36(s1)
200116ac:	588c                	lw	a1,48(s1)
200116ae:	4cc8                	lw	a0,28(s1)
200116b0:	9782                	jalr	a5
200116b2:	b7c9                	j	20011674 <spi_event_handler+0x2c>
            spi_set_events_enabled(peri->instance, SPI_EVENT_ALL, false);
200116b4:	4088                	lw	a0,0(s1)
200116b6:	4601                	li	a2,0
200116b8:	03f00593          	li	a1,63
200116bc:	9bfff0ef          	jal	ra,2001107a <spi_set_events_enabled>
            spi_enable_evt_intr   (peri->instance, false);
200116c0:	4088                	lw	a0,0(s1)
200116c2:	4581                	li	a1,0
200116c4:	3eb9                	jal	20011222 <spi_enable_evt_intr>
            spi_empty_rx(peri);
200116c6:	8526                	mv	a0,s1
200116c8:	3d85                	jal	20011538 <spi_empty_rx>
            if (peri->callbacks.done_cb != NULL) 
200116ca:	5c9c                	lw	a5,56(s1)
            peri->state = SPI_STATE_DONE;
200116cc:	4711                	li	a4,4
200116ce:	c898                	sw	a4,16(s1)
            if (peri->callbacks.done_cb != NULL) 
200116d0:	c791                	beqz	a5,200116dc <spi_event_handler+0x94>
                peri->callbacks.done_cb(peri->txn.txbuffer, peri->txcnt, 
200116d2:	58d4                	lw	a3,52(s1)
200116d4:	50d0                	lw	a2,36(s1)
200116d6:	588c                	lw	a1,48(s1)
200116d8:	4cc8                	lw	a0,28(s1)
200116da:	9782                	jalr	a5
    peri->scnt      = 0;
200116dc:	0204a623          	sw	zero,44(s1) # 2000002c <_sp+0x1ffdec0c>
    peri->txcnt     = 0;
200116e0:	0204a823          	sw	zero,48(s1)
    peri->rxcnt     = 0;
200116e4:	0204aa23          	sw	zero,52(s1)
    peri->txn       = (spi_transaction_t) {0};
200116e8:	0004aa23          	sw	zero,20(s1)
200116ec:	0004ac23          	sw	zero,24(s1)
200116f0:	0004ae23          	sw	zero,28(s1)
200116f4:	0204a023          	sw	zero,32(s1)
200116f8:	0204a223          	sw	zero,36(s1)
200116fc:	0204a423          	sw	zero,40(s1)
    peri->callbacks = NULL_CALLBACKS;
20011700:	0204ac23          	sw	zero,56(s1)
20011704:	0204ae23          	sw	zero,60(s1)
20011708:	0404a023          	sw	zero,64(s1)
2001170c:	0404a223          	sw	zero,68(s1)
            return;
20011710:	b7a5                	j	20011678 <spi_event_handler+0x30>
            spi_issue_next_seg(peri);
20011712:	35ad                	jal	2001157c <spi_issue_next_seg>
20011714:	bfa9                	j	2001166e <spi_event_handler+0x26>

20011716 <spi_error_handler>:

void spi_error_handler(spi_peripheral_t* peri, spi_error_e error) 
{
20011716:	1141                	addi	sp,sp,-16
20011718:	c422                	sw	s0,8(sp)
2001171a:	842a                	mv	s0,a0
    // Disable event interrupts
    spi_set_events_enabled(peri->instance, SPI_EVENT_ALL, false);
2001171c:	4108                	lw	a0,0(a0)
2001171e:	4601                	li	a2,0
20011720:	03f00593          	li	a1,63
{
20011724:	c606                	sw	ra,12(sp)
    spi_set_events_enabled(peri->instance, SPI_EVENT_ALL, false);
20011726:	955ff0ef          	jal	ra,2001107a <spi_set_events_enabled>
    spi_enable_evt_intr   (peri->instance, false);
2001172a:	4008                	lw	a0,0(s0)
2001172c:	4581                	li	a1,0
2001172e:	3cd5                	jal	20011222 <spi_enable_evt_intr>
    // If there is a callback defined invoke it
    if (peri->callbacks.error_cb != NULL) 
20011730:	407c                	lw	a5,68(s0)
20011732:	c791                	beqz	a5,2001173e <spi_error_handler+0x28>
    {
        peri->callbacks.error_cb(peri->txn.txbuffer, peri->txcnt, 
20011734:	5854                	lw	a3,52(s0)
20011736:	5050                	lw	a2,36(s0)
20011738:	580c                	lw	a1,48(s0)
2001173a:	4c48                	lw	a0,28(s0)
2001173c:	9782                	jalr	a5
                                 peri->txn.rxbuffer, peri->rxcnt);
    }
    spi_reset_peri(peri);
2001173e:	8522                	mv	a0,s0
20011740:	3571                	jal	200115cc <spi_reset_peri>
    // Set the state to error
    peri->state = SPI_STATE_ERROR;
20011742:	47a1                	li	a5,8
}
20011744:	40b2                	lw	ra,12(sp)
    peri->state = SPI_STATE_ERROR;
20011746:	c81c                	sw	a5,16(s0)
}
20011748:	4422                	lw	s0,8(sp)
2001174a:	0141                	addi	sp,sp,16
2001174c:	8082                	ret

2001174e <spi_intr_handler_event_flash>:
/**
 * @brief Implementation of the weak function of the HAL
 */
void spi_intr_handler_event_flash(spi_event_e events) 
{
    if (SPI_NOT_BUSY(peripherals[SPI_IDX_FLASH])) return;
2001174e:	000207b7          	lui	a5,0x20
20011752:	00078713          	mv	a4,a5
20011756:	4b14                	lw	a3,16(a4)
20011758:	4709                	li	a4,2
2001175a:	00e68363          	beq	a3,a4,20011760 <spi_intr_handler_event_flash+0x12>
    spi_event_handler(&peripherals[SPI_IDX_FLASH], events);
}
2001175e:	8082                	ret
    spi_event_handler(&peripherals[SPI_IDX_FLASH], events);
20011760:	85aa                	mv	a1,a0
20011762:	00078513          	mv	a0,a5
20011766:	b5cd                	j	20011648 <spi_event_handler>

20011768 <spi_intr_handler_error_flash>:
/**
 * @brief Implementation of the weak function of the HAL
 */
void spi_intr_handler_error_flash(spi_error_e errors) 
{
    if (SPI_NOT_BUSY(peripherals[SPI_IDX_FLASH])) return;
20011768:	000207b7          	lui	a5,0x20
2001176c:	00078713          	mv	a4,a5
20011770:	4b14                	lw	a3,16(a4)
20011772:	4709                	li	a4,2
20011774:	00e68363          	beq	a3,a4,2001177a <spi_intr_handler_error_flash+0x12>
    spi_error_handler(&peripherals[SPI_IDX_FLASH], errors);
}
20011778:	8082                	ret
    spi_error_handler(&peripherals[SPI_IDX_FLASH], errors);
2001177a:	85aa                	mv	a1,a0
2001177c:	00078513          	mv	a0,a5
20011780:	bf59                	j	20011716 <spi_error_handler>

20011782 <spi_intr_handler_event_host>:
/**
 * @brief Implementation of the weak function of the HAL
 */
void spi_intr_handler_event_host(spi_event_e events) 
{
    if (SPI_NOT_BUSY(peripherals[SPI_IDX_HOST])) return;
20011782:	000207b7          	lui	a5,0x20
20011786:	00078793          	mv	a5,a5
2001178a:	4fb4                	lw	a3,88(a5)
2001178c:	4709                	li	a4,2
2001178e:	00e68363          	beq	a3,a4,20011794 <spi_intr_handler_event_host+0x12>
    spi_event_handler(&peripherals[SPI_IDX_HOST], events);
}
20011792:	8082                	ret
    spi_event_handler(&peripherals[SPI_IDX_HOST], events);
20011794:	85aa                	mv	a1,a0
20011796:	04878513          	addi	a0,a5,72 # 20048 <peripherals+0x48>
2001179a:	b57d                	j	20011648 <spi_event_handler>

2001179c <spi_intr_handler_error_host>:
/**
 * @brief Implementation of the weak function of the HAL
 */
void spi_intr_handler_error_host(spi_error_e errors) 
{
    if (SPI_NOT_BUSY(peripherals[SPI_IDX_HOST])) return;
2001179c:	000207b7          	lui	a5,0x20
200117a0:	00078793          	mv	a5,a5
200117a4:	4fb4                	lw	a3,88(a5)
200117a6:	4709                	li	a4,2
200117a8:	00e68363          	beq	a3,a4,200117ae <spi_intr_handler_error_host+0x12>
    spi_error_handler(&peripherals[SPI_IDX_HOST], errors);
}
200117ac:	8082                	ret
    spi_error_handler(&peripherals[SPI_IDX_HOST], errors);
200117ae:	85aa                	mv	a1,a0
200117b0:	04878513          	addi	a0,a5,72 # 20048 <peripherals+0x48>
200117b4:	b78d                	j	20011716 <spi_error_handler>

200117b6 <atexit>:
200117b6:	85aa                	mv	a1,a0
200117b8:	4681                	li	a3,0
200117ba:	4601                	li	a2,0
200117bc:	4501                	li	a0,0
200117be:	ab61                	j	20011d56 <__register_exitproc>

200117c0 <exit>:
200117c0:	1141                	addi	sp,sp,-16
200117c2:	200127b7          	lui	a5,0x20012
200117c6:	c422                	sw	s0,8(sp)
200117c8:	c606                	sw	ra,12(sp)
200117ca:	dcc78793          	addi	a5,a5,-564 # 20011dcc <__call_exitprocs>
200117ce:	842a                	mv	s0,a0
200117d0:	c399                	beqz	a5,200117d6 <exit+0x16>
200117d2:	4581                	li	a1,0
200117d4:	2be5                	jal	20011dcc <__call_exitprocs>
200117d6:	200137b7          	lui	a5,0x20013
200117da:	5147a503          	lw	a0,1300(a5) # 20013514 <_global_impure_ptr>
200117de:	551c                	lw	a5,40(a0)
200117e0:	c391                	beqz	a5,200117e4 <exit+0x24>
200117e2:	9782                	jalr	a5
200117e4:	8522                	mv	a0,s0
200117e6:	3929                	jal	20011400 <_exit>

200117e8 <__libc_fini_array>:
200117e8:	1141                	addi	sp,sp,-16
200117ea:	c422                	sw	s0,8(sp)
200117ec:	00000713          	li	a4,0
200117f0:	00000413          	li	s0,0
200117f4:	8c19                	sub	s0,s0,a4
200117f6:	c226                	sw	s1,4(sp)
200117f8:	c606                	sw	ra,12(sp)
200117fa:	8409                	srai	s0,s0,0x2
200117fc:	00000493          	li	s1,0
20011800:	e411                	bnez	s0,2001180c <__libc_fini_array+0x24>
20011802:	40b2                	lw	ra,12(sp)
20011804:	4422                	lw	s0,8(sp)
20011806:	4492                	lw	s1,4(sp)
20011808:	0141                	addi	sp,sp,16
2001180a:	8082                	ret
2001180c:	147d                	addi	s0,s0,-1
2001180e:	00241793          	slli	a5,s0,0x2
20011812:	97a6                	add	a5,a5,s1
20011814:	439c                	lw	a5,0(a5)
20011816:	9782                	jalr	a5
20011818:	b7e5                	j	20011800 <__libc_fini_array+0x18>

2001181a <__libc_init_array>:
2001181a:	1141                	addi	sp,sp,-16
2001181c:	c422                	sw	s0,8(sp)
2001181e:	c226                	sw	s1,4(sp)
20011820:	00000793          	li	a5,0
20011824:	00000413          	li	s0,0
20011828:	8c1d                	sub	s0,s0,a5
2001182a:	c04a                	sw	s2,0(sp)
2001182c:	c606                	sw	ra,12(sp)
2001182e:	8409                	srai	s0,s0,0x2
20011830:	00000493          	li	s1,0
20011834:	4901                	li	s2,0
20011836:	02891363          	bne	s2,s0,2001185c <__libc_init_array+0x42>
2001183a:	00000793          	li	a5,0
2001183e:	00000413          	li	s0,0
20011842:	8c1d                	sub	s0,s0,a5
20011844:	8409                	srai	s0,s0,0x2
20011846:	00000493          	li	s1,0
2001184a:	4901                	li	s2,0
2001184c:	00891d63          	bne	s2,s0,20011866 <__libc_init_array+0x4c>
20011850:	40b2                	lw	ra,12(sp)
20011852:	4422                	lw	s0,8(sp)
20011854:	4492                	lw	s1,4(sp)
20011856:	4902                	lw	s2,0(sp)
20011858:	0141                	addi	sp,sp,16
2001185a:	8082                	ret
2001185c:	409c                	lw	a5,0(s1)
2001185e:	0905                	addi	s2,s2,1
20011860:	0491                	addi	s1,s1,4
20011862:	9782                	jalr	a5
20011864:	bfc9                	j	20011836 <__libc_init_array+0x1c>
20011866:	409c                	lw	a5,0(s1)
20011868:	0905                	addi	s2,s2,1
2001186a:	0491                	addi	s1,s1,4
2001186c:	9782                	jalr	a5
2001186e:	bff9                	j	2001184c <__libc_init_array+0x32>

20011870 <memcmp>:
20011870:	4701                	li	a4,0
20011872:	00e61463          	bne	a2,a4,2001187a <memcmp+0xa>
20011876:	4501                	li	a0,0
20011878:	8082                	ret
2001187a:	00e507b3          	add	a5,a0,a4
2001187e:	0705                	addi	a4,a4,1
20011880:	00e586b3          	add	a3,a1,a4
20011884:	0007c783          	lbu	a5,0(a5)
20011888:	fff6c683          	lbu	a3,-1(a3)
2001188c:	fed783e3          	beq	a5,a3,20011872 <memcmp+0x2>
20011890:	40d78533          	sub	a0,a5,a3
20011894:	8082                	ret

20011896 <_free_r>:
20011896:	c1c5                	beqz	a1,20011936 <_free_r+0xa0>
20011898:	ffc5a783          	lw	a5,-4(a1)
2001189c:	1101                	addi	sp,sp,-32
2001189e:	cc22                	sw	s0,24(sp)
200118a0:	ce06                	sw	ra,28(sp)
200118a2:	ffc58413          	addi	s0,a1,-4
200118a6:	0007d363          	bgez	a5,200118ac <_free_r+0x16>
200118aa:	943e                	add	s0,s0,a5
200118ac:	c62a                	sw	a0,12(sp)
200118ae:	2ad000ef          	jal	ra,2001235a <__malloc_lock>
200118b2:	c081a783          	lw	a5,-1016(gp) # 20408 <__malloc_free_list>
200118b6:	4532                	lw	a0,12(sp)
200118b8:	eb91                	bnez	a5,200118cc <_free_r+0x36>
200118ba:	00042223          	sw	zero,4(s0)
200118be:	c081a423          	sw	s0,-1016(gp) # 20408 <__malloc_free_list>
200118c2:	4462                	lw	s0,24(sp)
200118c4:	40f2                	lw	ra,28(sp)
200118c6:	6105                	addi	sp,sp,32
200118c8:	2950006f          	j	2001235c <__malloc_unlock>
200118cc:	00f47d63          	bgeu	s0,a5,200118e6 <_free_r+0x50>
200118d0:	4010                	lw	a2,0(s0)
200118d2:	00c406b3          	add	a3,s0,a2
200118d6:	00d79663          	bne	a5,a3,200118e2 <_free_r+0x4c>
200118da:	4394                	lw	a3,0(a5)
200118dc:	43dc                	lw	a5,4(a5)
200118de:	96b2                	add	a3,a3,a2
200118e0:	c014                	sw	a3,0(s0)
200118e2:	c05c                	sw	a5,4(s0)
200118e4:	bfe9                	j	200118be <_free_r+0x28>
200118e6:	873e                	mv	a4,a5
200118e8:	43dc                	lw	a5,4(a5)
200118ea:	c399                	beqz	a5,200118f0 <_free_r+0x5a>
200118ec:	fef47de3          	bgeu	s0,a5,200118e6 <_free_r+0x50>
200118f0:	4314                	lw	a3,0(a4)
200118f2:	00d70633          	add	a2,a4,a3
200118f6:	00861f63          	bne	a2,s0,20011914 <_free_r+0x7e>
200118fa:	4010                	lw	a2,0(s0)
200118fc:	96b2                	add	a3,a3,a2
200118fe:	c314                	sw	a3,0(a4)
20011900:	00d70633          	add	a2,a4,a3
20011904:	fac79fe3          	bne	a5,a2,200118c2 <_free_r+0x2c>
20011908:	4390                	lw	a2,0(a5)
2001190a:	43dc                	lw	a5,4(a5)
2001190c:	96b2                	add	a3,a3,a2
2001190e:	c314                	sw	a3,0(a4)
20011910:	c35c                	sw	a5,4(a4)
20011912:	bf45                	j	200118c2 <_free_r+0x2c>
20011914:	00c47563          	bgeu	s0,a2,2001191e <_free_r+0x88>
20011918:	47b1                	li	a5,12
2001191a:	c11c                	sw	a5,0(a0)
2001191c:	b75d                	j	200118c2 <_free_r+0x2c>
2001191e:	4010                	lw	a2,0(s0)
20011920:	00c406b3          	add	a3,s0,a2
20011924:	00d79663          	bne	a5,a3,20011930 <_free_r+0x9a>
20011928:	4394                	lw	a3,0(a5)
2001192a:	43dc                	lw	a5,4(a5)
2001192c:	96b2                	add	a3,a3,a2
2001192e:	c014                	sw	a3,0(s0)
20011930:	c05c                	sw	a5,4(s0)
20011932:	c340                	sw	s0,4(a4)
20011934:	b779                	j	200118c2 <_free_r+0x2c>
20011936:	8082                	ret

20011938 <_malloc_r>:
20011938:	1101                	addi	sp,sp,-32
2001193a:	ca26                	sw	s1,20(sp)
2001193c:	00358493          	addi	s1,a1,3
20011940:	98f1                	andi	s1,s1,-4
20011942:	c84a                	sw	s2,16(sp)
20011944:	ce06                	sw	ra,28(sp)
20011946:	cc22                	sw	s0,24(sp)
20011948:	c64e                	sw	s3,12(sp)
2001194a:	04a1                	addi	s1,s1,8
2001194c:	47b1                	li	a5,12
2001194e:	892a                	mv	s2,a0
20011950:	04f4f163          	bgeu	s1,a5,20011992 <_malloc_r+0x5a>
20011954:	44b1                	li	s1,12
20011956:	04b4e063          	bltu	s1,a1,20011996 <_malloc_r+0x5e>
2001195a:	854a                	mv	a0,s2
2001195c:	1ff000ef          	jal	ra,2001235a <__malloc_lock>
20011960:	c081a703          	lw	a4,-1016(gp) # 20408 <__malloc_free_list>
20011964:	843a                	mv	s0,a4
20011966:	e039                	bnez	s0,200119ac <_malloc_r+0x74>
20011968:	c041a783          	lw	a5,-1020(gp) # 20404 <__malloc_sbrk_start>
2001196c:	e791                	bnez	a5,20011978 <_malloc_r+0x40>
2001196e:	4581                	li	a1,0
20011970:	854a                	mv	a0,s2
20011972:	22ed                	jal	20011b5c <_sbrk_r>
20011974:	c0a1a223          	sw	a0,-1020(gp) # 20404 <__malloc_sbrk_start>
20011978:	85a6                	mv	a1,s1
2001197a:	854a                	mv	a0,s2
2001197c:	22c5                	jal	20011b5c <_sbrk_r>
2001197e:	59fd                	li	s3,-1
20011980:	07351b63          	bne	a0,s3,200119f6 <_malloc_r+0xbe>
20011984:	47b1                	li	a5,12
20011986:	00f92023          	sw	a5,0(s2)
2001198a:	854a                	mv	a0,s2
2001198c:	1d1000ef          	jal	ra,2001235c <__malloc_unlock>
20011990:	a031                	j	2001199c <_malloc_r+0x64>
20011992:	fc04d2e3          	bgez	s1,20011956 <_malloc_r+0x1e>
20011996:	47b1                	li	a5,12
20011998:	00f92023          	sw	a5,0(s2)
2001199c:	4501                	li	a0,0
2001199e:	40f2                	lw	ra,28(sp)
200119a0:	4462                	lw	s0,24(sp)
200119a2:	44d2                	lw	s1,20(sp)
200119a4:	4942                	lw	s2,16(sp)
200119a6:	49b2                	lw	s3,12(sp)
200119a8:	6105                	addi	sp,sp,32
200119aa:	8082                	ret
200119ac:	401c                	lw	a5,0(s0)
200119ae:	8f85                	sub	a5,a5,s1
200119b0:	0407c063          	bltz	a5,200119f0 <_malloc_r+0xb8>
200119b4:	462d                	li	a2,11
200119b6:	00f67663          	bgeu	a2,a5,200119c2 <_malloc_r+0x8a>
200119ba:	c01c                	sw	a5,0(s0)
200119bc:	943e                	add	s0,s0,a5
200119be:	c004                	sw	s1,0(s0)
200119c0:	a031                	j	200119cc <_malloc_r+0x94>
200119c2:	405c                	lw	a5,4(s0)
200119c4:	02871463          	bne	a4,s0,200119ec <_malloc_r+0xb4>
200119c8:	c0f1a423          	sw	a5,-1016(gp) # 20408 <__malloc_free_list>
200119cc:	854a                	mv	a0,s2
200119ce:	18f000ef          	jal	ra,2001235c <__malloc_unlock>
200119d2:	00b40513          	addi	a0,s0,11
200119d6:	00440793          	addi	a5,s0,4
200119da:	9961                	andi	a0,a0,-8
200119dc:	40f50733          	sub	a4,a0,a5
200119e0:	faf50fe3          	beq	a0,a5,2001199e <_malloc_r+0x66>
200119e4:	943a                	add	s0,s0,a4
200119e6:	8f89                	sub	a5,a5,a0
200119e8:	c01c                	sw	a5,0(s0)
200119ea:	bf55                	j	2001199e <_malloc_r+0x66>
200119ec:	c35c                	sw	a5,4(a4)
200119ee:	bff9                	j	200119cc <_malloc_r+0x94>
200119f0:	8722                	mv	a4,s0
200119f2:	4040                	lw	s0,4(s0)
200119f4:	bf8d                	j	20011966 <_malloc_r+0x2e>
200119f6:	00350413          	addi	s0,a0,3
200119fa:	9871                	andi	s0,s0,-4
200119fc:	fc8501e3          	beq	a0,s0,200119be <_malloc_r+0x86>
20011a00:	40a405b3          	sub	a1,s0,a0
20011a04:	854a                	mv	a0,s2
20011a06:	2a99                	jal	20011b5c <_sbrk_r>
20011a08:	fb351be3          	bne	a0,s3,200119be <_malloc_r+0x86>
20011a0c:	bfa5                	j	20011984 <_malloc_r+0x4c>

20011a0e <iprintf>:
20011a0e:	715d                	addi	sp,sp,-80
20011a10:	c2be                	sw	a5,68(sp)
20011a12:	d422                	sw	s0,40(sp)
20011a14:	842a                	mv	s0,a0
20011a16:	93c1a503          	lw	a0,-1732(gp) # 2013c <_impure_ptr>
20011a1a:	d606                	sw	ra,44(sp)
20011a1c:	da2e                	sw	a1,52(sp)
20011a1e:	dc32                	sw	a2,56(sp)
20011a20:	de36                	sw	a3,60(sp)
20011a22:	c0ba                	sw	a4,64(sp)
20011a24:	c4c2                	sw	a6,72(sp)
20011a26:	c6c6                	sw	a7,76(sp)
20011a28:	c511                	beqz	a0,20011a34 <iprintf+0x26>
20011a2a:	4d1c                	lw	a5,24(a0)
20011a2c:	e781                	bnez	a5,20011a34 <iprintf+0x26>
20011a2e:	c62a                	sw	a0,12(sp)
20011a30:	2d5d                	jal	200120e6 <__sinit>
20011a32:	4532                	lw	a0,12(sp)
20011a34:	450c                	lw	a1,8(a0)
20011a36:	1854                	addi	a3,sp,52
20011a38:	8622                	mv	a2,s0
20011a3a:	ce36                	sw	a3,28(sp)
20011a3c:	18f000ef          	jal	ra,200123ca <_vfiprintf_r>
20011a40:	50b2                	lw	ra,44(sp)
20011a42:	5422                	lw	s0,40(sp)
20011a44:	6161                	addi	sp,sp,80
20011a46:	8082                	ret

20011a48 <putchar>:
20011a48:	85aa                	mv	a1,a0
20011a4a:	93c1a503          	lw	a0,-1732(gp) # 2013c <_impure_ptr>
20011a4e:	cd19                	beqz	a0,20011a6c <putchar+0x24>
20011a50:	4d1c                	lw	a5,24(a0)
20011a52:	ef89                	bnez	a5,20011a6c <putchar+0x24>
20011a54:	1101                	addi	sp,sp,-32
20011a56:	ce06                	sw	ra,28(sp)
20011a58:	c62e                	sw	a1,12(sp)
20011a5a:	c42a                	sw	a0,8(sp)
20011a5c:	2569                	jal	200120e6 <__sinit>
20011a5e:	4522                	lw	a0,8(sp)
20011a60:	45b2                	lw	a1,12(sp)
20011a62:	40f2                	lw	ra,28(sp)
20011a64:	4510                	lw	a2,8(a0)
20011a66:	6105                	addi	sp,sp,32
20011a68:	78f0006f          	j	200129f6 <_putc_r>
20011a6c:	4510                	lw	a2,8(a0)
20011a6e:	bfed                	j	20011a68 <putchar+0x20>

20011a70 <_puts_r>:
20011a70:	1101                	addi	sp,sp,-32
20011a72:	ca26                	sw	s1,20(sp)
20011a74:	ce06                	sw	ra,28(sp)
20011a76:	cc22                	sw	s0,24(sp)
20011a78:	c84a                	sw	s2,16(sp)
20011a7a:	c64e                	sw	s3,12(sp)
20011a7c:	c452                	sw	s4,8(sp)
20011a7e:	84aa                	mv	s1,a0
20011a80:	e119                	bnez	a0,20011a86 <_puts_r+0x16>
20011a82:	451c                	lw	a5,8(a0)
20011a84:	9002                	ebreak
20011a86:	4d1c                	lw	a5,24(a0)
20011a88:	892e                	mv	s2,a1
20011a8a:	ef9d                	bnez	a5,20011ac8 <_puts_r+0x58>
20011a8c:	2da9                	jal	200120e6 <__sinit>
20011a8e:	4c9c                	lw	a5,24(s1)
20011a90:	4480                	lw	s0,8(s1)
20011a92:	cf8d                	beqz	a5,20011acc <_puts_r+0x5c>
20011a94:	200137b7          	lui	a5,0x20013
20011a98:	46078793          	addi	a5,a5,1120 # 20013460 <__sf_fake_stdin>
20011a9c:	02f41b63          	bne	s0,a5,20011ad2 <_puts_r+0x62>
20011aa0:	40c0                	lw	s0,4(s1)
20011aa2:	00c45783          	lhu	a5,12(s0)
20011aa6:	8ba1                	andi	a5,a5,8
20011aa8:	c399                	beqz	a5,20011aae <_puts_r+0x3e>
20011aaa:	481c                	lw	a5,16(s0)
20011aac:	ebc9                	bnez	a5,20011b3e <_puts_r+0xce>
20011aae:	85a2                	mv	a1,s0
20011ab0:	8526                	mv	a0,s1
20011ab2:	2265                	jal	20011c5a <__swsetup_r>
20011ab4:	c549                	beqz	a0,20011b3e <_puts_r+0xce>
20011ab6:	557d                	li	a0,-1
20011ab8:	40f2                	lw	ra,28(sp)
20011aba:	4462                	lw	s0,24(sp)
20011abc:	44d2                	lw	s1,20(sp)
20011abe:	4942                	lw	s2,16(sp)
20011ac0:	49b2                	lw	s3,12(sp)
20011ac2:	4a22                	lw	s4,8(sp)
20011ac4:	6105                	addi	sp,sp,32
20011ac6:	8082                	ret
20011ac8:	4500                	lw	s0,8(a0)
20011aca:	b7e9                	j	20011a94 <_puts_r+0x24>
20011acc:	8526                	mv	a0,s1
20011ace:	2d21                	jal	200120e6 <__sinit>
20011ad0:	b7d1                	j	20011a94 <_puts_r+0x24>
20011ad2:	200137b7          	lui	a5,0x20013
20011ad6:	44078793          	addi	a5,a5,1088 # 20013440 <__sf_fake_stdout>
20011ada:	00f41463          	bne	s0,a5,20011ae2 <_puts_r+0x72>
20011ade:	4480                	lw	s0,8(s1)
20011ae0:	b7c9                	j	20011aa2 <_puts_r+0x32>
20011ae2:	200137b7          	lui	a5,0x20013
20011ae6:	42078793          	addi	a5,a5,1056 # 20013420 <__sf_fake_stderr>
20011aea:	faf41ce3          	bne	s0,a5,20011aa2 <_puts_r+0x32>
20011aee:	44c0                	lw	s0,12(s1)
20011af0:	bf4d                	j	20011aa2 <_puts_r+0x32>
20011af2:	c41c                	sw	a5,8(s0)
20011af4:	0905                	addi	s2,s2,1
20011af6:	0207c963          	bltz	a5,20011b28 <_puts_r+0xb8>
20011afa:	401c                	lw	a5,0(s0)
20011afc:	00178713          	addi	a4,a5,1
20011b00:	c018                	sw	a4,0(s0)
20011b02:	00b78023          	sb	a1,0(a5)
20011b06:	441c                	lw	a5,8(s0)
20011b08:	00094583          	lbu	a1,0(s2)
20011b0c:	17fd                	addi	a5,a5,-1
20011b0e:	f1f5                	bnez	a1,20011af2 <_puts_r+0x82>
20011b10:	c41c                	sw	a5,8(s0)
20011b12:	0207d963          	bgez	a5,20011b44 <_puts_r+0xd4>
20011b16:	8622                	mv	a2,s0
20011b18:	45a9                	li	a1,10
20011b1a:	8526                	mv	a0,s1
20011b1c:	28bd                	jal	20011b9a <__swbuf_r>
20011b1e:	57fd                	li	a5,-1
20011b20:	f8f50be3          	beq	a0,a5,20011ab6 <_puts_r+0x46>
20011b24:	4529                	li	a0,10
20011b26:	bf49                	j	20011ab8 <_puts_r+0x48>
20011b28:	4c18                	lw	a4,24(s0)
20011b2a:	00e7c463          	blt	a5,a4,20011b32 <_puts_r+0xc2>
20011b2e:	fd4596e3          	bne	a1,s4,20011afa <_puts_r+0x8a>
20011b32:	8622                	mv	a2,s0
20011b34:	8526                	mv	a0,s1
20011b36:	2095                	jal	20011b9a <__swbuf_r>
20011b38:	fd3517e3          	bne	a0,s3,20011b06 <_puts_r+0x96>
20011b3c:	bfad                	j	20011ab6 <_puts_r+0x46>
20011b3e:	59fd                	li	s3,-1
20011b40:	4a29                	li	s4,10
20011b42:	b7d1                	j	20011b06 <_puts_r+0x96>
20011b44:	401c                	lw	a5,0(s0)
20011b46:	00178713          	addi	a4,a5,1
20011b4a:	c018                	sw	a4,0(s0)
20011b4c:	4729                	li	a4,10
20011b4e:	00e78023          	sb	a4,0(a5)
20011b52:	bfc9                	j	20011b24 <_puts_r+0xb4>

20011b54 <puts>:
20011b54:	85aa                	mv	a1,a0
20011b56:	93c1a503          	lw	a0,-1732(gp) # 2013c <_impure_ptr>
20011b5a:	bf19                	j	20011a70 <_puts_r>

20011b5c <_sbrk_r>:
20011b5c:	1141                	addi	sp,sp,-16
20011b5e:	c422                	sw	s0,8(sp)
20011b60:	c226                	sw	s1,4(sp)
20011b62:	842a                	mv	s0,a0
20011b64:	852e                	mv	a0,a1
20011b66:	c606                	sw	ra,12(sp)
20011b68:	c001a623          	sw	zero,-1012(gp) # 2040c <errno>
20011b6c:	95dff0ef          	jal	ra,200114c8 <_sbrk>
20011b70:	57fd                	li	a5,-1
20011b72:	00f51663          	bne	a0,a5,20011b7e <_sbrk_r+0x22>
20011b76:	c0c1a783          	lw	a5,-1012(gp) # 2040c <errno>
20011b7a:	c391                	beqz	a5,20011b7e <_sbrk_r+0x22>
20011b7c:	c01c                	sw	a5,0(s0)
20011b7e:	40b2                	lw	ra,12(sp)
20011b80:	4422                	lw	s0,8(sp)
20011b82:	4492                	lw	s1,4(sp)
20011b84:	0141                	addi	sp,sp,16
20011b86:	8082                	ret

20011b88 <strlen>:
20011b88:	87aa                	mv	a5,a0
20011b8a:	0007c703          	lbu	a4,0(a5)
20011b8e:	0785                	addi	a5,a5,1
20011b90:	ff6d                	bnez	a4,20011b8a <strlen+0x2>
20011b92:	40a78533          	sub	a0,a5,a0
20011b96:	157d                	addi	a0,a0,-1
20011b98:	8082                	ret

20011b9a <__swbuf_r>:
20011b9a:	1101                	addi	sp,sp,-32
20011b9c:	cc22                	sw	s0,24(sp)
20011b9e:	ca26                	sw	s1,20(sp)
20011ba0:	c84a                	sw	s2,16(sp)
20011ba2:	ce06                	sw	ra,28(sp)
20011ba4:	c64e                	sw	s3,12(sp)
20011ba6:	84aa                	mv	s1,a0
20011ba8:	892e                	mv	s2,a1
20011baa:	8432                	mv	s0,a2
20011bac:	c501                	beqz	a0,20011bb4 <__swbuf_r+0x1a>
20011bae:	4d1c                	lw	a5,24(a0)
20011bb0:	e391                	bnez	a5,20011bb4 <__swbuf_r+0x1a>
20011bb2:	2b15                	jal	200120e6 <__sinit>
20011bb4:	200137b7          	lui	a5,0x20013
20011bb8:	46078793          	addi	a5,a5,1120 # 20013460 <__sf_fake_stdin>
20011bbc:	02f41863          	bne	s0,a5,20011bec <__swbuf_r+0x52>
20011bc0:	40c0                	lw	s0,4(s1)
20011bc2:	4c1c                	lw	a5,24(s0)
20011bc4:	c41c                	sw	a5,8(s0)
20011bc6:	00c45783          	lhu	a5,12(s0)
20011bca:	8ba1                	andi	a5,a5,8
20011bcc:	c399                	beqz	a5,20011bd2 <__swbuf_r+0x38>
20011bce:	481c                	lw	a5,16(s0)
20011bd0:	ef95                	bnez	a5,20011c0c <__swbuf_r+0x72>
20011bd2:	85a2                	mv	a1,s0
20011bd4:	8526                	mv	a0,s1
20011bd6:	2051                	jal	20011c5a <__swsetup_r>
20011bd8:	c915                	beqz	a0,20011c0c <__swbuf_r+0x72>
20011bda:	597d                	li	s2,-1
20011bdc:	40f2                	lw	ra,28(sp)
20011bde:	4462                	lw	s0,24(sp)
20011be0:	44d2                	lw	s1,20(sp)
20011be2:	49b2                	lw	s3,12(sp)
20011be4:	854a                	mv	a0,s2
20011be6:	4942                	lw	s2,16(sp)
20011be8:	6105                	addi	sp,sp,32
20011bea:	8082                	ret
20011bec:	200137b7          	lui	a5,0x20013
20011bf0:	44078793          	addi	a5,a5,1088 # 20013440 <__sf_fake_stdout>
20011bf4:	00f41463          	bne	s0,a5,20011bfc <__swbuf_r+0x62>
20011bf8:	4480                	lw	s0,8(s1)
20011bfa:	b7e1                	j	20011bc2 <__swbuf_r+0x28>
20011bfc:	200137b7          	lui	a5,0x20013
20011c00:	42078793          	addi	a5,a5,1056 # 20013420 <__sf_fake_stderr>
20011c04:	faf41fe3          	bne	s0,a5,20011bc2 <__swbuf_r+0x28>
20011c08:	44c0                	lw	s0,12(s1)
20011c0a:	bf65                	j	20011bc2 <__swbuf_r+0x28>
20011c0c:	481c                	lw	a5,16(s0)
20011c0e:	4008                	lw	a0,0(s0)
20011c10:	0ff97993          	zext.b	s3,s2
20011c14:	0ff97913          	zext.b	s2,s2
20011c18:	8d1d                	sub	a0,a0,a5
20011c1a:	485c                	lw	a5,20(s0)
20011c1c:	00f54663          	blt	a0,a5,20011c28 <__swbuf_r+0x8e>
20011c20:	85a2                	mv	a1,s0
20011c22:	8526                	mv	a0,s1
20011c24:	264d                	jal	20011fc6 <_fflush_r>
20011c26:	f955                	bnez	a0,20011bda <__swbuf_r+0x40>
20011c28:	441c                	lw	a5,8(s0)
20011c2a:	0505                	addi	a0,a0,1
20011c2c:	17fd                	addi	a5,a5,-1
20011c2e:	c41c                	sw	a5,8(s0)
20011c30:	401c                	lw	a5,0(s0)
20011c32:	00178713          	addi	a4,a5,1
20011c36:	c018                	sw	a4,0(s0)
20011c38:	01378023          	sb	s3,0(a5)
20011c3c:	485c                	lw	a5,20(s0)
20011c3e:	00a78963          	beq	a5,a0,20011c50 <__swbuf_r+0xb6>
20011c42:	00c45783          	lhu	a5,12(s0)
20011c46:	8b85                	andi	a5,a5,1
20011c48:	dbd1                	beqz	a5,20011bdc <__swbuf_r+0x42>
20011c4a:	47a9                	li	a5,10
20011c4c:	f8f918e3          	bne	s2,a5,20011bdc <__swbuf_r+0x42>
20011c50:	85a2                	mv	a1,s0
20011c52:	8526                	mv	a0,s1
20011c54:	2e8d                	jal	20011fc6 <_fflush_r>
20011c56:	d159                	beqz	a0,20011bdc <__swbuf_r+0x42>
20011c58:	b749                	j	20011bda <__swbuf_r+0x40>

20011c5a <__swsetup_r>:
20011c5a:	1141                	addi	sp,sp,-16
20011c5c:	c226                	sw	s1,4(sp)
20011c5e:	93c1a483          	lw	s1,-1732(gp) # 2013c <_impure_ptr>
20011c62:	c422                	sw	s0,8(sp)
20011c64:	c04a                	sw	s2,0(sp)
20011c66:	c606                	sw	ra,12(sp)
20011c68:	892a                	mv	s2,a0
20011c6a:	842e                	mv	s0,a1
20011c6c:	c489                	beqz	s1,20011c76 <__swsetup_r+0x1c>
20011c6e:	4c9c                	lw	a5,24(s1)
20011c70:	e399                	bnez	a5,20011c76 <__swsetup_r+0x1c>
20011c72:	8526                	mv	a0,s1
20011c74:	298d                	jal	200120e6 <__sinit>
20011c76:	200137b7          	lui	a5,0x20013
20011c7a:	46078793          	addi	a5,a5,1120 # 20013460 <__sf_fake_stdin>
20011c7e:	02f41463          	bne	s0,a5,20011ca6 <__swsetup_r+0x4c>
20011c82:	40c0                	lw	s0,4(s1)
20011c84:	00c41783          	lh	a5,12(s0)
20011c88:	0087f713          	andi	a4,a5,8
20011c8c:	eb35                	bnez	a4,20011d00 <__swsetup_r+0xa6>
20011c8e:	0107f713          	andi	a4,a5,16
20011c92:	eb15                	bnez	a4,20011cc6 <__swsetup_r+0x6c>
20011c94:	4725                	li	a4,9
20011c96:	00e92023          	sw	a4,0(s2)
20011c9a:	0407e793          	ori	a5,a5,64
20011c9e:	00f41623          	sh	a5,12(s0)
20011ca2:	557d                	li	a0,-1
20011ca4:	a861                	j	20011d3c <__swsetup_r+0xe2>
20011ca6:	200137b7          	lui	a5,0x20013
20011caa:	44078793          	addi	a5,a5,1088 # 20013440 <__sf_fake_stdout>
20011cae:	00f41463          	bne	s0,a5,20011cb6 <__swsetup_r+0x5c>
20011cb2:	4480                	lw	s0,8(s1)
20011cb4:	bfc1                	j	20011c84 <__swsetup_r+0x2a>
20011cb6:	200137b7          	lui	a5,0x20013
20011cba:	42078793          	addi	a5,a5,1056 # 20013420 <__sf_fake_stderr>
20011cbe:	fcf413e3          	bne	s0,a5,20011c84 <__swsetup_r+0x2a>
20011cc2:	44c0                	lw	s0,12(s1)
20011cc4:	b7c1                	j	20011c84 <__swsetup_r+0x2a>
20011cc6:	8b91                	andi	a5,a5,4
20011cc8:	c795                	beqz	a5,20011cf4 <__swsetup_r+0x9a>
20011cca:	584c                	lw	a1,52(s0)
20011ccc:	c991                	beqz	a1,20011ce0 <__swsetup_r+0x86>
20011cce:	04440793          	addi	a5,s0,68
20011cd2:	00f58563          	beq	a1,a5,20011cdc <__swsetup_r+0x82>
20011cd6:	854a                	mv	a0,s2
20011cd8:	bbfff0ef          	jal	ra,20011896 <_free_r>
20011cdc:	02042a23          	sw	zero,52(s0)
20011ce0:	00c45783          	lhu	a5,12(s0)
20011ce4:	00042223          	sw	zero,4(s0)
20011ce8:	fdb7f793          	andi	a5,a5,-37
20011cec:	00f41623          	sh	a5,12(s0)
20011cf0:	481c                	lw	a5,16(s0)
20011cf2:	c01c                	sw	a5,0(s0)
20011cf4:	00c45783          	lhu	a5,12(s0)
20011cf8:	0087e793          	ori	a5,a5,8
20011cfc:	00f41623          	sh	a5,12(s0)
20011d00:	481c                	lw	a5,16(s0)
20011d02:	ef81                	bnez	a5,20011d1a <__swsetup_r+0xc0>
20011d04:	00c45783          	lhu	a5,12(s0)
20011d08:	20000713          	li	a4,512
20011d0c:	2807f793          	andi	a5,a5,640
20011d10:	00e78563          	beq	a5,a4,20011d1a <__swsetup_r+0xc0>
20011d14:	85a2                	mv	a1,s0
20011d16:	854a                	mv	a0,s2
20011d18:	2b71                	jal	200122b4 <__smakebuf_r>
20011d1a:	00c41783          	lh	a5,12(s0)
20011d1e:	0017f713          	andi	a4,a5,1
20011d22:	c31d                	beqz	a4,20011d48 <__swsetup_r+0xee>
20011d24:	4858                	lw	a4,20(s0)
20011d26:	00042423          	sw	zero,8(s0)
20011d2a:	40e00733          	neg	a4,a4
20011d2e:	cc18                	sw	a4,24(s0)
20011d30:	4818                	lw	a4,16(s0)
20011d32:	4501                	li	a0,0
20011d34:	e701                	bnez	a4,20011d3c <__swsetup_r+0xe2>
20011d36:	0807f713          	andi	a4,a5,128
20011d3a:	f325                	bnez	a4,20011c9a <__swsetup_r+0x40>
20011d3c:	40b2                	lw	ra,12(sp)
20011d3e:	4422                	lw	s0,8(sp)
20011d40:	4492                	lw	s1,4(sp)
20011d42:	4902                	lw	s2,0(sp)
20011d44:	0141                	addi	sp,sp,16
20011d46:	8082                	ret
20011d48:	0027f713          	andi	a4,a5,2
20011d4c:	4681                	li	a3,0
20011d4e:	e311                	bnez	a4,20011d52 <__swsetup_r+0xf8>
20011d50:	4854                	lw	a3,20(s0)
20011d52:	c414                	sw	a3,8(s0)
20011d54:	bff1                	j	20011d30 <__swsetup_r+0xd6>

20011d56 <__register_exitproc>:
20011d56:	c101a783          	lw	a5,-1008(gp) # 20410 <_global_atexit>
20011d5a:	88aa                	mv	a7,a0
20011d5c:	ef91                	bnez	a5,20011d78 <__register_exitproc+0x22>
20011d5e:	b7418513          	addi	a0,gp,-1164 # 20374 <_global_atexit0>
20011d62:	c0a1a823          	sw	a0,-1008(gp) # 20410 <_global_atexit>
20011d66:	00000513          	li	a0,0
20011d6a:	b7418793          	addi	a5,gp,-1164 # 20374 <_global_atexit0>
20011d6e:	c509                	beqz	a0,20011d78 <__register_exitproc+0x22>
20011d70:	00002703          	lw	a4,0(zero) # 0 <_lma_vma_data_offset>
20011d74:	08e7a423          	sw	a4,136(a5)
20011d78:	43d8                	lw	a4,4(a5)
20011d7a:	487d                	li	a6,31
20011d7c:	557d                	li	a0,-1
20011d7e:	04e84663          	blt	a6,a4,20011dca <__register_exitproc+0x74>
20011d82:	02088d63          	beqz	a7,20011dbc <__register_exitproc+0x66>
20011d86:	0887a803          	lw	a6,136(a5)
20011d8a:	04080063          	beqz	a6,20011dca <__register_exitproc+0x74>
20011d8e:	00271513          	slli	a0,a4,0x2
20011d92:	9542                	add	a0,a0,a6
20011d94:	c110                	sw	a2,0(a0)
20011d96:	10082303          	lw	t1,256(a6)
20011d9a:	4605                	li	a2,1
20011d9c:	00e61633          	sll	a2,a2,a4
20011da0:	00c36333          	or	t1,t1,a2
20011da4:	10682023          	sw	t1,256(a6)
20011da8:	08d52023          	sw	a3,128(a0)
20011dac:	4689                	li	a3,2
20011dae:	00d89763          	bne	a7,a3,20011dbc <__register_exitproc+0x66>
20011db2:	10482683          	lw	a3,260(a6)
20011db6:	8ed1                	or	a3,a3,a2
20011db8:	10d82223          	sw	a3,260(a6)
20011dbc:	00170693          	addi	a3,a4,1
20011dc0:	070a                	slli	a4,a4,0x2
20011dc2:	c3d4                	sw	a3,4(a5)
20011dc4:	97ba                	add	a5,a5,a4
20011dc6:	c78c                	sw	a1,8(a5)
20011dc8:	4501                	li	a0,0
20011dca:	8082                	ret

20011dcc <__call_exitprocs>:
20011dcc:	7179                	addi	sp,sp,-48
20011dce:	ca56                	sw	s5,20(sp)
20011dd0:	c85a                	sw	s6,16(sp)
20011dd2:	c65e                	sw	s7,12(sp)
20011dd4:	c462                	sw	s8,8(sp)
20011dd6:	d606                	sw	ra,44(sp)
20011dd8:	d422                	sw	s0,40(sp)
20011dda:	d226                	sw	s1,36(sp)
20011ddc:	d04a                	sw	s2,32(sp)
20011dde:	ce4e                	sw	s3,28(sp)
20011de0:	cc52                	sw	s4,24(sp)
20011de2:	c266                	sw	s9,4(sp)
20011de4:	8b2a                	mv	s6,a0
20011de6:	8aae                	mv	s5,a1
20011de8:	4c05                	li	s8,1
20011dea:	c101a483          	lw	s1,-1008(gp) # 20410 <_global_atexit>
20011dee:	cc81                	beqz	s1,20011e06 <__call_exitprocs+0x3a>
20011df0:	40c0                	lw	s0,4(s1)
20011df2:	0884a983          	lw	s3,136(s1)
20011df6:	fff40913          	addi	s2,s0,-1
20011dfa:	040a                	slli	s0,s0,0x2
20011dfc:	00898a33          	add	s4,s3,s0
20011e00:	9426                	add	s0,s0,s1
20011e02:	00095f63          	bgez	s2,20011e20 <__call_exitprocs+0x54>
20011e06:	50b2                	lw	ra,44(sp)
20011e08:	5422                	lw	s0,40(sp)
20011e0a:	5492                	lw	s1,36(sp)
20011e0c:	5902                	lw	s2,32(sp)
20011e0e:	49f2                	lw	s3,28(sp)
20011e10:	4a62                	lw	s4,24(sp)
20011e12:	4ad2                	lw	s5,20(sp)
20011e14:	4b42                	lw	s6,16(sp)
20011e16:	4bb2                	lw	s7,12(sp)
20011e18:	4c22                	lw	s8,8(sp)
20011e1a:	4c92                	lw	s9,4(sp)
20011e1c:	6145                	addi	sp,sp,48
20011e1e:	8082                	ret
20011e20:	000a8c63          	beqz	s5,20011e38 <__call_exitprocs+0x6c>
20011e24:	00099663          	bnez	s3,20011e30 <__call_exitprocs+0x64>
20011e28:	197d                	addi	s2,s2,-1
20011e2a:	1a71                	addi	s4,s4,-4
20011e2c:	1471                	addi	s0,s0,-4
20011e2e:	bfd1                	j	20011e02 <__call_exitprocs+0x36>
20011e30:	07ca2783          	lw	a5,124(s4)
20011e34:	ff579ae3          	bne	a5,s5,20011e28 <__call_exitprocs+0x5c>
20011e38:	40d8                	lw	a4,4(s1)
20011e3a:	405c                	lw	a5,4(s0)
20011e3c:	177d                	addi	a4,a4,-1
20011e3e:	03271863          	bne	a4,s2,20011e6e <__call_exitprocs+0xa2>
20011e42:	0124a223          	sw	s2,4(s1)
20011e46:	d3ed                	beqz	a5,20011e28 <__call_exitprocs+0x5c>
20011e48:	0044ac83          	lw	s9,4(s1)
20011e4c:	00098863          	beqz	s3,20011e5c <__call_exitprocs+0x90>
20011e50:	1009a683          	lw	a3,256(s3)
20011e54:	012c1733          	sll	a4,s8,s2
20011e58:	8ef9                	and	a3,a3,a4
20011e5a:	ee89                	bnez	a3,20011e74 <__call_exitprocs+0xa8>
20011e5c:	9782                	jalr	a5
20011e5e:	40d8                	lw	a4,4(s1)
20011e60:	c101a783          	lw	a5,-1008(gp) # 20410 <_global_atexit>
20011e64:	f99713e3          	bne	a4,s9,20011dea <__call_exitprocs+0x1e>
20011e68:	fcf480e3          	beq	s1,a5,20011e28 <__call_exitprocs+0x5c>
20011e6c:	bfbd                	j	20011dea <__call_exitprocs+0x1e>
20011e6e:	00042223          	sw	zero,4(s0)
20011e72:	bfd1                	j	20011e46 <__call_exitprocs+0x7a>
20011e74:	1049a683          	lw	a3,260(s3)
20011e78:	ffca2583          	lw	a1,-4(s4)
20011e7c:	8f75                	and	a4,a4,a3
20011e7e:	e701                	bnez	a4,20011e86 <__call_exitprocs+0xba>
20011e80:	855a                	mv	a0,s6
20011e82:	9782                	jalr	a5
20011e84:	bfe9                	j	20011e5e <__call_exitprocs+0x92>
20011e86:	852e                	mv	a0,a1
20011e88:	9782                	jalr	a5
20011e8a:	bfd1                	j	20011e5e <__call_exitprocs+0x92>

20011e8c <__sflush_r>:
20011e8c:	00c59783          	lh	a5,12(a1)
20011e90:	1101                	addi	sp,sp,-32
20011e92:	cc22                	sw	s0,24(sp)
20011e94:	ca26                	sw	s1,20(sp)
20011e96:	ce06                	sw	ra,28(sp)
20011e98:	c84a                	sw	s2,16(sp)
20011e9a:	c64e                	sw	s3,12(sp)
20011e9c:	0087f713          	andi	a4,a5,8
20011ea0:	84aa                	mv	s1,a0
20011ea2:	842e                	mv	s0,a1
20011ea4:	e771                	bnez	a4,20011f70 <__sflush_r+0xe4>
20011ea6:	41d8                	lw	a4,4(a1)
20011ea8:	00e04563          	bgtz	a4,20011eb2 <__sflush_r+0x26>
20011eac:	41b8                	lw	a4,64(a1)
20011eae:	08e05963          	blez	a4,20011f40 <__sflush_r+0xb4>
20011eb2:	5458                	lw	a4,44(s0)
20011eb4:	c751                	beqz	a4,20011f40 <__sflush_r+0xb4>
20011eb6:	83b1                	srli	a5,a5,0xc
20011eb8:	0004a903          	lw	s2,0(s1)
20011ebc:	8b85                	andi	a5,a5,1
20011ebe:	0004a023          	sw	zero,0(s1)
20011ec2:	500c                	lw	a1,32(s0)
20011ec4:	cfa1                	beqz	a5,20011f1c <__sflush_r+0x90>
20011ec6:	4870                	lw	a2,84(s0)
20011ec8:	00c45783          	lhu	a5,12(s0)
20011ecc:	8b91                	andi	a5,a5,4
20011ece:	c799                	beqz	a5,20011edc <__sflush_r+0x50>
20011ed0:	405c                	lw	a5,4(s0)
20011ed2:	8e1d                	sub	a2,a2,a5
20011ed4:	585c                	lw	a5,52(s0)
20011ed6:	c399                	beqz	a5,20011edc <__sflush_r+0x50>
20011ed8:	403c                	lw	a5,64(s0)
20011eda:	8e1d                	sub	a2,a2,a5
20011edc:	545c                	lw	a5,44(s0)
20011ede:	500c                	lw	a1,32(s0)
20011ee0:	4681                	li	a3,0
20011ee2:	8526                	mv	a0,s1
20011ee4:	9782                	jalr	a5
20011ee6:	57fd                	li	a5,-1
20011ee8:	04f50e63          	beq	a0,a5,20011f44 <__sflush_r+0xb8>
20011eec:	481c                	lw	a5,16(s0)
20011eee:	6705                	lui	a4,0x1
20011ef0:	00042223          	sw	zero,4(s0)
20011ef4:	c01c                	sw	a5,0(s0)
20011ef6:	00c45783          	lhu	a5,12(s0)
20011efa:	8ff9                	and	a5,a5,a4
20011efc:	c391                	beqz	a5,20011f00 <__sflush_r+0x74>
20011efe:	c868                	sw	a0,84(s0)
20011f00:	584c                	lw	a1,52(s0)
20011f02:	0124a023          	sw	s2,0(s1)
20011f06:	cd8d                	beqz	a1,20011f40 <__sflush_r+0xb4>
20011f08:	04440793          	addi	a5,s0,68
20011f0c:	00f58563          	beq	a1,a5,20011f16 <__sflush_r+0x8a>
20011f10:	8526                	mv	a0,s1
20011f12:	985ff0ef          	jal	ra,20011896 <_free_r>
20011f16:	02042a23          	sw	zero,52(s0)
20011f1a:	a01d                	j	20011f40 <__sflush_r+0xb4>
20011f1c:	4601                	li	a2,0
20011f1e:	4685                	li	a3,1
20011f20:	8526                	mv	a0,s1
20011f22:	9702                	jalr	a4
20011f24:	57fd                	li	a5,-1
20011f26:	862a                	mv	a2,a0
20011f28:	faf510e3          	bne	a0,a5,20011ec8 <__sflush_r+0x3c>
20011f2c:	409c                	lw	a5,0(s1)
20011f2e:	dfc9                	beqz	a5,20011ec8 <__sflush_r+0x3c>
20011f30:	4775                	li	a4,29
20011f32:	00e78563          	beq	a5,a4,20011f3c <__sflush_r+0xb0>
20011f36:	4759                	li	a4,22
20011f38:	06e79563          	bne	a5,a4,20011fa2 <__sflush_r+0x116>
20011f3c:	0124a023          	sw	s2,0(s1)
20011f40:	4501                	li	a0,0
20011f42:	a0bd                	j	20011fb0 <__sflush_r+0x124>
20011f44:	4098                	lw	a4,0(s1)
20011f46:	00c41783          	lh	a5,12(s0)
20011f4a:	cf01                	beqz	a4,20011f62 <__sflush_r+0xd6>
20011f4c:	46f5                	li	a3,29
20011f4e:	00d70563          	beq	a4,a3,20011f58 <__sflush_r+0xcc>
20011f52:	46d9                	li	a3,22
20011f54:	04d71963          	bne	a4,a3,20011fa6 <__sflush_r+0x11a>
20011f58:	481c                	lw	a5,16(s0)
20011f5a:	00042223          	sw	zero,4(s0)
20011f5e:	c01c                	sw	a5,0(s0)
20011f60:	b745                	j	20011f00 <__sflush_r+0x74>
20011f62:	4818                	lw	a4,16(s0)
20011f64:	83b1                	srli	a5,a5,0xc
20011f66:	00042223          	sw	zero,4(s0)
20011f6a:	c018                	sw	a4,0(s0)
20011f6c:	8b85                	andi	a5,a5,1
20011f6e:	b779                	j	20011efc <__sflush_r+0x70>
20011f70:	0105a983          	lw	s3,16(a1)
20011f74:	fc0986e3          	beqz	s3,20011f40 <__sflush_r+0xb4>
20011f78:	0005a903          	lw	s2,0(a1)
20011f7c:	8b8d                	andi	a5,a5,3
20011f7e:	0135a023          	sw	s3,0(a1)
20011f82:	41390933          	sub	s2,s2,s3
20011f86:	4701                	li	a4,0
20011f88:	e391                	bnez	a5,20011f8c <__sflush_r+0x100>
20011f8a:	49d8                	lw	a4,20(a1)
20011f8c:	c418                	sw	a4,8(s0)
20011f8e:	fb2059e3          	blez	s2,20011f40 <__sflush_r+0xb4>
20011f92:	541c                	lw	a5,40(s0)
20011f94:	500c                	lw	a1,32(s0)
20011f96:	86ca                	mv	a3,s2
20011f98:	864e                	mv	a2,s3
20011f9a:	8526                	mv	a0,s1
20011f9c:	9782                	jalr	a5
20011f9e:	02a04063          	bgtz	a0,20011fbe <__sflush_r+0x132>
20011fa2:	00c41783          	lh	a5,12(s0)
20011fa6:	0407e793          	ori	a5,a5,64
20011faa:	00f41623          	sh	a5,12(s0)
20011fae:	557d                	li	a0,-1
20011fb0:	40f2                	lw	ra,28(sp)
20011fb2:	4462                	lw	s0,24(sp)
20011fb4:	44d2                	lw	s1,20(sp)
20011fb6:	4942                	lw	s2,16(sp)
20011fb8:	49b2                	lw	s3,12(sp)
20011fba:	6105                	addi	sp,sp,32
20011fbc:	8082                	ret
20011fbe:	99aa                	add	s3,s3,a0
20011fc0:	40a90933          	sub	s2,s2,a0
20011fc4:	b7e9                	j	20011f8e <__sflush_r+0x102>

20011fc6 <_fflush_r>:
20011fc6:	499c                	lw	a5,16(a1)
20011fc8:	cfb9                	beqz	a5,20012026 <_fflush_r+0x60>
20011fca:	1101                	addi	sp,sp,-32
20011fcc:	cc22                	sw	s0,24(sp)
20011fce:	ce06                	sw	ra,28(sp)
20011fd0:	842a                	mv	s0,a0
20011fd2:	c511                	beqz	a0,20011fde <_fflush_r+0x18>
20011fd4:	4d1c                	lw	a5,24(a0)
20011fd6:	e781                	bnez	a5,20011fde <_fflush_r+0x18>
20011fd8:	c62e                	sw	a1,12(sp)
20011fda:	2231                	jal	200120e6 <__sinit>
20011fdc:	45b2                	lw	a1,12(sp)
20011fde:	200137b7          	lui	a5,0x20013
20011fe2:	46078793          	addi	a5,a5,1120 # 20013460 <__sf_fake_stdin>
20011fe6:	00f59b63          	bne	a1,a5,20011ffc <_fflush_r+0x36>
20011fea:	404c                	lw	a1,4(s0)
20011fec:	00c59783          	lh	a5,12(a1)
20011ff0:	c795                	beqz	a5,2001201c <_fflush_r+0x56>
20011ff2:	8522                	mv	a0,s0
20011ff4:	4462                	lw	s0,24(sp)
20011ff6:	40f2                	lw	ra,28(sp)
20011ff8:	6105                	addi	sp,sp,32
20011ffa:	bd49                	j	20011e8c <__sflush_r>
20011ffc:	200137b7          	lui	a5,0x20013
20012000:	44078793          	addi	a5,a5,1088 # 20013440 <__sf_fake_stdout>
20012004:	00f59463          	bne	a1,a5,2001200c <_fflush_r+0x46>
20012008:	440c                	lw	a1,8(s0)
2001200a:	b7cd                	j	20011fec <_fflush_r+0x26>
2001200c:	200137b7          	lui	a5,0x20013
20012010:	42078793          	addi	a5,a5,1056 # 20013420 <__sf_fake_stderr>
20012014:	fcf59ce3          	bne	a1,a5,20011fec <_fflush_r+0x26>
20012018:	444c                	lw	a1,12(s0)
2001201a:	bfc9                	j	20011fec <_fflush_r+0x26>
2001201c:	40f2                	lw	ra,28(sp)
2001201e:	4462                	lw	s0,24(sp)
20012020:	4501                	li	a0,0
20012022:	6105                	addi	sp,sp,32
20012024:	8082                	ret
20012026:	4501                	li	a0,0
20012028:	8082                	ret

2001202a <std>:
2001202a:	1141                	addi	sp,sp,-16
2001202c:	c422                	sw	s0,8(sp)
2001202e:	c606                	sw	ra,12(sp)
20012030:	842a                	mv	s0,a0
20012032:	00b51623          	sh	a1,12(a0)
20012036:	00c51723          	sh	a2,14(a0)
2001203a:	00052023          	sw	zero,0(a0)
2001203e:	00052223          	sw	zero,4(a0)
20012042:	00052423          	sw	zero,8(a0)
20012046:	06052223          	sw	zero,100(a0)
2001204a:	00052823          	sw	zero,16(a0)
2001204e:	00052a23          	sw	zero,20(a0)
20012052:	00052c23          	sw	zero,24(a0)
20012056:	4621                	li	a2,8
20012058:	4581                	li	a1,0
2001205a:	05c50513          	addi	a0,a0,92
2001205e:	938fe0ef          	jal	ra,20010196 <memset>
20012062:	200137b7          	lui	a5,0x20013
20012066:	a7c78793          	addi	a5,a5,-1412 # 20012a7c <__sread>
2001206a:	d05c                	sw	a5,36(s0)
2001206c:	200137b7          	lui	a5,0x20013
20012070:	aac78793          	addi	a5,a5,-1364 # 20012aac <__swrite>
20012074:	d41c                	sw	a5,40(s0)
20012076:	200137b7          	lui	a5,0x20013
2001207a:	afc78793          	addi	a5,a5,-1284 # 20012afc <__sseek>
2001207e:	d45c                	sw	a5,44(s0)
20012080:	200137b7          	lui	a5,0x20013
20012084:	b3278793          	addi	a5,a5,-1230 # 20012b32 <__sclose>
20012088:	40b2                	lw	ra,12(sp)
2001208a:	d000                	sw	s0,32(s0)
2001208c:	d81c                	sw	a5,48(s0)
2001208e:	4422                	lw	s0,8(sp)
20012090:	0141                	addi	sp,sp,16
20012092:	8082                	ret

20012094 <_cleanup_r>:
20012094:	200125b7          	lui	a1,0x20012
20012098:	fc658593          	addi	a1,a1,-58 # 20011fc6 <_fflush_r>
2001209c:	aa89                	j	200121ee <_fwalk_reent>

2001209e <__sfmoreglue>:
2001209e:	1141                	addi	sp,sp,-16
200120a0:	c226                	sw	s1,4(sp)
200120a2:	06800793          	li	a5,104
200120a6:	fff58493          	addi	s1,a1,-1
200120aa:	02f484b3          	mul	s1,s1,a5
200120ae:	c04a                	sw	s2,0(sp)
200120b0:	892e                	mv	s2,a1
200120b2:	c422                	sw	s0,8(sp)
200120b4:	c606                	sw	ra,12(sp)
200120b6:	07448593          	addi	a1,s1,116
200120ba:	87fff0ef          	jal	ra,20011938 <_malloc_r>
200120be:	842a                	mv	s0,a0
200120c0:	cd01                	beqz	a0,200120d8 <__sfmoreglue+0x3a>
200120c2:	00052023          	sw	zero,0(a0)
200120c6:	01252223          	sw	s2,4(a0)
200120ca:	0531                	addi	a0,a0,12
200120cc:	c408                	sw	a0,8(s0)
200120ce:	06848613          	addi	a2,s1,104
200120d2:	4581                	li	a1,0
200120d4:	8c2fe0ef          	jal	ra,20010196 <memset>
200120d8:	40b2                	lw	ra,12(sp)
200120da:	8522                	mv	a0,s0
200120dc:	4422                	lw	s0,8(sp)
200120de:	4492                	lw	s1,4(sp)
200120e0:	4902                	lw	s2,0(sp)
200120e2:	0141                	addi	sp,sp,16
200120e4:	8082                	ret

200120e6 <__sinit>:
200120e6:	4d1c                	lw	a5,24(a0)
200120e8:	e3bd                	bnez	a5,2001214e <__sinit+0x68>
200120ea:	1141                	addi	sp,sp,-16
200120ec:	200127b7          	lui	a5,0x20012
200120f0:	c422                	sw	s0,8(sp)
200120f2:	c606                	sw	ra,12(sp)
200120f4:	09478793          	addi	a5,a5,148 # 20012094 <_cleanup_r>
200120f8:	d51c                	sw	a5,40(a0)
200120fa:	200137b7          	lui	a5,0x20013
200120fe:	5147a783          	lw	a5,1300(a5) # 20013514 <_global_impure_ptr>
20012102:	04052423          	sw	zero,72(a0)
20012106:	04052623          	sw	zero,76(a0)
2001210a:	04052823          	sw	zero,80(a0)
2001210e:	842a                	mv	s0,a0
20012110:	00f51463          	bne	a0,a5,20012118 <__sinit+0x32>
20012114:	4785                	li	a5,1
20012116:	cd1c                	sw	a5,24(a0)
20012118:	8522                	mv	a0,s0
2001211a:	281d                	jal	20012150 <__sfp>
2001211c:	c048                	sw	a0,4(s0)
2001211e:	8522                	mv	a0,s0
20012120:	2805                	jal	20012150 <__sfp>
20012122:	c408                	sw	a0,8(s0)
20012124:	8522                	mv	a0,s0
20012126:	202d                	jal	20012150 <__sfp>
20012128:	c448                	sw	a0,12(s0)
2001212a:	4048                	lw	a0,4(s0)
2001212c:	4601                	li	a2,0
2001212e:	4591                	li	a1,4
20012130:	3ded                	jal	2001202a <std>
20012132:	4408                	lw	a0,8(s0)
20012134:	4605                	li	a2,1
20012136:	45a5                	li	a1,9
20012138:	3dcd                	jal	2001202a <std>
2001213a:	4448                	lw	a0,12(s0)
2001213c:	4609                	li	a2,2
2001213e:	45c9                	li	a1,18
20012140:	35ed                	jal	2001202a <std>
20012142:	4785                	li	a5,1
20012144:	40b2                	lw	ra,12(sp)
20012146:	cc1c                	sw	a5,24(s0)
20012148:	4422                	lw	s0,8(sp)
2001214a:	0141                	addi	sp,sp,16
2001214c:	8082                	ret
2001214e:	8082                	ret

20012150 <__sfp>:
20012150:	1141                	addi	sp,sp,-16
20012152:	200137b7          	lui	a5,0x20013
20012156:	c226                	sw	s1,4(sp)
20012158:	5147a483          	lw	s1,1300(a5) # 20013514 <_global_impure_ptr>
2001215c:	c04a                	sw	s2,0(sp)
2001215e:	c606                	sw	ra,12(sp)
20012160:	4c9c                	lw	a5,24(s1)
20012162:	c422                	sw	s0,8(sp)
20012164:	892a                	mv	s2,a0
20012166:	e399                	bnez	a5,2001216c <__sfp+0x1c>
20012168:	8526                	mv	a0,s1
2001216a:	3fb5                	jal	200120e6 <__sinit>
2001216c:	04848493          	addi	s1,s1,72
20012170:	4480                	lw	s0,8(s1)
20012172:	40dc                	lw	a5,4(s1)
20012174:	17fd                	addi	a5,a5,-1
20012176:	0007d663          	bgez	a5,20012182 <__sfp+0x32>
2001217a:	409c                	lw	a5,0(s1)
2001217c:	cfb9                	beqz	a5,200121da <__sfp+0x8a>
2001217e:	4084                	lw	s1,0(s1)
20012180:	bfc5                	j	20012170 <__sfp+0x20>
20012182:	00c41703          	lh	a4,12(s0)
20012186:	e739                	bnez	a4,200121d4 <__sfp+0x84>
20012188:	77c1                	lui	a5,0xffff0
2001218a:	0785                	addi	a5,a5,1 # ffff0001 <_etext+0xdffdcae9>
2001218c:	06042223          	sw	zero,100(s0)
20012190:	00042023          	sw	zero,0(s0)
20012194:	00042223          	sw	zero,4(s0)
20012198:	00042423          	sw	zero,8(s0)
2001219c:	c45c                	sw	a5,12(s0)
2001219e:	00042823          	sw	zero,16(s0)
200121a2:	00042a23          	sw	zero,20(s0)
200121a6:	00042c23          	sw	zero,24(s0)
200121aa:	4621                	li	a2,8
200121ac:	4581                	li	a1,0
200121ae:	05c40513          	addi	a0,s0,92
200121b2:	fe5fd0ef          	jal	ra,20010196 <memset>
200121b6:	02042a23          	sw	zero,52(s0)
200121ba:	02042c23          	sw	zero,56(s0)
200121be:	04042423          	sw	zero,72(s0)
200121c2:	04042623          	sw	zero,76(s0)
200121c6:	40b2                	lw	ra,12(sp)
200121c8:	8522                	mv	a0,s0
200121ca:	4422                	lw	s0,8(sp)
200121cc:	4492                	lw	s1,4(sp)
200121ce:	4902                	lw	s2,0(sp)
200121d0:	0141                	addi	sp,sp,16
200121d2:	8082                	ret
200121d4:	06840413          	addi	s0,s0,104
200121d8:	bf71                	j	20012174 <__sfp+0x24>
200121da:	4591                	li	a1,4
200121dc:	854a                	mv	a0,s2
200121de:	35c1                	jal	2001209e <__sfmoreglue>
200121e0:	c088                	sw	a0,0(s1)
200121e2:	842a                	mv	s0,a0
200121e4:	fd49                	bnez	a0,2001217e <__sfp+0x2e>
200121e6:	47b1                	li	a5,12
200121e8:	00f92023          	sw	a5,0(s2)
200121ec:	bfe9                	j	200121c6 <__sfp+0x76>

200121ee <_fwalk_reent>:
200121ee:	7179                	addi	sp,sp,-48
200121f0:	d422                	sw	s0,40(sp)
200121f2:	d04a                	sw	s2,32(sp)
200121f4:	ce4e                	sw	s3,28(sp)
200121f6:	cc52                	sw	s4,24(sp)
200121f8:	c85a                	sw	s6,16(sp)
200121fa:	c65e                	sw	s7,12(sp)
200121fc:	d606                	sw	ra,44(sp)
200121fe:	d226                	sw	s1,36(sp)
20012200:	ca56                	sw	s5,20(sp)
20012202:	892a                	mv	s2,a0
20012204:	8a2e                	mv	s4,a1
20012206:	04850413          	addi	s0,a0,72
2001220a:	4981                	li	s3,0
2001220c:	4b05                	li	s6,1
2001220e:	5bfd                	li	s7,-1
20012210:	4404                	lw	s1,8(s0)
20012212:	00442a83          	lw	s5,4(s0)
20012216:	1afd                	addi	s5,s5,-1
20012218:	020ad063          	bgez	s5,20012238 <_fwalk_reent+0x4a>
2001221c:	4000                	lw	s0,0(s0)
2001221e:	f86d                	bnez	s0,20012210 <_fwalk_reent+0x22>
20012220:	50b2                	lw	ra,44(sp)
20012222:	5422                	lw	s0,40(sp)
20012224:	5492                	lw	s1,36(sp)
20012226:	5902                	lw	s2,32(sp)
20012228:	4a62                	lw	s4,24(sp)
2001222a:	4ad2                	lw	s5,20(sp)
2001222c:	4b42                	lw	s6,16(sp)
2001222e:	4bb2                	lw	s7,12(sp)
20012230:	854e                	mv	a0,s3
20012232:	49f2                	lw	s3,28(sp)
20012234:	6145                	addi	sp,sp,48
20012236:	8082                	ret
20012238:	00c4d783          	lhu	a5,12(s1)
2001223c:	00fb7b63          	bgeu	s6,a5,20012252 <_fwalk_reent+0x64>
20012240:	00e49783          	lh	a5,14(s1)
20012244:	01778763          	beq	a5,s7,20012252 <_fwalk_reent+0x64>
20012248:	85a6                	mv	a1,s1
2001224a:	854a                	mv	a0,s2
2001224c:	9a02                	jalr	s4
2001224e:	00a9e9b3          	or	s3,s3,a0
20012252:	06848493          	addi	s1,s1,104
20012256:	b7c1                	j	20012216 <_fwalk_reent+0x28>

20012258 <__swhatbuf_r>:
20012258:	7159                	addi	sp,sp,-112
2001225a:	d4a2                	sw	s0,104(sp)
2001225c:	842e                	mv	s0,a1
2001225e:	00e59583          	lh	a1,14(a1)
20012262:	d2a6                	sw	s1,100(sp)
20012264:	d0ca                	sw	s2,96(sp)
20012266:	d686                	sw	ra,108(sp)
20012268:	84b2                	mv	s1,a2
2001226a:	8936                	mv	s2,a3
2001226c:	0205d363          	bgez	a1,20012292 <__swhatbuf_r+0x3a>
20012270:	00c45783          	lhu	a5,12(s0)
20012274:	0807f793          	andi	a5,a5,128
20012278:	eb95                	bnez	a5,200122ac <__swhatbuf_r+0x54>
2001227a:	40000713          	li	a4,1024
2001227e:	50b6                	lw	ra,108(sp)
20012280:	5426                	lw	s0,104(sp)
20012282:	00f92023          	sw	a5,0(s2)
20012286:	c098                	sw	a4,0(s1)
20012288:	5906                	lw	s2,96(sp)
2001228a:	5496                	lw	s1,100(sp)
2001228c:	4501                	li	a0,0
2001228e:	6165                	addi	sp,sp,112
20012290:	8082                	ret
20012292:	0030                	addi	a2,sp,8
20012294:	0d1000ef          	jal	ra,20012b64 <_fstat_r>
20012298:	fc054ce3          	bltz	a0,20012270 <__swhatbuf_r+0x18>
2001229c:	4732                	lw	a4,12(sp)
2001229e:	67bd                	lui	a5,0xf
200122a0:	8ff9                	and	a5,a5,a4
200122a2:	7779                	lui	a4,0xffffe
200122a4:	97ba                	add	a5,a5,a4
200122a6:	0017b793          	seqz	a5,a5
200122aa:	bfc1                	j	2001227a <__swhatbuf_r+0x22>
200122ac:	4781                	li	a5,0
200122ae:	04000713          	li	a4,64
200122b2:	b7f1                	j	2001227e <__swhatbuf_r+0x26>

200122b4 <__smakebuf_r>:
200122b4:	00c5d783          	lhu	a5,12(a1)
200122b8:	7179                	addi	sp,sp,-48
200122ba:	d422                	sw	s0,40(sp)
200122bc:	d606                	sw	ra,44(sp)
200122be:	d226                	sw	s1,36(sp)
200122c0:	d04a                	sw	s2,32(sp)
200122c2:	ce4e                	sw	s3,28(sp)
200122c4:	8b89                	andi	a5,a5,2
200122c6:	842e                	mv	s0,a1
200122c8:	cf91                	beqz	a5,200122e4 <__smakebuf_r+0x30>
200122ca:	04740793          	addi	a5,s0,71
200122ce:	c01c                	sw	a5,0(s0)
200122d0:	c81c                	sw	a5,16(s0)
200122d2:	4785                	li	a5,1
200122d4:	c85c                	sw	a5,20(s0)
200122d6:	50b2                	lw	ra,44(sp)
200122d8:	5422                	lw	s0,40(sp)
200122da:	5492                	lw	s1,36(sp)
200122dc:	5902                	lw	s2,32(sp)
200122de:	49f2                	lw	s3,28(sp)
200122e0:	6145                	addi	sp,sp,48
200122e2:	8082                	ret
200122e4:	0074                	addi	a3,sp,12
200122e6:	0030                	addi	a2,sp,8
200122e8:	84aa                	mv	s1,a0
200122ea:	37bd                	jal	20012258 <__swhatbuf_r>
200122ec:	49a2                	lw	s3,8(sp)
200122ee:	892a                	mv	s2,a0
200122f0:	8526                	mv	a0,s1
200122f2:	85ce                	mv	a1,s3
200122f4:	e44ff0ef          	jal	ra,20011938 <_malloc_r>
200122f8:	ed01                	bnez	a0,20012310 <__smakebuf_r+0x5c>
200122fa:	00c41783          	lh	a5,12(s0)
200122fe:	2007f713          	andi	a4,a5,512
20012302:	fb71                	bnez	a4,200122d6 <__smakebuf_r+0x22>
20012304:	9bf1                	andi	a5,a5,-4
20012306:	0027e793          	ori	a5,a5,2
2001230a:	00f41623          	sh	a5,12(s0)
2001230e:	bf75                	j	200122ca <__smakebuf_r+0x16>
20012310:	200127b7          	lui	a5,0x20012
20012314:	09478793          	addi	a5,a5,148 # 20012094 <_cleanup_r>
20012318:	d49c                	sw	a5,40(s1)
2001231a:	00c45783          	lhu	a5,12(s0)
2001231e:	c008                	sw	a0,0(s0)
20012320:	c808                	sw	a0,16(s0)
20012322:	0807e793          	ori	a5,a5,128
20012326:	00f41623          	sh	a5,12(s0)
2001232a:	47b2                	lw	a5,12(sp)
2001232c:	01342a23          	sw	s3,20(s0)
20012330:	cf91                	beqz	a5,2001234c <__smakebuf_r+0x98>
20012332:	00e41583          	lh	a1,14(s0)
20012336:	8526                	mv	a0,s1
20012338:	05b000ef          	jal	ra,20012b92 <_isatty_r>
2001233c:	c901                	beqz	a0,2001234c <__smakebuf_r+0x98>
2001233e:	00c45783          	lhu	a5,12(s0)
20012342:	9bf1                	andi	a5,a5,-4
20012344:	0017e793          	ori	a5,a5,1
20012348:	00f41623          	sh	a5,12(s0)
2001234c:	00c45783          	lhu	a5,12(s0)
20012350:	0127e533          	or	a0,a5,s2
20012354:	00a41623          	sh	a0,12(s0)
20012358:	bfbd                	j	200122d6 <__smakebuf_r+0x22>

2001235a <__malloc_lock>:
2001235a:	8082                	ret

2001235c <__malloc_unlock>:
2001235c:	8082                	ret

2001235e <__sfputc_r>:
2001235e:	461c                	lw	a5,8(a2)
20012360:	17fd                	addi	a5,a5,-1
20012362:	c61c                	sw	a5,8(a2)
20012364:	0007da63          	bgez	a5,20012378 <__sfputc_r+0x1a>
20012368:	4e18                	lw	a4,24(a2)
2001236a:	00e7c563          	blt	a5,a4,20012374 <__sfputc_r+0x16>
2001236e:	47a9                	li	a5,10
20012370:	00f59463          	bne	a1,a5,20012378 <__sfputc_r+0x1a>
20012374:	827ff06f          	j	20011b9a <__swbuf_r>
20012378:	421c                	lw	a5,0(a2)
2001237a:	852e                	mv	a0,a1
2001237c:	00178713          	addi	a4,a5,1
20012380:	c218                	sw	a4,0(a2)
20012382:	00b78023          	sb	a1,0(a5)
20012386:	8082                	ret

20012388 <__sfputs_r>:
20012388:	1101                	addi	sp,sp,-32
2001238a:	cc22                	sw	s0,24(sp)
2001238c:	ca26                	sw	s1,20(sp)
2001238e:	c84a                	sw	s2,16(sp)
20012390:	c64e                	sw	s3,12(sp)
20012392:	c452                	sw	s4,8(sp)
20012394:	ce06                	sw	ra,28(sp)
20012396:	892a                	mv	s2,a0
20012398:	89ae                	mv	s3,a1
2001239a:	8432                	mv	s0,a2
2001239c:	00d604b3          	add	s1,a2,a3
200123a0:	5a7d                	li	s4,-1
200123a2:	00941463          	bne	s0,s1,200123aa <__sfputs_r+0x22>
200123a6:	4501                	li	a0,0
200123a8:	a809                	j	200123ba <__sfputs_r+0x32>
200123aa:	00044583          	lbu	a1,0(s0)
200123ae:	864e                	mv	a2,s3
200123b0:	854a                	mv	a0,s2
200123b2:	3775                	jal	2001235e <__sfputc_r>
200123b4:	0405                	addi	s0,s0,1
200123b6:	ff4516e3          	bne	a0,s4,200123a2 <__sfputs_r+0x1a>
200123ba:	40f2                	lw	ra,28(sp)
200123bc:	4462                	lw	s0,24(sp)
200123be:	44d2                	lw	s1,20(sp)
200123c0:	4942                	lw	s2,16(sp)
200123c2:	49b2                	lw	s3,12(sp)
200123c4:	4a22                	lw	s4,8(sp)
200123c6:	6105                	addi	sp,sp,32
200123c8:	8082                	ret

200123ca <_vfiprintf_r>:
200123ca:	7171                	addi	sp,sp,-176
200123cc:	d522                	sw	s0,168(sp)
200123ce:	d326                	sw	s1,164(sp)
200123d0:	d14a                	sw	s2,160(sp)
200123d2:	cf4e                	sw	s3,156(sp)
200123d4:	d706                	sw	ra,172(sp)
200123d6:	cd52                	sw	s4,152(sp)
200123d8:	cb56                	sw	s5,148(sp)
200123da:	c95a                	sw	s6,144(sp)
200123dc:	c75e                	sw	s7,140(sp)
200123de:	c562                	sw	s8,136(sp)
200123e0:	c366                	sw	s9,132(sp)
200123e2:	c16a                	sw	s10,128(sp)
200123e4:	deee                	sw	s11,124(sp)
200123e6:	89aa                	mv	s3,a0
200123e8:	84ae                	mv	s1,a1
200123ea:	8932                	mv	s2,a2
200123ec:	8436                	mv	s0,a3
200123ee:	c501                	beqz	a0,200123f6 <_vfiprintf_r+0x2c>
200123f0:	4d1c                	lw	a5,24(a0)
200123f2:	e391                	bnez	a5,200123f6 <_vfiprintf_r+0x2c>
200123f4:	39cd                	jal	200120e6 <__sinit>
200123f6:	200137b7          	lui	a5,0x20013
200123fa:	46078793          	addi	a5,a5,1120 # 20013460 <__sf_fake_stdin>
200123fe:	0ef49463          	bne	s1,a5,200124e6 <_vfiprintf_r+0x11c>
20012402:	0049a483          	lw	s1,4(s3)
20012406:	00c4d783          	lhu	a5,12(s1)
2001240a:	8ba1                	andi	a5,a5,8
2001240c:	0e078f63          	beqz	a5,2001250a <_vfiprintf_r+0x140>
20012410:	489c                	lw	a5,16(s1)
20012412:	0e078c63          	beqz	a5,2001250a <_vfiprintf_r+0x140>
20012416:	02000793          	li	a5,32
2001241a:	02f104a3          	sb	a5,41(sp)
2001241e:	03000793          	li	a5,48
20012422:	d202                	sw	zero,36(sp)
20012424:	02f10523          	sb	a5,42(sp)
20012428:	c622                	sw	s0,12(sp)
2001242a:	02500c93          	li	s9,37
2001242e:	20013b37          	lui	s6,0x20013
20012432:	20013bb7          	lui	s7,0x20013
20012436:	20013d37          	lui	s10,0x20013
2001243a:	20012c37          	lui	s8,0x20012
2001243e:	00000a93          	li	s5,0
20012442:	844a                	mv	s0,s2
20012444:	00044783          	lbu	a5,0(s0)
20012448:	c399                	beqz	a5,2001244e <_vfiprintf_r+0x84>
2001244a:	0f979663          	bne	a5,s9,20012536 <_vfiprintf_r+0x16c>
2001244e:	41240db3          	sub	s11,s0,s2
20012452:	01240d63          	beq	s0,s2,2001246c <_vfiprintf_r+0xa2>
20012456:	86ee                	mv	a3,s11
20012458:	864a                	mv	a2,s2
2001245a:	85a6                	mv	a1,s1
2001245c:	854e                	mv	a0,s3
2001245e:	372d                	jal	20012388 <__sfputs_r>
20012460:	57fd                	li	a5,-1
20012462:	1ef50263          	beq	a0,a5,20012646 <_vfiprintf_r+0x27c>
20012466:	5792                	lw	a5,36(sp)
20012468:	97ee                	add	a5,a5,s11
2001246a:	d23e                	sw	a5,36(sp)
2001246c:	00044783          	lbu	a5,0(s0)
20012470:	1c078b63          	beqz	a5,20012646 <_vfiprintf_r+0x27c>
20012474:	57fd                	li	a5,-1
20012476:	00140913          	addi	s2,s0,1
2001247a:	c802                	sw	zero,16(sp)
2001247c:	ce02                	sw	zero,28(sp)
2001247e:	ca3e                	sw	a5,20(sp)
20012480:	cc02                	sw	zero,24(sp)
20012482:	040109a3          	sb	zero,83(sp)
20012486:	d482                	sw	zero,104(sp)
20012488:	4d85                	li	s11,1
2001248a:	00094583          	lbu	a1,0(s2)
2001248e:	4615                	li	a2,5
20012490:	480b0513          	addi	a0,s6,1152 # 20013480 <__sf_fake_stdin+0x20>
20012494:	2fa9                	jal	20012bee <memchr>
20012496:	47c2                	lw	a5,16(sp)
20012498:	00190413          	addi	s0,s2,1
2001249c:	ed59                	bnez	a0,2001253a <_vfiprintf_r+0x170>
2001249e:	0107f713          	andi	a4,a5,16
200124a2:	c709                	beqz	a4,200124ac <_vfiprintf_r+0xe2>
200124a4:	02000713          	li	a4,32
200124a8:	04e109a3          	sb	a4,83(sp)
200124ac:	0087f713          	andi	a4,a5,8
200124b0:	c709                	beqz	a4,200124ba <_vfiprintf_r+0xf0>
200124b2:	02b00713          	li	a4,43
200124b6:	04e109a3          	sb	a4,83(sp)
200124ba:	00094683          	lbu	a3,0(s2)
200124be:	02a00713          	li	a4,42
200124c2:	08e68563          	beq	a3,a4,2001254c <_vfiprintf_r+0x182>
200124c6:	47f2                	lw	a5,28(sp)
200124c8:	844a                	mv	s0,s2
200124ca:	4681                	li	a3,0
200124cc:	4625                	li	a2,9
200124ce:	4529                	li	a0,10
200124d0:	00044703          	lbu	a4,0(s0)
200124d4:	00140593          	addi	a1,s0,1
200124d8:	fd070713          	addi	a4,a4,-48 # ffffdfd0 <_etext+0xdffeaab8>
200124dc:	0ae67e63          	bgeu	a2,a4,20012598 <_vfiprintf_r+0x1ce>
200124e0:	ceb5                	beqz	a3,2001255c <_vfiprintf_r+0x192>
200124e2:	ce3e                	sw	a5,28(sp)
200124e4:	a8a5                	j	2001255c <_vfiprintf_r+0x192>
200124e6:	200137b7          	lui	a5,0x20013
200124ea:	44078793          	addi	a5,a5,1088 # 20013440 <__sf_fake_stdout>
200124ee:	00f49563          	bne	s1,a5,200124f8 <_vfiprintf_r+0x12e>
200124f2:	0089a483          	lw	s1,8(s3)
200124f6:	bf01                	j	20012406 <_vfiprintf_r+0x3c>
200124f8:	200137b7          	lui	a5,0x20013
200124fc:	42078793          	addi	a5,a5,1056 # 20013420 <__sf_fake_stderr>
20012500:	f0f493e3          	bne	s1,a5,20012406 <_vfiprintf_r+0x3c>
20012504:	00c9a483          	lw	s1,12(s3)
20012508:	bdfd                	j	20012406 <_vfiprintf_r+0x3c>
2001250a:	85a6                	mv	a1,s1
2001250c:	854e                	mv	a0,s3
2001250e:	f4cff0ef          	jal	ra,20011c5a <__swsetup_r>
20012512:	f00502e3          	beqz	a0,20012416 <_vfiprintf_r+0x4c>
20012516:	557d                	li	a0,-1
20012518:	50ba                	lw	ra,172(sp)
2001251a:	542a                	lw	s0,168(sp)
2001251c:	549a                	lw	s1,164(sp)
2001251e:	590a                	lw	s2,160(sp)
20012520:	49fa                	lw	s3,156(sp)
20012522:	4a6a                	lw	s4,152(sp)
20012524:	4ada                	lw	s5,148(sp)
20012526:	4b4a                	lw	s6,144(sp)
20012528:	4bba                	lw	s7,140(sp)
2001252a:	4c2a                	lw	s8,136(sp)
2001252c:	4c9a                	lw	s9,132(sp)
2001252e:	4d0a                	lw	s10,128(sp)
20012530:	5df6                	lw	s11,124(sp)
20012532:	614d                	addi	sp,sp,176
20012534:	8082                	ret
20012536:	0405                	addi	s0,s0,1
20012538:	b731                	j	20012444 <_vfiprintf_r+0x7a>
2001253a:	480b0713          	addi	a4,s6,1152
2001253e:	8d19                	sub	a0,a0,a4
20012540:	00ad9533          	sll	a0,s11,a0
20012544:	8fc9                	or	a5,a5,a0
20012546:	c83e                	sw	a5,16(sp)
20012548:	8922                	mv	s2,s0
2001254a:	b781                	j	2001248a <_vfiprintf_r+0xc0>
2001254c:	4732                	lw	a4,12(sp)
2001254e:	00470693          	addi	a3,a4,4
20012552:	4318                	lw	a4,0(a4)
20012554:	c636                	sw	a3,12(sp)
20012556:	02074a63          	bltz	a4,2001258a <_vfiprintf_r+0x1c0>
2001255a:	ce3a                	sw	a4,28(sp)
2001255c:	00044703          	lbu	a4,0(s0)
20012560:	02e00793          	li	a5,46
20012564:	04f71f63          	bne	a4,a5,200125c2 <_vfiprintf_r+0x1f8>
20012568:	00144703          	lbu	a4,1(s0)
2001256c:	02a00793          	li	a5,42
20012570:	02f71a63          	bne	a4,a5,200125a4 <_vfiprintf_r+0x1da>
20012574:	47b2                	lw	a5,12(sp)
20012576:	0409                	addi	s0,s0,2
20012578:	00478713          	addi	a4,a5,4
2001257c:	439c                	lw	a5,0(a5)
2001257e:	c63a                	sw	a4,12(sp)
20012580:	0007d363          	bgez	a5,20012586 <_vfiprintf_r+0x1bc>
20012584:	57fd                	li	a5,-1
20012586:	ca3e                	sw	a5,20(sp)
20012588:	a82d                	j	200125c2 <_vfiprintf_r+0x1f8>
2001258a:	40e00733          	neg	a4,a4
2001258e:	0027e793          	ori	a5,a5,2
20012592:	ce3a                	sw	a4,28(sp)
20012594:	c83e                	sw	a5,16(sp)
20012596:	b7d9                	j	2001255c <_vfiprintf_r+0x192>
20012598:	02a787b3          	mul	a5,a5,a0
2001259c:	842e                	mv	s0,a1
2001259e:	4685                	li	a3,1
200125a0:	97ba                	add	a5,a5,a4
200125a2:	b73d                	j	200124d0 <_vfiprintf_r+0x106>
200125a4:	0405                	addi	s0,s0,1
200125a6:	ca02                	sw	zero,20(sp)
200125a8:	4681                	li	a3,0
200125aa:	4781                	li	a5,0
200125ac:	4625                	li	a2,9
200125ae:	4529                	li	a0,10
200125b0:	00044703          	lbu	a4,0(s0)
200125b4:	00140593          	addi	a1,s0,1
200125b8:	fd070713          	addi	a4,a4,-48
200125bc:	04e67d63          	bgeu	a2,a4,20012616 <_vfiprintf_r+0x24c>
200125c0:	f2f9                	bnez	a3,20012586 <_vfiprintf_r+0x1bc>
200125c2:	00044583          	lbu	a1,0(s0)
200125c6:	460d                	li	a2,3
200125c8:	488b8513          	addi	a0,s7,1160 # 20013488 <__sf_fake_stdin+0x28>
200125cc:	250d                	jal	20012bee <memchr>
200125ce:	cd01                	beqz	a0,200125e6 <_vfiprintf_r+0x21c>
200125d0:	488b8793          	addi	a5,s7,1160
200125d4:	8d1d                	sub	a0,a0,a5
200125d6:	47c2                	lw	a5,16(sp)
200125d8:	04000713          	li	a4,64
200125dc:	00a71733          	sll	a4,a4,a0
200125e0:	8fd9                	or	a5,a5,a4
200125e2:	0405                	addi	s0,s0,1
200125e4:	c83e                	sw	a5,16(sp)
200125e6:	00044583          	lbu	a1,0(s0)
200125ea:	4619                	li	a2,6
200125ec:	48cd0513          	addi	a0,s10,1164 # 2001348c <__sf_fake_stdin+0x2c>
200125f0:	00140913          	addi	s2,s0,1
200125f4:	02b10423          	sb	a1,40(sp)
200125f8:	2bdd                	jal	20012bee <memchr>
200125fa:	cd31                	beqz	a0,20012656 <_vfiprintf_r+0x28c>
200125fc:	020a9763          	bnez	s5,2001262a <_vfiprintf_r+0x260>
20012600:	4742                	lw	a4,16(sp)
20012602:	47b2                	lw	a5,12(sp)
20012604:	10077713          	andi	a4,a4,256
20012608:	cf09                	beqz	a4,20012622 <_vfiprintf_r+0x258>
2001260a:	0791                	addi	a5,a5,4
2001260c:	c63e                	sw	a5,12(sp)
2001260e:	5792                	lw	a5,36(sp)
20012610:	97d2                	add	a5,a5,s4
20012612:	d23e                	sw	a5,36(sp)
20012614:	b53d                	j	20012442 <_vfiprintf_r+0x78>
20012616:	02a787b3          	mul	a5,a5,a0
2001261a:	842e                	mv	s0,a1
2001261c:	4685                	li	a3,1
2001261e:	97ba                	add	a5,a5,a4
20012620:	bf41                	j	200125b0 <_vfiprintf_r+0x1e6>
20012622:	079d                	addi	a5,a5,7
20012624:	9be1                	andi	a5,a5,-8
20012626:	07a1                	addi	a5,a5,8
20012628:	b7d5                	j	2001260c <_vfiprintf_r+0x242>
2001262a:	0078                	addi	a4,sp,12
2001262c:	388c0693          	addi	a3,s8,904 # 20012388 <__sfputs_r>
20012630:	8626                	mv	a2,s1
20012632:	080c                	addi	a1,sp,16
20012634:	854e                	mv	a0,s3
20012636:	00000097          	auipc	ra,0x0
2001263a:	000000e7          	jalr	zero # 0 <_lma_vma_data_offset>
2001263e:	57fd                	li	a5,-1
20012640:	8a2a                	mv	s4,a0
20012642:	fcf516e3          	bne	a0,a5,2001260e <_vfiprintf_r+0x244>
20012646:	00c4d783          	lhu	a5,12(s1)
2001264a:	0407f793          	andi	a5,a5,64
2001264e:	ec0794e3          	bnez	a5,20012516 <_vfiprintf_r+0x14c>
20012652:	5512                	lw	a0,36(sp)
20012654:	b5d1                	j	20012518 <_vfiprintf_r+0x14e>
20012656:	0078                	addi	a4,sp,12
20012658:	388c0693          	addi	a3,s8,904
2001265c:	8626                	mv	a2,s1
2001265e:	080c                	addi	a1,sp,16
20012660:	854e                	mv	a0,s3
20012662:	2a11                	jal	20012776 <_printf_i>
20012664:	bfe9                	j	2001263e <_vfiprintf_r+0x274>

20012666 <_printf_common>:
20012666:	7179                	addi	sp,sp,-48
20012668:	ca56                	sw	s5,20(sp)
2001266a:	499c                	lw	a5,16(a1)
2001266c:	8aba                	mv	s5,a4
2001266e:	4598                	lw	a4,8(a1)
20012670:	d422                	sw	s0,40(sp)
20012672:	d04a                	sw	s2,32(sp)
20012674:	ce4e                	sw	s3,28(sp)
20012676:	cc52                	sw	s4,24(sp)
20012678:	d606                	sw	ra,44(sp)
2001267a:	d226                	sw	s1,36(sp)
2001267c:	c85a                	sw	s6,16(sp)
2001267e:	c65e                	sw	s7,12(sp)
20012680:	89aa                	mv	s3,a0
20012682:	842e                	mv	s0,a1
20012684:	8932                	mv	s2,a2
20012686:	8a36                	mv	s4,a3
20012688:	00e7d363          	bge	a5,a4,2001268e <_printf_common+0x28>
2001268c:	87ba                	mv	a5,a4
2001268e:	00f92023          	sw	a5,0(s2)
20012692:	04344703          	lbu	a4,67(s0)
20012696:	c701                	beqz	a4,2001269e <_printf_common+0x38>
20012698:	0785                	addi	a5,a5,1
2001269a:	00f92023          	sw	a5,0(s2)
2001269e:	401c                	lw	a5,0(s0)
200126a0:	0207f793          	andi	a5,a5,32
200126a4:	c791                	beqz	a5,200126b0 <_printf_common+0x4a>
200126a6:	00092783          	lw	a5,0(s2)
200126aa:	0789                	addi	a5,a5,2
200126ac:	00f92023          	sw	a5,0(s2)
200126b0:	4004                	lw	s1,0(s0)
200126b2:	8899                	andi	s1,s1,6
200126b4:	e891                	bnez	s1,200126c8 <_printf_common+0x62>
200126b6:	01940b13          	addi	s6,s0,25
200126ba:	5bfd                	li	s7,-1
200126bc:	445c                	lw	a5,12(s0)
200126be:	00092703          	lw	a4,0(s2)
200126c2:	8f99                	sub	a5,a5,a4
200126c4:	04f4cc63          	blt	s1,a5,2001271c <_printf_common+0xb6>
200126c8:	04344783          	lbu	a5,67(s0)
200126cc:	00f036b3          	snez	a3,a5
200126d0:	401c                	lw	a5,0(s0)
200126d2:	0207f793          	andi	a5,a5,32
200126d6:	eba5                	bnez	a5,20012746 <_printf_common+0xe0>
200126d8:	04340613          	addi	a2,s0,67
200126dc:	85d2                	mv	a1,s4
200126de:	854e                	mv	a0,s3
200126e0:	9a82                	jalr	s5
200126e2:	57fd                	li	a5,-1
200126e4:	04f50363          	beq	a0,a5,2001272a <_printf_common+0xc4>
200126e8:	401c                	lw	a5,0(s0)
200126ea:	4711                	li	a4,4
200126ec:	4481                	li	s1,0
200126ee:	8b99                	andi	a5,a5,6
200126f0:	00e79963          	bne	a5,a4,20012702 <_printf_common+0x9c>
200126f4:	4444                	lw	s1,12(s0)
200126f6:	00092783          	lw	a5,0(s2)
200126fa:	8c9d                	sub	s1,s1,a5
200126fc:	0004d363          	bgez	s1,20012702 <_printf_common+0x9c>
20012700:	4481                	li	s1,0
20012702:	441c                	lw	a5,8(s0)
20012704:	4818                	lw	a4,16(s0)
20012706:	00f75463          	bge	a4,a5,2001270e <_printf_common+0xa8>
2001270a:	8f99                	sub	a5,a5,a4
2001270c:	94be                	add	s1,s1,a5
2001270e:	4901                	li	s2,0
20012710:	0469                	addi	s0,s0,26
20012712:	5b7d                	li	s6,-1
20012714:	05249863          	bne	s1,s2,20012764 <_printf_common+0xfe>
20012718:	4501                	li	a0,0
2001271a:	a809                	j	2001272c <_printf_common+0xc6>
2001271c:	4685                	li	a3,1
2001271e:	865a                	mv	a2,s6
20012720:	85d2                	mv	a1,s4
20012722:	854e                	mv	a0,s3
20012724:	9a82                	jalr	s5
20012726:	01751e63          	bne	a0,s7,20012742 <_printf_common+0xdc>
2001272a:	557d                	li	a0,-1
2001272c:	50b2                	lw	ra,44(sp)
2001272e:	5422                	lw	s0,40(sp)
20012730:	5492                	lw	s1,36(sp)
20012732:	5902                	lw	s2,32(sp)
20012734:	49f2                	lw	s3,28(sp)
20012736:	4a62                	lw	s4,24(sp)
20012738:	4ad2                	lw	s5,20(sp)
2001273a:	4b42                	lw	s6,16(sp)
2001273c:	4bb2                	lw	s7,12(sp)
2001273e:	6145                	addi	sp,sp,48
20012740:	8082                	ret
20012742:	0485                	addi	s1,s1,1
20012744:	bfa5                	j	200126bc <_printf_common+0x56>
20012746:	00d40733          	add	a4,s0,a3
2001274a:	03000613          	li	a2,48
2001274e:	04c701a3          	sb	a2,67(a4)
20012752:	04544703          	lbu	a4,69(s0)
20012756:	00168793          	addi	a5,a3,1
2001275a:	97a2                	add	a5,a5,s0
2001275c:	0689                	addi	a3,a3,2
2001275e:	04e781a3          	sb	a4,67(a5)
20012762:	bf9d                	j	200126d8 <_printf_common+0x72>
20012764:	4685                	li	a3,1
20012766:	8622                	mv	a2,s0
20012768:	85d2                	mv	a1,s4
2001276a:	854e                	mv	a0,s3
2001276c:	9a82                	jalr	s5
2001276e:	fb650ee3          	beq	a0,s6,2001272a <_printf_common+0xc4>
20012772:	0905                	addi	s2,s2,1
20012774:	b745                	j	20012714 <_printf_common+0xae>

20012776 <_printf_i>:
20012776:	7179                	addi	sp,sp,-48
20012778:	d422                	sw	s0,40(sp)
2001277a:	d226                	sw	s1,36(sp)
2001277c:	d04a                	sw	s2,32(sp)
2001277e:	ce4e                	sw	s3,28(sp)
20012780:	d606                	sw	ra,44(sp)
20012782:	cc52                	sw	s4,24(sp)
20012784:	ca56                	sw	s5,20(sp)
20012786:	c85a                	sw	s6,16(sp)
20012788:	0185c883          	lbu	a7,24(a1)
2001278c:	07800793          	li	a5,120
20012790:	84aa                	mv	s1,a0
20012792:	842e                	mv	s0,a1
20012794:	8932                	mv	s2,a2
20012796:	89b6                	mv	s3,a3
20012798:	0117ee63          	bltu	a5,a7,200127b4 <_printf_i+0x3e>
2001279c:	06200793          	li	a5,98
200127a0:	04358693          	addi	a3,a1,67
200127a4:	0117ed63          	bltu	a5,a7,200127be <_printf_i+0x48>
200127a8:	1c088d63          	beqz	a7,20012982 <_printf_i+0x20c>
200127ac:	05800793          	li	a5,88
200127b0:	16f88663          	beq	a7,a5,2001291c <_printf_i+0x1a6>
200127b4:	04240a93          	addi	s5,s0,66
200127b8:	05140123          	sb	a7,66(s0)
200127bc:	a80d                	j	200127ee <_printf_i+0x78>
200127be:	f9d88793          	addi	a5,a7,-99
200127c2:	0ff7f793          	zext.b	a5,a5
200127c6:	4655                	li	a2,21
200127c8:	fef666e3          	bltu	a2,a5,200127b4 <_printf_i+0x3e>
200127cc:	20013637          	lui	a2,0x20013
200127d0:	078a                	slli	a5,a5,0x2
200127d2:	4bc60613          	addi	a2,a2,1212 # 200134bc <__sf_fake_stdin+0x5c>
200127d6:	97b2                	add	a5,a5,a2
200127d8:	439c                	lw	a5,0(a5)
200127da:	8782                	jr	a5
200127dc:	431c                	lw	a5,0(a4)
200127de:	04258a93          	addi	s5,a1,66
200127e2:	00478693          	addi	a3,a5,4
200127e6:	439c                	lw	a5,0(a5)
200127e8:	c314                	sw	a3,0(a4)
200127ea:	04f58123          	sb	a5,66(a1)
200127ee:	4785                	li	a5,1
200127f0:	aa65                	j	200129a8 <_printf_i+0x232>
200127f2:	4190                	lw	a2,0(a1)
200127f4:	431c                	lw	a5,0(a4)
200127f6:	08067513          	andi	a0,a2,128
200127fa:	00478593          	addi	a1,a5,4
200127fe:	c139                	beqz	a0,20012844 <_printf_i+0xce>
20012800:	439c                	lw	a5,0(a5)
20012802:	c30c                	sw	a1,0(a4)
20012804:	20013737          	lui	a4,0x20013
20012808:	404c                	lw	a1,4(s0)
2001280a:	49470813          	addi	a6,a4,1172 # 20013494 <__sf_fake_stdin+0x34>
2001280e:	1407d263          	bgez	a5,20012952 <_printf_i+0x1dc>
20012812:	02d00713          	li	a4,45
20012816:	04e401a3          	sb	a4,67(s0)
2001281a:	c40c                	sw	a1,8(s0)
2001281c:	0205dc63          	bgez	a1,20012854 <_printf_i+0xde>
20012820:	40f007b3          	neg	a5,a5
20012824:	4729                	li	a4,10
20012826:	8ab6                	mv	s5,a3
20012828:	02e7f633          	remu	a2,a5,a4
2001282c:	1afd                	addi	s5,s5,-1
2001282e:	9642                	add	a2,a2,a6
20012830:	00064603          	lbu	a2,0(a2)
20012834:	00ca8023          	sb	a2,0(s5)
20012838:	863e                	mv	a2,a5
2001283a:	02e7d7b3          	divu	a5,a5,a4
2001283e:	fee675e3          	bgeu	a2,a4,20012828 <_printf_i+0xb2>
20012842:	a08d                	j	200128a4 <_printf_i+0x12e>
20012844:	439c                	lw	a5,0(a5)
20012846:	04067513          	andi	a0,a2,64
2001284a:	c30c                	sw	a1,0(a4)
2001284c:	dd45                	beqz	a0,20012804 <_printf_i+0x8e>
2001284e:	07c2                	slli	a5,a5,0x10
20012850:	87c1                	srai	a5,a5,0x10
20012852:	bf4d                	j	20012804 <_printf_i+0x8e>
20012854:	9a6d                	andi	a2,a2,-5
20012856:	c010                	sw	a2,0(s0)
20012858:	b7e1                	j	20012820 <_printf_i+0xaa>
2001285a:	4190                	lw	a2,0(a1)
2001285c:	431c                	lw	a5,0(a4)
2001285e:	08067513          	andi	a0,a2,128
20012862:	00478593          	addi	a1,a5,4
20012866:	c501                	beqz	a0,2001286e <_printf_i+0xf8>
20012868:	c30c                	sw	a1,0(a4)
2001286a:	439c                	lw	a5,0(a5)
2001286c:	a039                	j	2001287a <_printf_i+0x104>
2001286e:	04067613          	andi	a2,a2,64
20012872:	c30c                	sw	a1,0(a4)
20012874:	da7d                	beqz	a2,2001286a <_printf_i+0xf4>
20012876:	0007d783          	lhu	a5,0(a5)
2001287a:	20013837          	lui	a6,0x20013
2001287e:	06f00713          	li	a4,111
20012882:	49480813          	addi	a6,a6,1172 # 20013494 <__sf_fake_stdin+0x34>
20012886:	0ce89463          	bne	a7,a4,2001294e <_printf_i+0x1d8>
2001288a:	4721                	li	a4,8
2001288c:	040401a3          	sb	zero,67(s0)
20012890:	4050                	lw	a2,4(s0)
20012892:	c410                	sw	a2,8(s0)
20012894:	f80649e3          	bltz	a2,20012826 <_printf_i+0xb0>
20012898:	400c                	lw	a1,0(s0)
2001289a:	99ed                	andi	a1,a1,-5
2001289c:	c00c                	sw	a1,0(s0)
2001289e:	f7c1                	bnez	a5,20012826 <_printf_i+0xb0>
200128a0:	8ab6                	mv	s5,a3
200128a2:	f251                	bnez	a2,20012826 <_printf_i+0xb0>
200128a4:	47a1                	li	a5,8
200128a6:	00f71e63          	bne	a4,a5,200128c2 <_printf_i+0x14c>
200128aa:	401c                	lw	a5,0(s0)
200128ac:	8b85                	andi	a5,a5,1
200128ae:	cb91                	beqz	a5,200128c2 <_printf_i+0x14c>
200128b0:	4058                	lw	a4,4(s0)
200128b2:	481c                	lw	a5,16(s0)
200128b4:	00e7c763          	blt	a5,a4,200128c2 <_printf_i+0x14c>
200128b8:	03000793          	li	a5,48
200128bc:	fefa8fa3          	sb	a5,-1(s5)
200128c0:	1afd                	addi	s5,s5,-1
200128c2:	415686b3          	sub	a3,a3,s5
200128c6:	c814                	sw	a3,16(s0)
200128c8:	874e                	mv	a4,s3
200128ca:	86ca                	mv	a3,s2
200128cc:	0070                	addi	a2,sp,12
200128ce:	85a2                	mv	a1,s0
200128d0:	8526                	mv	a0,s1
200128d2:	3b51                	jal	20012666 <_printf_common>
200128d4:	5a7d                	li	s4,-1
200128d6:	0d451d63          	bne	a0,s4,200129b0 <_printf_i+0x23a>
200128da:	557d                	li	a0,-1
200128dc:	50b2                	lw	ra,44(sp)
200128de:	5422                	lw	s0,40(sp)
200128e0:	5492                	lw	s1,36(sp)
200128e2:	5902                	lw	s2,32(sp)
200128e4:	49f2                	lw	s3,28(sp)
200128e6:	4a62                	lw	s4,24(sp)
200128e8:	4ad2                	lw	s5,20(sp)
200128ea:	4b42                	lw	s6,16(sp)
200128ec:	6145                	addi	sp,sp,48
200128ee:	8082                	ret
200128f0:	419c                	lw	a5,0(a1)
200128f2:	0207e793          	ori	a5,a5,32
200128f6:	c19c                	sw	a5,0(a1)
200128f8:	20013837          	lui	a6,0x20013
200128fc:	07800893          	li	a7,120
20012900:	4a880813          	addi	a6,a6,1192 # 200134a8 <__sf_fake_stdin+0x48>
20012904:	4010                	lw	a2,0(s0)
20012906:	051402a3          	sb	a7,69(s0)
2001290a:	431c                	lw	a5,0(a4)
2001290c:	08067513          	andi	a0,a2,128
20012910:	00478593          	addi	a1,a5,4
20012914:	c909                	beqz	a0,20012926 <_printf_i+0x1b0>
20012916:	c30c                	sw	a1,0(a4)
20012918:	439c                	lw	a5,0(a5)
2001291a:	a821                	j	20012932 <_printf_i+0x1bc>
2001291c:	20013837          	lui	a6,0x20013
20012920:	49480813          	addi	a6,a6,1172 # 20013494 <__sf_fake_stdin+0x34>
20012924:	b7c5                	j	20012904 <_printf_i+0x18e>
20012926:	04067513          	andi	a0,a2,64
2001292a:	c30c                	sw	a1,0(a4)
2001292c:	d575                	beqz	a0,20012918 <_printf_i+0x1a2>
2001292e:	0007d783          	lhu	a5,0(a5)
20012932:	00167713          	andi	a4,a2,1
20012936:	c701                	beqz	a4,2001293e <_printf_i+0x1c8>
20012938:	02066613          	ori	a2,a2,32
2001293c:	c010                	sw	a2,0(s0)
2001293e:	c399                	beqz	a5,20012944 <_printf_i+0x1ce>
20012940:	4741                	li	a4,16
20012942:	b7a9                	j	2001288c <_printf_i+0x116>
20012944:	4018                	lw	a4,0(s0)
20012946:	fdf77713          	andi	a4,a4,-33
2001294a:	c018                	sw	a4,0(s0)
2001294c:	bfd5                	j	20012940 <_printf_i+0x1ca>
2001294e:	4729                	li	a4,10
20012950:	bf35                	j	2001288c <_printf_i+0x116>
20012952:	49470813          	addi	a6,a4,1172
20012956:	4729                	li	a4,10
20012958:	bf25                	j	20012890 <_printf_i+0x11a>
2001295a:	4190                	lw	a2,0(a1)
2001295c:	431c                	lw	a5,0(a4)
2001295e:	49cc                	lw	a1,20(a1)
20012960:	08067813          	andi	a6,a2,128
20012964:	00478513          	addi	a0,a5,4
20012968:	00080663          	beqz	a6,20012974 <_printf_i+0x1fe>
2001296c:	c308                	sw	a0,0(a4)
2001296e:	439c                	lw	a5,0(a5)
20012970:	c38c                	sw	a1,0(a5)
20012972:	a801                	j	20012982 <_printf_i+0x20c>
20012974:	c308                	sw	a0,0(a4)
20012976:	04067613          	andi	a2,a2,64
2001297a:	439c                	lw	a5,0(a5)
2001297c:	da75                	beqz	a2,20012970 <_printf_i+0x1fa>
2001297e:	00b79023          	sh	a1,0(a5)
20012982:	00042823          	sw	zero,16(s0)
20012986:	8ab6                	mv	s5,a3
20012988:	b781                	j	200128c8 <_printf_i+0x152>
2001298a:	431c                	lw	a5,0(a4)
2001298c:	41d0                	lw	a2,4(a1)
2001298e:	4581                	li	a1,0
20012990:	00478693          	addi	a3,a5,4
20012994:	c314                	sw	a3,0(a4)
20012996:	0007aa83          	lw	s5,0(a5)
2001299a:	8556                	mv	a0,s5
2001299c:	2c89                	jal	20012bee <memchr>
2001299e:	c501                	beqz	a0,200129a6 <_printf_i+0x230>
200129a0:	41550533          	sub	a0,a0,s5
200129a4:	c048                	sw	a0,4(s0)
200129a6:	405c                	lw	a5,4(s0)
200129a8:	c81c                	sw	a5,16(s0)
200129aa:	040401a3          	sb	zero,67(s0)
200129ae:	bf29                	j	200128c8 <_printf_i+0x152>
200129b0:	4814                	lw	a3,16(s0)
200129b2:	8656                	mv	a2,s5
200129b4:	85ca                	mv	a1,s2
200129b6:	8526                	mv	a0,s1
200129b8:	9982                	jalr	s3
200129ba:	f34500e3          	beq	a0,s4,200128da <_printf_i+0x164>
200129be:	401c                	lw	a5,0(s0)
200129c0:	8b89                	andi	a5,a5,2
200129c2:	e78d                	bnez	a5,200129ec <_printf_i+0x276>
200129c4:	47b2                	lw	a5,12(sp)
200129c6:	4448                	lw	a0,12(s0)
200129c8:	f0f55ae3          	bge	a0,a5,200128dc <_printf_i+0x166>
200129cc:	853e                	mv	a0,a5
200129ce:	b739                	j	200128dc <_printf_i+0x166>
200129d0:	4685                	li	a3,1
200129d2:	8656                	mv	a2,s5
200129d4:	85ca                	mv	a1,s2
200129d6:	8526                	mv	a0,s1
200129d8:	9982                	jalr	s3
200129da:	f16500e3          	beq	a0,s6,200128da <_printf_i+0x164>
200129de:	0a05                	addi	s4,s4,1
200129e0:	445c                	lw	a5,12(s0)
200129e2:	4732                	lw	a4,12(sp)
200129e4:	8f99                	sub	a5,a5,a4
200129e6:	fefa45e3          	blt	s4,a5,200129d0 <_printf_i+0x25a>
200129ea:	bfe9                	j	200129c4 <_printf_i+0x24e>
200129ec:	4a01                	li	s4,0
200129ee:	01940a93          	addi	s5,s0,25
200129f2:	5b7d                	li	s6,-1
200129f4:	b7f5                	j	200129e0 <_printf_i+0x26a>

200129f6 <_putc_r>:
200129f6:	1101                	addi	sp,sp,-32
200129f8:	cc22                	sw	s0,24(sp)
200129fa:	ce06                	sw	ra,28(sp)
200129fc:	842a                	mv	s0,a0
200129fe:	c909                	beqz	a0,20012a10 <_putc_r+0x1a>
20012a00:	4d1c                	lw	a5,24(a0)
20012a02:	e799                	bnez	a5,20012a10 <_putc_r+0x1a>
20012a04:	c632                	sw	a2,12(sp)
20012a06:	c42e                	sw	a1,8(sp)
20012a08:	edeff0ef          	jal	ra,200120e6 <__sinit>
20012a0c:	4632                	lw	a2,12(sp)
20012a0e:	45a2                	lw	a1,8(sp)
20012a10:	200137b7          	lui	a5,0x20013
20012a14:	46078793          	addi	a5,a5,1120 # 20013460 <__sf_fake_stdin>
20012a18:	02f61663          	bne	a2,a5,20012a44 <_putc_r+0x4e>
20012a1c:	4050                	lw	a2,4(s0)
20012a1e:	461c                	lw	a5,8(a2)
20012a20:	17fd                	addi	a5,a5,-1
20012a22:	c61c                	sw	a5,8(a2)
20012a24:	0407d063          	bgez	a5,20012a64 <_putc_r+0x6e>
20012a28:	4e18                	lw	a4,24(a2)
20012a2a:	00e7c763          	blt	a5,a4,20012a38 <_putc_r+0x42>
20012a2e:	0ff5f793          	zext.b	a5,a1
20012a32:	4729                	li	a4,10
20012a34:	02e79863          	bne	a5,a4,20012a64 <_putc_r+0x6e>
20012a38:	8522                	mv	a0,s0
20012a3a:	4462                	lw	s0,24(sp)
20012a3c:	40f2                	lw	ra,28(sp)
20012a3e:	6105                	addi	sp,sp,32
20012a40:	95aff06f          	j	20011b9a <__swbuf_r>
20012a44:	200137b7          	lui	a5,0x20013
20012a48:	44078793          	addi	a5,a5,1088 # 20013440 <__sf_fake_stdout>
20012a4c:	00f61463          	bne	a2,a5,20012a54 <_putc_r+0x5e>
20012a50:	4410                	lw	a2,8(s0)
20012a52:	b7f1                	j	20012a1e <_putc_r+0x28>
20012a54:	200137b7          	lui	a5,0x20013
20012a58:	42078793          	addi	a5,a5,1056 # 20013420 <__sf_fake_stderr>
20012a5c:	fcf611e3          	bne	a2,a5,20012a1e <_putc_r+0x28>
20012a60:	4450                	lw	a2,12(s0)
20012a62:	bf75                	j	20012a1e <_putc_r+0x28>
20012a64:	421c                	lw	a5,0(a2)
20012a66:	0ff5f513          	zext.b	a0,a1
20012a6a:	00178713          	addi	a4,a5,1
20012a6e:	c218                	sw	a4,0(a2)
20012a70:	00b78023          	sb	a1,0(a5)
20012a74:	40f2                	lw	ra,28(sp)
20012a76:	4462                	lw	s0,24(sp)
20012a78:	6105                	addi	sp,sp,32
20012a7a:	8082                	ret

20012a7c <__sread>:
20012a7c:	1141                	addi	sp,sp,-16
20012a7e:	c422                	sw	s0,8(sp)
20012a80:	842e                	mv	s0,a1
20012a82:	00e59583          	lh	a1,14(a1)
20012a86:	c606                	sw	ra,12(sp)
20012a88:	2241                	jal	20012c08 <_read_r>
20012a8a:	00054963          	bltz	a0,20012a9c <__sread+0x20>
20012a8e:	487c                	lw	a5,84(s0)
20012a90:	97aa                	add	a5,a5,a0
20012a92:	c87c                	sw	a5,84(s0)
20012a94:	40b2                	lw	ra,12(sp)
20012a96:	4422                	lw	s0,8(sp)
20012a98:	0141                	addi	sp,sp,16
20012a9a:	8082                	ret
20012a9c:	00c45783          	lhu	a5,12(s0)
20012aa0:	777d                	lui	a4,0xfffff
20012aa2:	177d                	addi	a4,a4,-1 # ffffefff <_etext+0xdffebae7>
20012aa4:	8ff9                	and	a5,a5,a4
20012aa6:	00f41623          	sh	a5,12(s0)
20012aaa:	b7ed                	j	20012a94 <__sread+0x18>

20012aac <__swrite>:
20012aac:	00c5d783          	lhu	a5,12(a1)
20012ab0:	1101                	addi	sp,sp,-32
20012ab2:	cc22                	sw	s0,24(sp)
20012ab4:	ca26                	sw	s1,20(sp)
20012ab6:	c84a                	sw	s2,16(sp)
20012ab8:	c64e                	sw	s3,12(sp)
20012aba:	ce06                	sw	ra,28(sp)
20012abc:	1007f793          	andi	a5,a5,256
20012ac0:	84aa                	mv	s1,a0
20012ac2:	842e                	mv	s0,a1
20012ac4:	8932                	mv	s2,a2
20012ac6:	89b6                	mv	s3,a3
20012ac8:	c791                	beqz	a5,20012ad4 <__swrite+0x28>
20012aca:	00e59583          	lh	a1,14(a1)
20012ace:	4689                	li	a3,2
20012ad0:	4601                	li	a2,0
20012ad2:	20f5                	jal	20012bbe <_lseek_r>
20012ad4:	00c45783          	lhu	a5,12(s0)
20012ad8:	777d                	lui	a4,0xfffff
20012ada:	177d                	addi	a4,a4,-1 # ffffefff <_etext+0xdffebae7>
20012adc:	8ff9                	and	a5,a5,a4
20012ade:	00e41583          	lh	a1,14(s0)
20012ae2:	00f41623          	sh	a5,12(s0)
20012ae6:	4462                	lw	s0,24(sp)
20012ae8:	40f2                	lw	ra,28(sp)
20012aea:	86ce                	mv	a3,s3
20012aec:	864a                	mv	a2,s2
20012aee:	49b2                	lw	s3,12(sp)
20012af0:	4942                	lw	s2,16(sp)
20012af2:	8526                	mv	a0,s1
20012af4:	44d2                	lw	s1,20(sp)
20012af6:	6105                	addi	sp,sp,32
20012af8:	9adfe06f          	j	200114a4 <_write_r>

20012afc <__sseek>:
20012afc:	1141                	addi	sp,sp,-16
20012afe:	c422                	sw	s0,8(sp)
20012b00:	842e                	mv	s0,a1
20012b02:	00e59583          	lh	a1,14(a1)
20012b06:	c606                	sw	ra,12(sp)
20012b08:	285d                	jal	20012bbe <_lseek_r>
20012b0a:	577d                	li	a4,-1
20012b0c:	00c45783          	lhu	a5,12(s0)
20012b10:	00e51b63          	bne	a0,a4,20012b26 <__sseek+0x2a>
20012b14:	777d                	lui	a4,0xfffff
20012b16:	177d                	addi	a4,a4,-1 # ffffefff <_etext+0xdffebae7>
20012b18:	8ff9                	and	a5,a5,a4
20012b1a:	00f41623          	sh	a5,12(s0)
20012b1e:	40b2                	lw	ra,12(sp)
20012b20:	4422                	lw	s0,8(sp)
20012b22:	0141                	addi	sp,sp,16
20012b24:	8082                	ret
20012b26:	6705                	lui	a4,0x1
20012b28:	8fd9                	or	a5,a5,a4
20012b2a:	00f41623          	sh	a5,12(s0)
20012b2e:	c868                	sw	a0,84(s0)
20012b30:	b7fd                	j	20012b1e <__sseek+0x22>

20012b32 <__sclose>:
20012b32:	00e59583          	lh	a1,14(a1)
20012b36:	a009                	j	20012b38 <_close_r>

20012b38 <_close_r>:
20012b38:	1141                	addi	sp,sp,-16
20012b3a:	c422                	sw	s0,8(sp)
20012b3c:	c226                	sw	s1,4(sp)
20012b3e:	842a                	mv	s0,a0
20012b40:	852e                	mv	a0,a1
20012b42:	c606                	sw	ra,12(sp)
20012b44:	c001a623          	sw	zero,-1012(gp) # 2040c <errno>
20012b48:	8b5fe0ef          	jal	ra,200113fc <_close>
20012b4c:	57fd                	li	a5,-1
20012b4e:	00f51663          	bne	a0,a5,20012b5a <_close_r+0x22>
20012b52:	c0c1a783          	lw	a5,-1012(gp) # 2040c <errno>
20012b56:	c391                	beqz	a5,20012b5a <_close_r+0x22>
20012b58:	c01c                	sw	a5,0(s0)
20012b5a:	40b2                	lw	ra,12(sp)
20012b5c:	4422                	lw	s0,8(sp)
20012b5e:	4492                	lw	s1,4(sp)
20012b60:	0141                	addi	sp,sp,16
20012b62:	8082                	ret

20012b64 <_fstat_r>:
20012b64:	1141                	addi	sp,sp,-16
20012b66:	c422                	sw	s0,8(sp)
20012b68:	c226                	sw	s1,4(sp)
20012b6a:	842a                	mv	s0,a0
20012b6c:	852e                	mv	a0,a1
20012b6e:	85b2                	mv	a1,a2
20012b70:	c606                	sw	ra,12(sp)
20012b72:	c001a623          	sw	zero,-1012(gp) # 2040c <errno>
20012b76:	8a5fe0ef          	jal	ra,2001141a <_fstat>
20012b7a:	57fd                	li	a5,-1
20012b7c:	00f51663          	bne	a0,a5,20012b88 <_fstat_r+0x24>
20012b80:	c0c1a783          	lw	a5,-1012(gp) # 2040c <errno>
20012b84:	c391                	beqz	a5,20012b88 <_fstat_r+0x24>
20012b86:	c01c                	sw	a5,0(s0)
20012b88:	40b2                	lw	ra,12(sp)
20012b8a:	4422                	lw	s0,8(sp)
20012b8c:	4492                	lw	s1,4(sp)
20012b8e:	0141                	addi	sp,sp,16
20012b90:	8082                	ret

20012b92 <_isatty_r>:
20012b92:	1141                	addi	sp,sp,-16
20012b94:	c422                	sw	s0,8(sp)
20012b96:	c226                	sw	s1,4(sp)
20012b98:	842a                	mv	s0,a0
20012b9a:	852e                	mv	a0,a1
20012b9c:	c606                	sw	ra,12(sp)
20012b9e:	c001a623          	sw	zero,-1012(gp) # 2040c <errno>
20012ba2:	881fe0ef          	jal	ra,20011422 <_isatty>
20012ba6:	57fd                	li	a5,-1
20012ba8:	00f51663          	bne	a0,a5,20012bb4 <_isatty_r+0x22>
20012bac:	c0c1a783          	lw	a5,-1012(gp) # 2040c <errno>
20012bb0:	c391                	beqz	a5,20012bb4 <_isatty_r+0x22>
20012bb2:	c01c                	sw	a5,0(s0)
20012bb4:	40b2                	lw	ra,12(sp)
20012bb6:	4422                	lw	s0,8(sp)
20012bb8:	4492                	lw	s1,4(sp)
20012bba:	0141                	addi	sp,sp,16
20012bbc:	8082                	ret

20012bbe <_lseek_r>:
20012bbe:	1141                	addi	sp,sp,-16
20012bc0:	c422                	sw	s0,8(sp)
20012bc2:	c226                	sw	s1,4(sp)
20012bc4:	842a                	mv	s0,a0
20012bc6:	852e                	mv	a0,a1
20012bc8:	85b2                	mv	a1,a2
20012bca:	8636                	mv	a2,a3
20012bcc:	c606                	sw	ra,12(sp)
20012bce:	c001a623          	sw	zero,-1012(gp) # 2040c <errno>
20012bd2:	859fe0ef          	jal	ra,2001142a <_lseek>
20012bd6:	57fd                	li	a5,-1
20012bd8:	00f51663          	bne	a0,a5,20012be4 <_lseek_r+0x26>
20012bdc:	c0c1a783          	lw	a5,-1012(gp) # 2040c <errno>
20012be0:	c391                	beqz	a5,20012be4 <_lseek_r+0x26>
20012be2:	c01c                	sw	a5,0(s0)
20012be4:	40b2                	lw	ra,12(sp)
20012be6:	4422                	lw	s0,8(sp)
20012be8:	4492                	lw	s1,4(sp)
20012bea:	0141                	addi	sp,sp,16
20012bec:	8082                	ret

20012bee <memchr>:
20012bee:	0ff5f593          	zext.b	a1,a1
20012bf2:	962a                	add	a2,a2,a0
20012bf4:	00c51463          	bne	a0,a2,20012bfc <memchr+0xe>
20012bf8:	4501                	li	a0,0
20012bfa:	8082                	ret
20012bfc:	00054783          	lbu	a5,0(a0)
20012c00:	feb78de3          	beq	a5,a1,20012bfa <memchr+0xc>
20012c04:	0505                	addi	a0,a0,1
20012c06:	b7fd                	j	20012bf4 <memchr+0x6>

20012c08 <_read_r>:
20012c08:	1141                	addi	sp,sp,-16
20012c0a:	c422                	sw	s0,8(sp)
20012c0c:	c226                	sw	s1,4(sp)
20012c0e:	842a                	mv	s0,a0
20012c10:	852e                	mv	a0,a1
20012c12:	85b2                	mv	a1,a2
20012c14:	8636                	mv	a2,a3
20012c16:	c606                	sw	ra,12(sp)
20012c18:	c001a623          	sw	zero,-1012(gp) # 2040c <errno>
20012c1c:	813fe0ef          	jal	ra,2001142e <_read>
20012c20:	57fd                	li	a5,-1
20012c22:	00f51663          	bne	a0,a5,20012c2e <_read_r+0x26>
20012c26:	c0c1a783          	lw	a5,-1012(gp) # 2040c <errno>
20012c2a:	c391                	beqz	a5,20012c2e <_read_r+0x26>
20012c2c:	c01c                	sw	a5,0(s0)
20012c2e:	40b2                	lw	ra,12(sp)
20012c30:	4422                	lw	s0,8(sp)
20012c32:	4492                	lw	s1,4(sp)
20012c34:	0141                	addi	sp,sp,16
20012c36:	8082                	ret
20012c38:	3916                	.2byte	0x3916
20012c3a:	46aa                	lw	a3,136(sp)
20012c3c:	0e7d                	addi	t3,t3,31
20012c3e:	8ff9                	and	a5,a5,a4
20012c40:	8210                	.2byte	0x8210
20012c42:	91e327a3          	sw	t5,-1777(t1)
20012c46:	8819                	andi	s0,s0,6
20012c48:	1135                	addi	sp,sp,-19
20012c4a:	7f64                	.2byte	0x7f64
20012c4c:	dba9d5b7          	lui	a1,0xdba9d
20012c50:	581a                	lw	a6,164(sp)
20012c52:	91e6                	add	gp,gp,s9
20012c54:	ddda                	sw	s6,248(sp)
20012c56:	95c1                	srai	a1,a1,0x30
20012c58:	5b0a                	lw	s6,160(sp)
20012c5a:	535a                	lw	t1,180(sp)
20012c5c:	4c42                	lw	s8,16(sp)
20012c5e:	4520                	lw	s0,72(a0)
20012c60:	5252                	lw	tp,52(sp)
20012c62:	4320524f          	.4byte	0x4320524f
20012c66:	4952                	lw	s2,20(sp)
20012c68:	4954                	lw	a3,20(a0)
20012c6a:	205d4f43          	.4byte	0x205d4f43
20012c6e:	7325                	lui	t1,0xfffe9
20012c70:	000a                	c.slli	zero,0x2
20012c72:	0000                	unimp
20012c74:	42535a5b          	.4byte	0x42535a5b
20012c78:	5d4c                	lw	a1,60(a0)
20012c7a:	5320                	lw	s0,96(a4)
20012c7c:	7369                	lui	t1,0xffffa
20012c7e:	6574                	.2byte	0x6574
20012c80:	616d                	addi	sp,sp,240
20012c82:	6220                	.2byte	0x6220
20012c84:	6f6c                	.2byte	0x6f6c
20012c86:	7571                	lui	a0,0xffffc
20012c88:	6165                	addi	sp,sp,112
20012c8a:	6f64                	.2byte	0x6f64
20012c8c:	7020                	.2byte	0x7020
20012c8e:	7265                	lui	tp,0xffff9
20012c90:	616d                	addi	sp,sp,240
20012c92:	656e                	.2byte	0x656e
20012c94:	746e                	.2byte	0x746e
20012c96:	6d65                	lui	s10,0x19
20012c98:	6e65                	lui	t3,0x19
20012c9a:	6574                	.2byte	0x6574
20012c9c:	002e                	c.slli	zero,0xb
20012c9e:	0000                	unimp
20012ca0:	5b0a                	lw	s6,160(sp)
20012ca2:	535a                	lw	t1,180(sp)
20012ca4:	4c42                	lw	s8,16(sp)
20012ca6:	5420                	lw	s0,104(s0)
20012ca8:	4152                	lw	sp,20(sp)
20012caa:	5d50                	lw	a2,60(a0)
20012cac:	4520                	lw	s0,72(a0)
20012cae:	6378                	.2byte	0x6378
20012cb0:	7065                	c.lui	zero,0xffff9
20012cb2:	6e6f6963          	bltu	t5,t1,200133a4 <_read_r+0x79c>
20012cb6:	6420                	.2byte	0x6420
20012cb8:	7465                	lui	s0,0xffff9
20012cba:	6365                	lui	t1,0x19
20012cbc:	6174                	.2byte	0x6174
20012cbe:	6164                	.2byte	0x6164
20012cc0:	2021                	jal	20012cc8 <_read_r+0xc0>
20012cc2:	636d                	lui	t1,0x1b
20012cc4:	7561                	lui	a0,0xffff8
20012cc6:	303d6573          	csrrsi	a0,mideleg,26
20012cca:	2578                	.2byte	0x2578
20012ccc:	3830                	.2byte	0x3830
20012cce:	2c58                	.2byte	0x2c58
20012cd0:	6d20                	.2byte	0x6d20
20012cd2:	7065                	c.lui	zero,0xffff9
20012cd4:	78303d63          	.4byte	0x78303d63
20012cd8:	3025                	jal	20012500 <_vfiprintf_r+0x136>
20012cda:	5838                	lw	a4,112(s0)
20012cdc:	202c                	.2byte	0x202c
20012cde:	746d                	lui	s0,0xffffb
20012ce0:	6176                	.2byte	0x6176
20012ce2:	3d6c                	.2byte	0x3d6c
20012ce4:	7830                	.2byte	0x7830
20012ce6:	3025                	jal	2001250e <_vfiprintf_r+0x144>
20012ce8:	5838                	lw	a4,112(s0)
20012cea:	000a                	c.slli	zero,0x2
20012cec:	7845                	lui	a6,0xffff1
20012cee:	63706563          	bltu	zero,s7,20013318 <_read_r+0x710>
20012cf2:	6f69                	lui	t5,0x1a
20012cf4:	206e                	.2byte	0x206e
20012cf6:	6f6e                	.2byte	0x6f6e
20012cf8:	6320                	.2byte	0x6320
20012cfa:	72746e6f          	jal	t3,20059c20 <_etext+0x46708>
20012cfe:	64616c6f          	jal	s8,20029344 <_etext+0x15e2c>
20012d02:	2061                	jal	20012d8a <_read_r+0x182>
20012d04:	6e65                	lui	t3,0x19
20012d06:	5a20                	lw	s0,112(a2)
20012d08:	2e4c4253          	.4byte	0x2e4c4253
20012d0c:	0000                	unimp
20012d0e:	0000                	unimp
20012d10:	5b0a                	lw	s6,160(sp)
20012d12:	535a                	lw	t1,180(sp)
20012d14:	4c42                	lw	s8,16(sp)
20012d16:	5420                	lw	s0,104(s0)
20012d18:	4152                	lw	sp,20(sp)
20012d1a:	5d50                	lw	a2,60(a0)
20012d1c:	4220                	lw	s0,64(a2)
20012d1e:	6572                	.2byte	0x6572
20012d20:	6b61                	lui	s6,0x18
20012d22:	6f70                	.2byte	0x6f70
20012d24:	6e69                	lui	t3,0x1a
20012d26:	2074                	.2byte	0x2074
20012d28:	6528                	.2byte	0x6528
20012d2a:	7262                	.2byte	0x7262
20012d2c:	6165                	addi	sp,sp,112
20012d2e:	6420296b          	.4byte	0x6420296b
20012d32:	7465                	lui	s0,0xffff9
20012d34:	6365                	lui	t1,0x19
20012d36:	6174                	.2byte	0x6174
20012d38:	6f64                	.2byte	0x6f64
20012d3a:	2021                	jal	20012d42 <_read_r+0x13a>
20012d3c:	656d                	lui	a0,0x1b
20012d3e:	6370                	.2byte	0x6370
20012d40:	303d                	jal	2001256e <_vfiprintf_r+0x1a4>
20012d42:	2578                	.2byte	0x2578
20012d44:	3830                	.2byte	0x3830
20012d46:	2c58                	.2byte	0x2c58
20012d48:	6d20                	.2byte	0x6d20
20012d4a:	7674                	.2byte	0x7674
20012d4c:	6c61                	lui	s8,0x18
20012d4e:	303d                	jal	2001257c <_vfiprintf_r+0x1b2>
20012d50:	2578                	.2byte	0x2578
20012d52:	3830                	.2byte	0x3830
20012d54:	0a58                	addi	a4,sp,276
20012d56:	0000                	unimp
20012d58:	7254                	.2byte	0x7254
20012d5a:	7061                	c.lui	zero,0xffff8
20012d5c:	6520                	.2byte	0x6520
20012d5e:	7262                	.2byte	0x7262
20012d60:	6165                	addi	sp,sp,112
20012d62:	00002e6b          	.4byte	0x2e6b
20012d66:	0000                	unimp
20012d68:	3d0a                	.2byte	0x3d0a
20012d6a:	3d3d                	jal	20012ba8 <_isatty_r+0x16>
20012d6c:	3d3d                	jal	20012baa <_isatty_r+0x18>
20012d6e:	3d3d                	jal	20012bac <_isatty_r+0x1a>
20012d70:	3d3d                	jal	20012bae <_isatty_r+0x1c>
20012d72:	3d3d                	jal	20012bb0 <_isatty_r+0x1e>
20012d74:	3d3d                	jal	20012bb2 <_isatty_r+0x20>
20012d76:	3d3d                	jal	20012bb4 <_isatty_r+0x22>
20012d78:	3d3d                	jal	20012bb6 <_isatty_r+0x24>
20012d7a:	3d3d                	jal	20012bb8 <_isatty_r+0x26>
20012d7c:	3d3d                	jal	20012bba <_isatty_r+0x28>
20012d7e:	3d3d                	jal	20012bbc <_isatty_r+0x2a>
20012d80:	3d3d                	jal	20012bbe <_lseek_r>
20012d82:	3d3d                	jal	20012bc0 <_lseek_r+0x2>
20012d84:	3d3d                	jal	20012bc2 <_lseek_r+0x4>
20012d86:	3d3d                	jal	20012bc4 <_lseek_r+0x6>
20012d88:	3d3d                	jal	20012bc6 <_lseek_r+0x8>
20012d8a:	3d3d                	jal	20012bc8 <_lseek_r+0xa>
20012d8c:	3d3d                	jal	20012bca <_lseek_r+0xc>
20012d8e:	3d3d                	jal	20012bcc <_lseek_r+0xe>
20012d90:	3d3d                	jal	20012bce <_lseek_r+0x10>
20012d92:	3d3d                	jal	20012bd0 <_lseek_r+0x12>
20012d94:	3d3d                	jal	20012bd2 <_lseek_r+0x14>
20012d96:	003d                	c.nop	15
20012d98:	2d2d                	jal	200133d2 <_read_r+0x7ca>
20012d9a:	202d                	jal	20012dc4 <_read_r+0x1bc>
20012d9c:	2020                	.2byte	0x2020
20012d9e:	2d58                	.2byte	0x2d58
20012da0:	4548                	lw	a0,12(a0)
20012da2:	5045                	c.li	zero,-15
20012da4:	5a20                	lw	s0,112(a2)
20012da6:	204c4253          	.4byte	0x204c4253
20012daa:	4528                	lw	a0,72(a0)
20012dac:	4154                	lw	a3,4(a0)
20012dae:	4150                	lw	a2,4(a0)
20012db0:	3020                	.2byte	0x3020
20012db2:	2d20                	.2byte	0x2d20
20012db4:	4220                	lw	s0,64(a2)
20012db6:	20544f4f          	.4byte	0x20544f4f
20012dba:	4f52                	lw	t5,20(sp)
20012dbc:	294d                	jal	2001326e <_read_r+0x666>
20012dbe:	2020                	.2byte	0x2020
20012dc0:	2020                	.2byte	0x2020
20012dc2:	2d20                	.2byte	0x2d20
20012dc4:	2d2d                	jal	200133fe <_read_r+0x7f6>
20012dc6:	0000                	unimp
20012dc8:	3d3d                	jal	20012c06 <memchr+0x18>
20012dca:	3d3d                	jal	20012c08 <_read_r>
20012dcc:	3d3d                	jal	20012c0a <_read_r+0x2>
20012dce:	3d3d                	jal	20012c0c <_read_r+0x4>
20012dd0:	3d3d                	jal	20012c0e <_read_r+0x6>
20012dd2:	3d3d                	jal	20012c10 <_read_r+0x8>
20012dd4:	3d3d                	jal	20012c12 <_read_r+0xa>
20012dd6:	3d3d                	jal	20012c14 <_read_r+0xc>
20012dd8:	3d3d                	jal	20012c16 <_read_r+0xe>
20012dda:	3d3d                	jal	20012c18 <_read_r+0x10>
20012ddc:	3d3d                	jal	20012c1a <_read_r+0x12>
20012dde:	3d3d                	jal	20012c1c <_read_r+0x14>
20012de0:	3d3d                	jal	20012c1e <_read_r+0x16>
20012de2:	3d3d                	jal	20012c20 <_read_r+0x18>
20012de4:	3d3d                	jal	20012c22 <_read_r+0x1a>
20012de6:	3d3d                	jal	20012c24 <_read_r+0x1c>
20012de8:	3d3d                	jal	20012c26 <_read_r+0x1e>
20012dea:	3d3d                	jal	20012c28 <_read_r+0x20>
20012dec:	3d3d                	jal	20012c2a <_read_r+0x22>
20012dee:	3d3d                	jal	20012c2c <_read_r+0x24>
20012df0:	3d3d                	jal	20012c2e <_read_r+0x26>
20012df2:	3d3d                	jal	20012c30 <_read_r+0x28>
20012df4:	3d3d                	jal	20012c32 <_read_r+0x2a>
20012df6:	0000                	unimp
20012df8:	42535a5b          	.4byte	0x42535a5b
20012dfc:	5d4c                	lw	a1,60(a0)
20012dfe:	4920                	lw	s0,80(a0)
20012e00:	696e                	.2byte	0x696e
20012e02:	6c616963          	bltu	sp,t1,200134d4 <__sf_fake_stdin+0x74>
20012e06:	7a69                	lui	s4,0xffffa
20012e08:	6e61                	lui	t3,0x18
20012e0a:	6f64                	.2byte	0x6f64
20012e0c:	6220                	.2byte	0x6220
20012e0e:	7375                	lui	t1,0xffffd
20012e10:	5320                	lw	s0,96(a4)
20012e12:	4950                	lw	a2,20(a0)
20012e14:	4620                	lw	s0,72(a2)
20012e16:	616c                	.2byte	0x616c
20012e18:	2e2e6873          	csrrsi	a6,0x2e2,28
20012e1c:	002e                	c.slli	zero,0xb
20012e1e:	0000                	unimp
20012e20:	6146                	.2byte	0x6146
20012e22:	6c6c                	.2byte	0x6c6c
20012e24:	7263206f          	j	2004554a <_etext+0x32032>
20012e28:	7469                	lui	s0,0xffffa
20012e2a:	6369                	lui	t1,0x1a
20012e2c:	6c61206f          	j	200254f2 <_etext+0x11fda>
20012e30:	6920                	.2byte	0x6920
20012e32:	696e                	.2byte	0x696e
20012e34:	6c616963          	bltu	sp,t1,20013506 <__sf_fake_stdin+0xa6>
20012e38:	7a69                	lui	s4,0xffffa
20012e3a:	7261                	lui	tp,0xffff8
20012e3c:	5320                	lw	s0,96(a4)
20012e3e:	4950                	lw	a2,20(a0)
20012e40:	4620                	lw	s0,72(a2)
20012e42:	616c                	.2byte	0x616c
20012e44:	002e6873          	csrrsi	a6,frm,28
20012e48:	7245                	lui	tp,0xffff1
20012e4a:	6f72                	.2byte	0x6f72
20012e4c:	2072                	.2byte	0x2072
20012e4e:	6564                	.2byte	0x6564
20012e50:	6820                	.2byte	0x6820
20012e52:	7261                	lui	tp,0xffff8
20012e54:	7764                	.2byte	0x7764
20012e56:	7261                	lui	tp,0xffff8
20012e58:	2065                	jal	20012f00 <_read_r+0x2f8>
20012e5a:	6c61                	lui	s8,0x18
20012e5c:	6c20                	.2byte	0x6c20
20012e5e:	6565                	lui	a0,0x19
20012e60:	2072                	.2byte	0x2072
20012e62:	616c                	.2byte	0x616c
20012e64:	6320                	.2byte	0x6320
20012e66:	6261                	lui	tp,0x18
20012e68:	6365                	lui	t1,0x19
20012e6a:	7265                	lui	tp,0xffff9
20012e6c:	2061                	jal	20012ef4 <_read_r+0x2ec>
20012e6e:	6564                	.2byte	0x6564
20012e70:	206c                	.2byte	0x206c
20012e72:	5346                	lw	t1,112(sp)
20012e74:	4c42                	lw	s8,16(sp)
20012e76:	6420                	.2byte	0x6420
20012e78:	2065                	jal	20012f20 <_read_r+0x318>
20012e7a:	616c                	.2byte	0x616c
20012e7c:	4620                	lw	s0,72(a2)
20012e7e:	616c                	.2byte	0x616c
20012e80:	002e6873          	csrrsi	a6,frm,28
20012e84:	42535a5b          	.4byte	0x42535a5b
20012e88:	5d4c                	lw	a1,60(a0)
20012e8a:	4320                	lw	s0,64(a4)
20012e8c:	6261                	lui	tp,0x18
20012e8e:	6365                	lui	t1,0x19
20012e90:	7265                	lui	tp,0xffff9
20012e92:	2061                	jal	20012f1a <_read_r+0x312>
20012e94:	656c                	.2byte	0x656c
20012e96:	6469                	lui	s0,0x1a
20012e98:	2e61                	jal	20013230 <_read_r+0x628>
20012e9a:	5420                	lw	s0,104(s0)
20012e9c:	6d61                	lui	s10,0x18
20012e9e:	c361                	beqz	a4,20012f5e <_read_r+0x356>
20012ea0:	6fb1                	lui	t6,0xc
20012ea2:	7420                	.2byte	0x7420
20012ea4:	6c61746f          	jal	s0,2002a56a <_etext+0x17052>
20012ea8:	4620                	lw	s0,72(a2)
20012eaa:	3a4c4253          	.4byte	0x3a4c4253
20012eae:	2520                	.2byte	0x2520
20012eb0:	2064                	.2byte	0x2064
20012eb2:	7962                	.2byte	0x7962
20012eb4:	6574                	.2byte	0x6574
20012eb6:	000a2e73          	csrrs	t3,ustatus,s4
20012eba:	0000                	unimp
20012ebc:	42535a5b          	.4byte	0x42535a5b
20012ec0:	5d4c                	lw	a1,60(a0)
20012ec2:	4c20                	lw	s0,88(s0)
20012ec4:	7965                	lui	s2,0xffff9
20012ec6:	6e65                	lui	t3,0x19
20012ec8:	6f64                	.2byte	0x6f64
20012eca:	6d20                	.2byte	0x6d20
20012ecc:	7465                	lui	s0,0xffff9
20012ece:	6461                	lui	s0,0x18
20012ed0:	7461                	lui	s0,0xffff8
20012ed2:	6420736f          	jal	t1,2001a514 <_etext+0x6ffc>
20012ed6:	2065                	jal	20012f7e <_read_r+0x376>
20012ed8:	7561                	lui	a0,0xffff8
20012eda:	6574                	.2byte	0x6574
20012edc:	746e                	.2byte	0x746e
20012ede:	6369                	lui	t1,0x1a
20012ee0:	6361                	lui	t1,0x18
20012ee2:	6f69                	lui	t5,0x1a
20012ee4:	206e                	.2byte	0x206e
20012ee6:	5028                	lw	a0,96(s0)
20012ee8:	202b204b          	.4byte	0x202b204b
20012eec:	6946                	.2byte	0x6946
20012eee:	6d72                	.2byte	0x6d72
20012ef0:	2c61                	jal	20013188 <_read_r+0x580>
20012ef2:	3420                	.2byte	0x3420
20012ef4:	3338                	.2byte	0x3338
20012ef6:	2036                	.2byte	0x2036
20012ef8:	7962                	.2byte	0x7962
20012efa:	6574                	.2byte	0x6574
20012efc:	2e2e2973          	csrrs	s2,0x2e2,t3
20012f00:	002e                	c.slli	zero,0xb
20012f02:	0000                	unimp
20012f04:	7245                	lui	tp,0xffff1
20012f06:	6f72                	.2byte	0x6f72
20012f08:	2072                	.2byte	0x2072
20012f0a:	6564                	.2byte	0x6564
20012f0c:	6820                	.2byte	0x6820
20012f0e:	7261                	lui	tp,0xffff8
20012f10:	7764                	.2byte	0x7764
20012f12:	7261                	lui	tp,0xffff8
20012f14:	2065                	jal	20012fbc <_read_r+0x3b4>
20012f16:	6c61                	lui	s8,0x18
20012f18:	6c20                	.2byte	0x6c20
20012f1a:	6565                	lui	a0,0x19
20012f1c:	2072                	.2byte	0x2072
20012f1e:	656d                	lui	a0,0x1b
20012f20:	6174                	.2byte	0x6174
20012f22:	6164                	.2byte	0x6164
20012f24:	6f74                	.2byte	0x6f74
20012f26:	65642073          	csrs	0x656,s0
20012f2a:	6120                	.2byte	0x6120
20012f2c:	7475                	lui	s0,0xffffd
20012f2e:	6e65                	lui	t3,0x19
20012f30:	6974                	.2byte	0x6974
20012f32:	69636163          	bltu	t1,s6,200135b4 <_etext+0x9c>
20012f36:	002e6e6f          	jal	t3,200f8f38 <_etext+0xe5a20>
20012f3a:	0000                	unimp
20012f3c:	42535a5b          	.4byte	0x42535a5b
20012f40:	5d4c                	lw	a1,60(a0)
20012f42:	4c20                	lw	s0,88(s0)
20012f44:	7965                	lui	s2,0xffff9
20012f46:	6e65                	lui	t3,0x19
20012f48:	6f64                	.2byte	0x6f64
20012f4a:	5020                	lw	s0,96(s0)
20012f4c:	7961                	lui	s2,0xffff8
20012f4e:	6f6c                	.2byte	0x6f6c
20012f50:	6461                	lui	s0,0x18
20012f52:	6420                	.2byte	0x6420
20012f54:	7269                	lui	tp,0xffffa
20012f56:	6365                	lui	t1,0x19
20012f58:	6174                	.2byte	0x6174
20012f5a:	656d                	lui	a0,0x1b
20012f5c:	746e                	.2byte	0x746e
20012f5e:	2065                	jal	20013006 <_read_r+0x3fe>
20012f60:	2061                	jal	20012fe8 <_read_r+0x3e0>
20012f62:	7830                	.2byte	0x7830
20012f64:	3025                	jal	2001278c <_printf_i+0x16>
20012f66:	5838                	lw	a4,112(s0)
20012f68:	2820                	.2byte	0x2820
20012f6a:	6425                	lui	s0,0x9
20012f6c:	6220                	.2byte	0x6220
20012f6e:	7479                	lui	s0,0xffffe
20012f70:	7365                	lui	t1,0xffff9
20012f72:	2e29                	jal	2001328c <_read_r+0x684>
20012f74:	2e2e                	.2byte	0x2e2e
20012f76:	000a                	c.slli	zero,0x2
20012f78:	7245                	lui	tp,0xffff1
20012f7a:	6f72                	.2byte	0x6f72
20012f7c:	2072                	.2byte	0x2072
20012f7e:	6564                	.2byte	0x6564
20012f80:	6820                	.2byte	0x6820
20012f82:	7261                	lui	tp,0xffff8
20012f84:	7764                	.2byte	0x7764
20012f86:	7261                	lui	tp,0xffff8
20012f88:	2065                	jal	20013030 <_read_r+0x428>
20012f8a:	6c61                	lui	s8,0x18
20012f8c:	6c20                	.2byte	0x6c20
20012f8e:	6565                	lui	a0,0x19
20012f90:	2072                	.2byte	0x2072
20012f92:	6170                	.2byte	0x6170
20012f94:	6c79                	lui	s8,0x1e
20012f96:	2064616f          	jal	sp,2005919c <_etext+0x45c84>
20012f9a:	6564                	.2byte	0x6564
20012f9c:	206c                	.2byte	0x206c
20012f9e:	5346                	lw	t1,112(sp)
20012fa0:	4c42                	lw	s8,16(sp)
20012fa2:	6420                	.2byte	0x6420
20012fa4:	2065                	jal	2001304c <_read_r+0x444>
20012fa6:	616c                	.2byte	0x616c
20012fa8:	4620                	lw	s0,72(a2)
20012faa:	616c                	.2byte	0x616c
20012fac:	002e6873          	csrrsi	a6,frm,28
20012fb0:	42535a5b          	.4byte	0x42535a5b
20012fb4:	5d4c                	lw	a1,60(a0)
20012fb6:	4420                	lw	s0,72(s0)
20012fb8:	7365                	lui	t1,0xffff9
20012fba:	67726163          	bltu	tp,s7,2001361c <_etext+0x104>
20012fbe:	2061                	jal	20013046 <_read_r+0x43e>
20012fc0:	706d6f63          	bltu	s10,t1,200136de <_etext+0x1c6>
20012fc4:	656c                	.2byte	0x656c
20012fc6:	6174                	.2byte	0x6174
20012fc8:	6164                	.2byte	0x6164
20012fca:	002e                	c.slli	zero,0xb
20012fcc:	5b0a                	lw	s6,160(sp)
20012fce:	4544                	lw	s1,12(a0)
20012fd0:	5542                	lw	a0,48(sp)
20012fd2:	56205d47          	.4byte	0x56205d47
20012fd6:	61636c6f          	jal	s8,200495ec <_etext+0x360d4>
20012fda:	6f64                	.2byte	0x6f64
20012fdc:	6420                	.2byte	0x6420
20012fde:	2065                	jal	20013086 <_read_r+0x47e>
20012fe0:	6f6c                	.2byte	0x6f6c
20012fe2:	72702073          	csrr	zero,mhpmevent7h
20012fe6:	6d69                	lui	s10,0x1a
20012fe8:	7265                	lui	tp,0xffff9
20012fea:	3120736f          	jal	t1,2001a2fc <_etext+0x6de4>
20012fee:	2036                	.2byte	0x2036
20012ff0:	7962                	.2byte	0x7962
20012ff2:	6574                	.2byte	0x6574
20012ff4:	43282073          	csrs	0x432,a6
20012ff8:	616c                	.2byte	0x616c
20012ffa:	6576                	.2byte	0x6576
20012ffc:	5020                	lw	s0,96(s0)
20012ffe:	6275                	lui	tp,0x1d
20013000:	696c                	.2byte	0x696c
20013002:	52206163          	bltu	zero,sp,20013524 <_etext+0xc>
20013006:	3a29546f          	jal	s0,200a83a8 <_etext+0x94e90>
2001300a:	0000                	unimp
2001300c:	3025                	jal	20012834 <_printf_i+0xbe>
2001300e:	5832                	lw	a6,44(sp)
20013010:	0020                	addi	s0,sp,8
20013012:	0000                	unimp
20013014:	42535a5b          	.4byte	0x42535a5b
20013018:	5d4c                	lw	a1,60(a0)
2001301a:	5620                	lw	s0,104(a2)
2001301c:	6c61                	lui	s8,0x18
2001301e:	6469                	lui	s0,0x1a
20013020:	6e61                	lui	t3,0x18
20013022:	6f64                	.2byte	0x6f64
20013024:	4320                	lw	s0,64(a4)
20013026:	616c                	.2byte	0x616c
20013028:	6576                	.2byte	0x6576
2001302a:	5020                	lw	s0,96(s0)
2001302c:	6275                	lui	tp,0x1d
2001302e:	696c                	.2byte	0x696c
20013030:	28206163          	bltu	zero,sp,200132b2 <_read_r+0x6aa>
20013034:	6f52                	.2byte	0x6f52
20013036:	5054                	lw	a3,36(s0)
20013038:	6320294b          	.4byte	0x6320294b
2001303c:	72746e6f          	jal	t3,20059f62 <_etext+0x46a4a>
20013040:	2061                	jal	200130c8 <_read_r+0x4c0>
20013042:	4665                	li	a2,25
20013044:	7375                	lui	t1,0xffffd
20013046:	7365                	lui	t1,0xffff9
20013048:	7020                	.2byte	0x7020
2001304a:	4820726f          	jal	tp,2001a4cc <_etext+0x6fb4>
2001304e:	7261                	lui	tp,0xffff8
20013050:	7764                	.2byte	0x7764
20013052:	7261                	lui	tp,0xffff8
20013054:	2e65                	jal	2001340c <_read_r+0x804>
20013056:	2e2e                	.2byte	0x2e2e
20013058:	0000                	unimp
2001305a:	0000                	unimp
2001305c:	4245445b          	.4byte	0x4245445b
20013060:	4755                	li	a4,21
20013062:	205d                	jal	20013108 <_read_r+0x500>
20013064:	6f56                	.2byte	0x6f56
20013066:	636c                	.2byte	0x636c
20013068:	6461                	lui	s0,0x18
2001306a:	6564206f          	j	200556c0 <_etext+0x421a8>
2001306e:	6c20                	.2byte	0x6c20
20013070:	2061                	jal	200130f8 <_read_r+0x4f0>
20013072:	4f52                	lw	t5,20(sp)
20013074:	204d                	jal	20013116 <_read_r+0x50e>
20013076:	6f52                	.2byte	0x6f52
20013078:	5054                	lw	a3,36(s0)
2001307a:	00003a4b          	.4byte	0x3a4b
2001307e:	0000                	unimp
20013080:	3025                	jal	200128a8 <_printf_i+0x132>
20013082:	5838                	lw	a4,112(s0)
20013084:	0020                	addi	s0,sp,8
20013086:	0000                	unimp
20013088:	6f52                	.2byte	0x6f52
2001308a:	5054                	lw	a3,36(s0)
2001308c:	6e49204b          	.4byte	0x6e49204b
20013090:	6176                	.2byte	0x6176
20013092:	696c                	.2byte	0x696c
20013094:	6164                	.2byte	0x6164
20013096:	203a                	.2byte	0x203a
20013098:	614c                	.2byte	0x614c
2001309a:	6320                	.2byte	0x6320
2001309c:	616c                	.2byte	0x616c
2001309e:	6576                	.2byte	0x6576
200130a0:	7020                	.2byte	0x7020
200130a2:	6275                	lui	tp,0x1d
200130a4:	696c                	.2byte	0x696c
200130a6:	64206163          	bltu	zero,sp,200136e8 <_etext+0x1d0>
200130aa:	2065                	jal	20013152 <_read_r+0x54a>
200130ac:	616c                	.2byte	0x616c
200130ae:	4620                	lw	s0,72(a2)
200130b0:	616c                	.2byte	0x616c
200130b2:	6e206873          	csrrsi	a6,0x6e2,0
200130b6:	6f63206f          	j	200457ac <_etext+0x32294>
200130ba:	6e69                	lui	t3,0x1a
200130bc:	65646963          	bltu	s0,s6,2001370e <_etext+0x1f6>
200130c0:	6320                	.2byte	0x6320
200130c2:	65206e6f          	jal	t3,20019714 <_etext+0x61fc>
200130c6:	206c                	.2byte	0x206c
200130c8:	6f52                	.2byte	0x6f52
200130ca:	6f20746f          	jal	s0,2001a7bc <_etext+0x72a4>
200130ce:	2066                	.2byte	0x2066
200130d0:	7254                	.2byte	0x7254
200130d2:	7375                	lui	t1,0xffffd
200130d4:	2074                	.2byte	0x2074
200130d6:	4f28                	lw	a0,88(a4)
200130d8:	5054                	lw	a3,36(s0)
200130da:	2e29                	jal	200133f4 <_read_r+0x7ec>
200130dc:	0000                	unimp
200130de:	0000                	unimp
200130e0:	42535a5b          	.4byte	0x42535a5b
200130e4:	5d4c                	lw	a1,60(a0)
200130e6:	4320                	lw	s0,64(a4)
200130e8:	616c                	.2byte	0x616c
200130ea:	6576                	.2byte	0x6576
200130ec:	5020                	lw	s0,96(s0)
200130ee:	6275                	lui	tp,0x1d
200130f0:	696c                	.2byte	0x696c
200130f2:	64206163          	bltu	zero,sp,20013734 <_etext+0x21c>
200130f6:	2065                	jal	2001319e <_read_r+0x596>
200130f8:	6f52                	.2byte	0x6f52
200130fa:	2054                	.2byte	0x2054
200130fc:	5541                	li	a0,-16
200130fe:	4554                	lw	a3,12(a0)
20013100:	544e                	lw	s0,240(sp)
20013102:	4349                	li	t1,18
20013104:	4441                	li	s0,16
20013106:	2041                	jal	20013186 <_read_r+0x57e>
20013108:	206e6f63          	bltu	t3,t1,20013326 <_read_r+0x71e>
2001310c:	7865                	lui	a6,0xffff9
2001310e:	7469                	lui	s0,0xffffa
20013110:	00002e6f          	jal	t3,20015110 <_etext+0x1bf8>
20013114:	42535a5b          	.4byte	0x42535a5b
20013118:	5d4c                	lw	a1,60(a0)
2001311a:	4320                	lw	s0,64(a4)
2001311c:	69666e6f          	jal	t3,200797b2 <_etext+0x6629a>
20013120:	61727567          	.4byte	0x61727567
20013124:	646e                	.2byte	0x646e
20013126:	6341206f          	j	2002575a <_etext+0x12242>
2001312a:	6c65                	lui	s8,0x19
2001312c:	7265                	lui	tp,0xffff9
2001312e:	6461                	lui	s0,0x18
20013130:	4820726f          	jal	tp,2001a5b2 <_etext+0x709a>
20013134:	7261                	lui	tp,0xffff8
20013136:	7764                	.2byte	0x7764
20013138:	7261                	lui	tp,0xffff8
2001313a:	2065                	jal	200131e2 <_read_r+0x5da>
2001313c:	6170                	.2byte	0x6170
2001313e:	6172                	.2byte	0x6172
20013140:	7620                	.2byte	0x7620
20013142:	7265                	lui	tp,0xffff9
20013144:	6669                	lui	a2,0x1a
20013146:	6369                	lui	t1,0x1a
20013148:	6361                	lui	t1,0x18
2001314a:	6f69                	lui	t5,0x1a
2001314c:	206e                	.2byte	0x206e
2001314e:	6564                	.2byte	0x6564
20013150:	6620                	.2byte	0x6620
20013152:	7269                	lui	tp,0xffffa
20013154:	616d                	addi	sp,sp,240
20013156:	2e2e                	.2byte	0x2e2e
20013158:	002e                	c.slli	zero,0xb
2001315a:	0000                	unimp
2001315c:	42535a5b          	.4byte	0x42535a5b
20013160:	5d4c                	lw	a1,60(a0)
20013162:	4520                	lw	s0,72(a0)
20013164:	656a                	.2byte	0x656a
20013166:	61747563          	bgeu	s0,s7,20013770 <_etext+0x258>
2001316a:	646e                	.2byte	0x646e
2001316c:	6576206f          	j	20075fc2 <_etext+0x62aaa>
20013170:	6972                	.2byte	0x6972
20013172:	6966                	.2byte	0x6966
20013174:	69636163          	bltu	t1,s6,200137f6 <_etext+0x2de>
20013178:	63206e6f          	jal	t3,200197aa <_etext+0x6292>
2001317c:	6972                	.2byte	0x6972
2001317e:	7470                	.2byte	0x7470
20013180:	6172676f          	jal	a4,20039f96 <_etext+0x26a7e>
20013184:	6966                	.2byte	0x6966
20013186:	58206163          	bltu	zero,sp,20013708 <_etext+0x1f0>
2001318a:	534d                	li	t1,-13
2001318c:	65642053          	.4byte	0x65642053
20013190:	206c                	.2byte	0x206c
20013192:	5346                	lw	t1,112(sp)
20013194:	4c42                	lw	s8,16(sp)
20013196:	7020                	.2byte	0x7020
20013198:	4820726f          	jal	tp,2001a61a <_etext+0x7102>
2001319c:	7261                	lui	tp,0xffff8
2001319e:	7764                	.2byte	0x7764
200131a0:	7261                	lui	tp,0xffff8
200131a2:	2e65                	jal	2001355a <_etext+0x42>
200131a4:	2e2e                	.2byte	0x2e2e
200131a6:	0000                	unimp
200131a8:	4245445b          	.4byte	0x4245445b
200131ac:	4755                	li	a4,21
200131ae:	205d                	jal	20013254 <_read_r+0x64c>
200131b0:	69646f43          	.4byte	0x69646f43
200131b4:	64206f67          	.4byte	0x64206f67
200131b8:	2065                	jal	20013260 <_read_r+0x658>
200131ba:	7365                	lui	t1,0xffff9
200131bc:	6174                	.2byte	0x6174
200131be:	6f64                	.2byte	0x6f64
200131c0:	6420                	.2byte	0x6420
200131c2:	7665                	lui	a2,0xffff9
200131c4:	6575                	lui	a0,0x1d
200131c6:	746c                	.2byte	0x746c
200131c8:	6f70206f          	j	200160be <_etext+0x2ba6>
200131cc:	2072                	.2byte	0x2072
200131ce:	5748                	lw	a0,44(a4)
200131d0:	203a                	.2byte	0x203a
200131d2:	7830                	.2byte	0x7830
200131d4:	3025                	jal	200129fc <_putc_r+0x6>
200131d6:	5838                	lw	a4,112(s0)
200131d8:	2820                	.2byte	0x2820
200131da:	6176                	.2byte	0x6176
200131dc:	696c                	.2byte	0x696c
200131de:	5f64                	lw	s1,124(a4)
200131e0:	65646f63          	bltu	s0,s6,2001383e <_etext+0x326>
200131e4:	303d                	jal	20012a12 <_putc_r+0x1c>
200131e6:	2578                	.2byte	0x2578
200131e8:	3430                	.2byte	0x3430
200131ea:	2958                	.2byte	0x2958
200131ec:	000a                	c.slli	zero,0x2
200131ee:	0000                	unimp
200131f0:	6946                	.2byte	0x6946
200131f2:	6d72                	.2byte	0x6d72
200131f4:	2061                	jal	2001327c <_read_r+0x674>
200131f6:	4d58                	lw	a4,28(a0)
200131f8:	64205353          	.4byte	0x64205353
200131fc:	6c65                	lui	s8,0x19
200131fe:	4620                	lw	s0,72(a2)
20013200:	204c4253          	.4byte	0x204c4253
20013204:	6e49                	lui	t3,0x12
20013206:	6176                	.2byte	0x6176
20013208:	696c                	.2byte	0x696c
2001320a:	6164                	.2byte	0x6164
2001320c:	6f20                	.2byte	0x6f20
2001320e:	4220                	lw	s0,64(a2)
20013210:	6e69                	lui	t3,0x1a
20013212:	7261                	lui	tp,0xffff8
20013214:	6f69                	lui	t5,0x1a
20013216:	4320                	lw	s0,64(a4)
20013218:	7572726f          	jal	tp,2003b16e <_etext+0x27c56>
2001321c:	7470                	.2byte	0x7470
2001321e:	00002e6f          	jal	t3,2001521e <_etext+0x1d06>
20013222:	0000                	unimp
20013224:	42535a5b          	.4byte	0x42535a5b
20013228:	5d4c                	lw	a1,60(a0)
2001322a:	4520                	lw	s0,72(a0)
2001322c:	6978                	.2byte	0x6978
2001322e:	6f74                	.2byte	0x6f74
20013230:	203a                	.2byte	0x203a
20013232:	6946                	.2byte	0x6946
20013234:	6d72                	.2byte	0x6d72
20013236:	2061                	jal	200132be <_read_r+0x6b6>
20013238:	6564                	.2byte	0x6564
2001323a:	206c                	.2byte	0x206c
2001323c:	5346                	lw	t1,112(sp)
2001323e:	4c42                	lw	s8,16(sp)
20013240:	7620                	.2byte	0x7620
20013242:	6c61                	lui	s8,0x18
20013244:	6469                	lui	s0,0x1a
20013246:	6461                	lui	s0,0x18
20013248:	2061                	jal	200132d0 <_read_r+0x6c8>
2001324a:	72726f63          	bltu	tp,t2,20013988 <_etext+0x470>
2001324e:	6365                	lui	t1,0x19
20013250:	6174                	.2byte	0x6174
20013252:	656d                	lui	a0,0x1b
20013254:	746e                	.2byte	0x746e
20013256:	2065                	jal	200132fe <_read_r+0x6f6>
20013258:	6f70                	.2byte	0x6f70
2001325a:	2072                	.2byte	0x2072
2001325c:	5748                	lw	a0,44(a4)
2001325e:	002e                	c.slli	zero,0xb
20013260:	42535a5b          	.4byte	0x42535a5b
20013264:	5d4c                	lw	a1,60(a0)
20013266:	5020                	lw	s0,96(s0)
20013268:	6572                	.2byte	0x6572
2001326a:	6170                	.2byte	0x6170
2001326c:	6172                	.2byte	0x6172
2001326e:	646e                	.2byte	0x646e
20013270:	6173206f          	j	20046086 <_etext+0x32b6e>
20013274:	746c                	.2byte	0x746c
20013276:	2061206f          	j	2002547c <_etext+0x11f64>
2001327a:	5346                	lw	t1,112(sp)
2001327c:	4c42                	lw	s8,16(sp)
2001327e:	2820                	.2byte	0x2820
20013280:	7445                	lui	s0,0xffff1
20013282:	7061                	c.lui	zero,0xffff8
20013284:	2061                	jal	2001330c <_read_r+0x704>
20013286:	2931                	jal	200136a2 <_etext+0x18a>
20013288:	2e2e                	.2byte	0x2e2e
2001328a:	002e                	c.slli	zero,0xb
2001328c:	42535a5b          	.4byte	0x42535a5b
20013290:	5d4c                	lw	a1,60(a0)
20013292:	3d20                	.2byte	0x3d20
20013294:	3d3d                	jal	200130d2 <_read_r+0x4ca>
20013296:	5320                	lw	s0,96(a4)
20013298:	4c41                	li	s8,16
2001329a:	4154                	lw	a3,4(a0)
2001329c:	444e                	lw	s0,208(sp)
2001329e:	2041204f          	.4byte	0x2041204f
200132a2:	5346                	lw	t1,112(sp)
200132a4:	4c42                	lw	s8,16(sp)
200132a6:	2820                	.2byte	0x2820
200132a8:	7830                	.2byte	0x7830
200132aa:	3030                	.2byte	0x3030
200132ac:	3030                	.2byte	0x3030
200132ae:	3130                	.2byte	0x3130
200132b0:	3038                	.2byte	0x3038
200132b2:	2029                	jal	200132bc <_read_r+0x6b4>
200132b4:	3d3d                	jal	200130f2 <_read_r+0x4ea>
200132b6:	0a3d                	addi	s4,s4,15 # ffffa00f <_etext+0xdffe6af7>
200132b8:	0000                	unimp
200132ba:	0000                	unimp
200132bc:	544d                	li	s0,-13
200132be:	4156                	lw	sp,84(sp)
200132c0:	204c                	.2byte	0x204c
200132c2:	6176                	.2byte	0x6176
200132c4:	756c                	.2byte	0x756c
200132c6:	2065                	jal	2001336e <_read_r+0x766>
200132c8:	7369                	lui	t1,0xffffa
200132ca:	0020                	addi	s0,sp,8
200132cc:	74666f53          	.4byte	0x74666f53
200132d0:	65726177          	.4byte	0x65726177
200132d4:	4920                	lw	s0,80(a0)
200132d6:	5152                	lw	sp,52(sp)
200132d8:	7420                	.2byte	0x7420
200132da:	6972                	.2byte	0x6972
200132dc:	72656767          	.4byte	0x72656767
200132e0:	6465                	lui	s0,0x19
200132e2:	0a21                	addi	s4,s4,8
200132e4:	0000                	unimp
200132e6:	0000                	unimp
200132e8:	6954                	.2byte	0x6954
200132ea:	656d                	lui	a0,0x1b
200132ec:	2072                	.2byte	0x2072
200132ee:	5249                	li	tp,-14
200132f0:	2051                	jal	20013374 <_read_r+0x76c>
200132f2:	7274                	.2byte	0x7274
200132f4:	6769                	lui	a4,0x1a
200132f6:	65726567          	.4byte	0x65726567
200132fa:	2164                	.2byte	0x2164
200132fc:	000a                	c.slli	zero,0x2
200132fe:	0000                	unimp
20013300:	7845                	lui	a6,0xffff1
20013302:	6574                	.2byte	0x6574
20013304:	6e72                	.2byte	0x6e72
20013306:	6c61                	lui	s8,0x18
20013308:	4920                	lw	s0,80(a0)
2001330a:	5152                	lw	sp,52(sp)
2001330c:	7420                	.2byte	0x7420
2001330e:	6972                	.2byte	0x6972
20013310:	72656767          	.4byte	0x72656767
20013314:	6465                	lui	s0,0x19
20013316:	0a21                	addi	s4,s4,8
20013318:	0000                	unimp
2001331a:	0000                	unimp
2001331c:	6e49                	lui	t3,0x12
2001331e:	75727473          	csrrci	s0,0x757,4
20013322:	6f697463          	bgeu	s2,s6,20013a0a <_etext+0x4f2>
20013326:	206e                	.2byte	0x206e
20013328:	6361                	lui	t1,0x18
2001332a:	73736563          	bltu	t1,s7,20013a54 <_etext+0x53c>
2001332e:	6620                	.2byte	0x6620
20013330:	7561                	lui	a0,0xffff8
20013332:	746c                	.2byte	0x746c
20013334:	202c                	.2byte	0x202c
20013336:	746d                	lui	s0,0xffffb
20013338:	6176                	.2byte	0x6176
2001333a:	206c                	.2byte	0x206c
2001333c:	776f6873          	csrrsi	a6,0x776,30
20013340:	61662073          	csrs	0x616,a2
20013344:	6c75                	lui	s8,0x1d
20013346:	2074                	.2byte	0x2074
20013348:	6461                	lui	s0,0x18
2001334a:	7264                	.2byte	0x7264
2001334c:	7365                	lui	t1,0xffff9
2001334e:	00000a73          	.4byte	0xa73
20013352:	0000                	unimp
20013354:	6c49                	lui	s8,0x12
20013356:	656c                	.2byte	0x656c
20013358:	206c6167          	.4byte	0x206c6167
2001335c:	6e49                	lui	t3,0x12
2001335e:	75727473          	csrrci	s0,0x757,4
20013362:	6f697463          	bgeu	s2,s6,20013a4a <_etext+0x532>
20013366:	206e                	.2byte	0x206e
20013368:	6166                	.2byte	0x6166
2001336a:	6c75                	lui	s8,0x1d
2001336c:	2c74                	.2byte	0x2c74
2001336e:	6d20                	.2byte	0x6d20
20013370:	7674                	.2byte	0x7674
20013372:	6c61                	lui	s8,0x18
20013374:	7320                	.2byte	0x7320
20013376:	6f68                	.2byte	0x6f68
20013378:	69207377          	.4byte	0x69207377
2001337c:	736e                	.2byte	0x736e
2001337e:	7274                	.2byte	0x7274
20013380:	6375                	lui	t1,0x1d
20013382:	6974                	.2byte	0x6974
20013384:	63206e6f          	jal	t3,200199b6 <_etext+0x649e>
20013388:	65746e6f          	jal	t3,2005a1de <_etext+0x46cc6>
2001338c:	746e                	.2byte	0x746e
2001338e:	000a                	c.slli	zero,0x2
20013390:	7242                	.2byte	0x7242
20013392:	6165                	addi	sp,sp,112
20013394:	696f706b          	.4byte	0x696f706b
20013398:	746e                	.2byte	0x746e
2001339a:	7420                	.2byte	0x7420
2001339c:	6972                	.2byte	0x6972
2001339e:	72656767          	.4byte	0x72656767
200133a2:	2c64                	.2byte	0x2c64
200133a4:	6d20                	.2byte	0x6d20
200133a6:	7674                	.2byte	0x7674
200133a8:	6c61                	lui	s8,0x18
200133aa:	7320                	.2byte	0x7320
200133ac:	6f68                	.2byte	0x6f68
200133ae:	74207377          	.4byte	0x74207377
200133b2:	6568                	.2byte	0x6568
200133b4:	6220                	.2byte	0x6220
200133b6:	6572                	.2byte	0x6572
200133b8:	6b61                	lui	s6,0x18
200133ba:	6f70                	.2byte	0x6f70
200133bc:	6e69                	lui	t3,0x1a
200133be:	2074                	.2byte	0x2074
200133c0:	6461                	lui	s0,0x18
200133c2:	7264                	.2byte	0x7264
200133c4:	7365                	lui	t1,0xffff9
200133c6:	00000a73          	.4byte	0xa73
200133ca:	0000                	unimp
200133cc:	6f4c                	.2byte	0x6f4c
200133ce:	6461                	lui	s0,0x18
200133d0:	6f74532f          	.4byte	0x6f74532f
200133d4:	6572                	.2byte	0x6572
200133d6:	6620                	.2byte	0x6620
200133d8:	7561                	lui	a0,0xffff8
200133da:	746c                	.2byte	0x746c
200133dc:	202c                	.2byte	0x202c
200133de:	746d                	lui	s0,0xffffb
200133e0:	6176                	.2byte	0x6176
200133e2:	206c                	.2byte	0x206c
200133e4:	776f6873          	csrrsi	a6,0x776,30
200133e8:	68742073          	csrs	0x687,s0
200133ec:	2065                	jal	20013494 <__sf_fake_stdin+0x34>
200133ee:	6166                	.2byte	0x6166
200133f0:	6c75                	lui	s8,0x1d
200133f2:	2074                	.2byte	0x2074
200133f4:	6461                	lui	s0,0x18
200133f6:	7264                	.2byte	0x7264
200133f8:	7365                	lui	t1,0xffff9
200133fa:	00000a73          	.4byte	0xa73
200133fe:	0000                	unimp
20013400:	6e45                	lui	t3,0x11
20013402:	6976                	.2byte	0x6976
20013404:	6f72                	.2byte	0x6f72
20013406:	6d6e                	.2byte	0x6d6e
20013408:	6e65                	lui	t3,0x19
2001340a:	2074                	.2byte	0x2074
2001340c:	6c6c6163          	bltu	s8,t1,20013ace <_etext+0x5b6>
20013410:	6520                	.2byte	0x6520
20013412:	636e                	.2byte	0x636e
20013414:	746e756f          	jal	a0,200fab5a <_etext+0xe7642>
20013418:	7265                	lui	tp,0xffff9
2001341a:	6465                	lui	s0,0x19
2001341c:	000a                	c.slli	zero,0x2
	...

20013420 <__sf_fake_stderr>:
	...

20013440 <__sf_fake_stdout>:
	...

20013460 <__sf_fake_stdin>:
	...
20013480:	2d23 2b30 0020 0000 6c68 004c 6665 4567     #-0+ ...hlL.efgE
20013490:	4746 0000 3130 3332 3534 3736 3938 4241     FG..0123456789AB
200134a0:	4443 4645 0000 0000 3130 3332 3534 3736     CDEF....01234567
200134b0:	3938 6261 6463 6665 0000 0000 27dc 2001     89abcdef.....'. 
200134c0:	27f2 2001 27b4 2001 27b4 2001 27b4 2001     .'. .'. .'. .'. 
200134d0:	27b4 2001 27f2 2001 27b4 2001 27b4 2001     .'. .'. .'. .'. 
200134e0:	27b4 2001 27b4 2001 295a 2001 285a 2001     .'. .'. Z). Z(. 
200134f0:	28f0 2001 27b4 2001 27b4 2001 298a 2001     .(. .'. .'. .). 
20013500:	27b4 2001 285a 2001 27b4 2001 27b4 2001     .'. Z(. .'. .'. 
20013510:	28f8 2001                                   .(. 

20013514 <_global_impure_ptr>:
20013514:	00d8 0002                                   ....
